"","logFC_D1","sig_D1","logFC_D2","sig_D2","logFC_D3","sig_D3","logFC_D4","sig_D4","logFC_D5","sig_D5","logFC_D6","sig_D6","logFC_D10","sig_D10","logFC_D13","sig_D13","logFC_D17","sig_D17"
"ENST00000428771",-4.6715696991857,"not",-5.66037718009177,"not",5.14637935156551,"not",5.60625144358925,"not",5.02147184504822,"not",7.45638723808244,"up",11.7676601293706,"up",12.1762274397999,"up",11.9275524986702,"up"
"ENST00000304952",-7.33932967136832,"not",-8.34404506428774,"not",1.97943951801748,"not",3.26992626815079,"not",2.78738237127536,"not",4.72080425350851,"not",9.4589922266799,"up",10.2306313170576,"up",10.1600310105279,"up"
"ENST00000309212",0,"not",0,"not",10.0357451019287,"up",10.8070682066968,"up",9.06781105471121,"up",12.066600763864,"up",15.5563790390516,"up",16.7450409437108,"up",16.6554831315619,"up"
"ENST00000427211",0,"not",0,"not",0,"not",0,"not",20.038671209248,"up",21.7562723163674,"up",22.9475275772171,"up",25.1468387450089,"up",25.989144618451,"up"
"ENST00000378453",0,"not",0,"not",0,"not",4.40343868121426,"not",5.75430139658247,"not",5.59251824269159,"not",15.7067993438967,"up",17.7114797762385,"up",17.3746832883755,"up"
"ENST00000377893",21.5586880391106,"up",0,"not",0,"not",0,"not",20.8425300627992,"up",0,"not",27.8678555799581,"up",28.2611319266262,"up",26.6492655404996,"up"
"ENST00000377845",-16.9046372679921,"not",-17.1551732845643,"not",-12.1466042521546,"not",-13.8082679596744,"not",-13.5711770637155,"not",10.0177441366463,"not",14.6317048297508,"up",15.0433592233913,"up",15.4149150158386,"up"
"ENST00000377507",-3.14288762326388,"not",-1.25984038508625,"not",-1.66255883221448,"not",0.852572758209051,"not",-2.5347969751523,"not",-1.6410409397007,"not",14.0971656074679,"up",14.0222323143663,"up",12.265615587165,"up"
"ENST00000461985",4.37533976731141,"not",3.90864312492266,"not",5.2228034385292,"not",2.50848648458485,"not",1.67353373585125,"not",-5.07075636325875,"not",-1.1299235026634,"not",-0.682370026174177,"not",-0.901980958331176,"not"
"ENST00000375071",3.52183018768724,"not",3.40664936875592,"not",5.07162368824262,"not",2.76352746117727,"not",1.60080815589942,"not",2.28474203158515,"not",-2.92957476287744,"not",-2.48202153083194,"not",-2.70163234304235,"not"
"ENST00000540617",-2.17237252454338,"not",0.0971107024764641,"not",2.90133712679046,"not",2.4048306373792,"not",3.19911554519843,"not",3.98992294028503,"not",-3.71699813471329,"not",-3.26944623063807,"not",-3.48905639122402,"not"
"ENST00000374392",0,"not",0,"not",0,"not",0,"not",0,"not",0,"not",26.1631438247884,"up",27.8247045506402,"up",28.188917274729,"up"
"ENST00000619836",-22.3836898122427,"down",-22.0219588137471,"down",-17.0451027240724,"down",0.560442465212975,"not",3.17155268538692,"not",5.48578007899961,"not",7.45184207186107,"not",8.81049017020237,"not",8.44952088647823,"not"
"ENST00000361157",3.264322231402,"not",-6.1198533193419,"not",-3.58213364386349,"not",-4.75707583200974,"not",-0.638949390256559,"not",4.49574998515246,"not",10.2991716115599,"up",12.6195191264743,"up",12.4520674016,"up"
"ENST00000271064",-23.4622776227285,"down",-22.9859018559557,"down",-18.9454607052492,"down",-20.5584703937119,"down",-20.493286998861,"down",-18.8935488809572,"down",6.29446602850845,"not",7.52666885414999,"not",9.08537330767234,"not"
"ENST00000373422",-22.2293023485552,"down",-22.1389475849864,"down",-17.4124017066515,"down",-19.6149953011246,"down",-19.3927725953666,"down",-17.3483275161628,"down",11.2408790360245,"not",8.86283372610267,"not",9.54331038357316,"not"
"ENST00000372573",0,"not",0,"not",12.9385347719748,"up",0,"not",0,"not",0,"not",18.4099198919101,"up",19.2500520218553,"up",18.8242804169922,"up"
"ENST00000271139",0,"not",0,"not",19.4702787288151,"up",0,"not",0,"not",0,"not",26.5370440023171,"up",25.3138106817666,"up",26.4867358530537,"up"
"ENST00000928916",1.71395017586441,"not",-2.70456054538036,"not",-2.51050287922518,"not",-1.68437992110058,"not",-3.84508283023464,"not",-1.47424961967484,"not",-20.1533253453868,"down",-18.8915480385523,"down",-19.4363839978305,"down"
"ENST00000928902",1.59194211481239,"not",-0.717316134969763,"not",2.05195578314127,"not",-0.224594929166736,"not",0.197607986705223,"not",1.91575964125895,"not",-20.1781644865604,"down",-18.876127637694,"down",2.95546443467547,"not"
"ENST00000371116",1.7055231315621,"not",-0.839047015623958,"not",0.198991159149463,"not",0.289617196143448,"not",-0.172471024042017,"not",-0.385682988782721,"not",-5.29495138972056,"down",-2.44828911555804,"not",-1.47737909956753,"not"
"ENST00000262348",9.5731337129383,"up",0,"not",14.5777437562602,"up",15.5389055513978,"up",16.3092821021387,"up",17.3284241107238,"up",21.2035965331361,"up",21.3913546417172,"up",20.90154640977,"up"
"ENST00000370976",0,"not",0,"not",0,"not",21.657010634931,"up",23.4680546420538,"up",23.855572442289,"up",27.2778959264158,"up",28.1647658062243,"up",25.8643338172599,"up"
"ENST00000354567",-23.6415300749728,"down",-24.2217760936292,"down",-18.4036140990393,"down",-20.8786221216901,"down",0.17321681511369,"not",-18.3398808014874,"down",5.87190688484029,"not",9.44877561111396,"not",9.2692896286829,"not"
"ENST00000330010",-23.4061903249332,"down",-22.5281786509728,"down",-20.0823712538371,"down",-21.2707404003508,"down",-21.3223133021506,"down",-3.79212651205443,"not",7.8783110893319,"not",8.0647159768979,"not",6.97973008347223,"not"
"ENST00000855565",0,"not",0,"not",0,"not",0,"not",0,"not",0,"not",28.2277279270119,"up",28.9661189226595,"up",25.207475874182,"up"
"ENST00000855569",0,"not",8.45782994770209,"not",0,"not",11.6688347308389,"up",12.964190152226,"up",12.0760885948666,"up",17.5351937555912,"up",16.8209445304541,"up",18.4486032614173,"up"
"ENST00000260505",0,"not",0,"not",0,"not",0,"not",0,"not",0,"not",17.3582297841443,"up",17.7682477696145,"up",18.1351575050592,"up"
"ENST00000370589",-20.7839923513769,"down",-20.1759844237543,"down",2.62684953430674,"not",-16.4890707532162,"down",-16.3638693615282,"down",-14.4891563293756,"down",11.9994983135468,"up",11.7197809285563,"up",11.8023547403332,"up"
"ENST00000684568",0,"not",0,"not",21.4567235210832,"up",20.5180627741991,"up",21.0214862930525,"up",24.0460948230975,"up",28.0205955314908,"up",27.4384387100732,"up",27.684693091153,"up"
"ENST00000935051",0,"not",16.6356382573653,"not",17.3008666325952,"not",0,"not",0,"not",0,"not",26.3449112799348,"up",26.6526716165766,"up",25.490497410237,"up"
"ENST00000271227",-19.6181955892362,"down",-19.6109472704319,"down",-14.3849644836898,"down",0.838289478245726,"not",6.40615205115996,"not",8.13515199822439,"not",12.8227370009266,"up",12.8016203215676,"up",12.5542296865095,"up"
"ENST00000467909",0,"not",0,"not",0,"not",0,"not",8.48406411602563,"not",0,"not",16.5699646568915,"up",15.948885612729,"up",16.1947254485678,"up"
"ENST00000305352",19.9774812539539,"up",0,"not",0,"not",0,"not",0,"not",0,"not",26.8580245740998,"up",26.3569992133923,"up",26.914804973574,"up"
"ENST00000481871",-22.5802070173564,"down",-22.4528499382627,"down",-17.7113595681199,"down",-19.5582890505389,"down",-19.3564601901419,"down",0.337273427049138,"not",8.10444720582875,"not",8.58091596125891,"not",6.10897311168387,"not"
"ENST00000369965",-1.57913561135171,"not",-1.64019003186731,"not",-14.4441108102001,"down",5.9204808319366,"not",3.40862810861353,"not",3.76660806825016,"not",13.405924115713,"up",14.2910683037996,"up",15.0545638068496,"up"
"ENST00000369962",0,"not",0,"not",23.3772646634266,"up",0,"not",0,"not",0,"not",27.4813995042341,"up",27.9995755242545,"up",28.0853043735704,"up"
"ENST00000667852",2.7560023659283,"not",2.2831448261191,"not",4.48329244852437,"not",3.51873376219867,"not",4.77708498352748,"not",4.42470199973721,"not",-3.91020996955569,"not",1.29073403247589,"not",-3.68226797531501,"not"
"ENST00000765284",-0.599020119937279,"not",2.05030182613068,"not",3.93120776481931,"not",3.22981373190477,"not",5.428329093075,"not",6.24404026400529,"not",-2.43813367612213,"not",-1.99058146188592,"not",-2.2101917746654,"not"
"ENST00000632517",-0.138788887552385,"not",-4.60731091000544,"not",-2.31822679221745,"not",-1.63673720814484,"not",-2.38681602974107,"not",-2.6080159557298,"not",-0.404241594057639,"not",-4.20769128533026,"not",-6.91081049074905,"down"
"ENST00000879565",0,"not",0,"not",0,"not",0,"not",14.7492706511308,"not",22.3264886398912,"up",26.3900284057739,"up",27.8676333751828,"up",27.21880392826,"up"
"ENST00000324048",-21.3985259787067,"down",-19.9552754904197,"down",-18.1495462087995,"down",-18.2966246507212,"down",-18.6329268858263,"down",-18.120167109613,"down",9.52196627652087,"not",11.3608684898342,"not",11.154467478869,"not"
"ENST00000368873",0,"not",0,"not",0,"not",0,"not",0,"not",0,"not",25.8927556012214,"up",28.3490845441292,"up",28.3660583058697,"up"
"ENST00000368875",0,"not",0,"not",0,"not",0,"not",0,"not",0,"not",27.6544854460431,"up",28.1055386383364,"up",27.7645998825167,"up"
"ENST00000852748",0,"not",0,"not",16.5256289623338,"up",0,"not",0,"not",0,"not",26.9099654109844,"up",30,"up",29.20192663769,"up"
"ENST00000955930",-0.344288761824536,"not",-0.0220641751868813,"not",1.82401580662903,"not",3.67896962190713,"not",-0.569916231383062,"not",-5.57526618583635,"not",-1.63446167991569,"not",-1.18691142361714,"not",-1.40652077565218,"not"
"ENST00000875564",-2.8691487696735,"not",-2.11130492084369,"not",0.818614435204694,"not",2.15271775430458,"not",1.24297405734683,"not",2.67124370861147,"not",-19.3277324741414,"down",-19.8971255734826,"down",-19.5631304544607,"down"
"ENST00000368407",0,"not",0,"not",0,"not",0,"not",10.873764154622,"up",12.370674328926,"up",17.0687648474896,"up",16.718843393665,"up",18.7052253697514,"up"
"ENST00000368194",0,"not",0,"not",0,"not",21.529326223476,"up",23.1533164776889,"up",23.1433970683592,"up",27.139393342855,"up",29.4154648786068,"up",28.9697486848363,"up"
"ENST00000956711",0,"not",0,"not",0,"not",19.7731166880217,"up",22.6065779561365,"up",21.1263702194797,"up",26.7459218583523,"up",25.4620113056067,"up",26.0656320387749,"up"
"ENST00000368124",-20.6368529936162,"down",-20.8117849905452,"down",4.41548960015989,"not",-17.5939805001662,"down",-17.3338168904909,"down",3.97686096060555,"not",13.522175819494,"up",12.2990460774701,"up",12.0177686046548,"up"
"ENST00000361509",15.485655953643,"up",0,"not",14.824176055268,"up",17.1082755349809,"up",20.7951000511005,"up",21.9322127434601,"up",26.5846651895227,"up",26.6015966962454,"up",25.8215033416818,"up"
"ENST00000367909",0,"not",0,"not",0,"not",0,"not",0,"not",0,"not",28.1078242256164,"up",30,"up",28.9074156660123,"up"
"ENST00000693292",0,"not",0,"not",5.90512133804479,"not",9.10181083621622,"up",12.2402844425987,"up",12.6440776969691,"up",17.1215334900507,"up",16.784019744663,"up",17.2508306915908,"up"
"ENST00000451607",1.2242546853746,"not",-0.804143523922178,"not",0.688772209277787,"not",-0.920281738260785,"not",0.563796009845036,"not",-2.53461190913507,"not",3.45395350905339,"not",-18.3483788475369,"down",-18.7980048091552,"down"
"ENST00000360851",0,"not",0,"not",0,"not",0,"not",0,"not",17.3647653701858,"up",27.1824048943224,"up",26.9313941515251,"up",27.1159453480166,"up"
"ENST00000367521",0.262082377124396,"not",-0.984141537047548,"not",-4.70666267491103,"not",-5.88160487683589,"not",-5.57890182430513,"not",1.58008073787597,"not",10.460322722047,"up",10.3409762116528,"up",10.1479875015764,"up"
"ENST00000367520",-2.3897023589573,"not",1.35271849688841,"not",-0.924090972113882,"not",-2.09902936337612,"not",-1.79632729259511,"not",-0.902573124559636,"not",12.4612049570264,"up",11.9743792986933,"up",12.3416521667272,"up"
"ENST00000367433",0,"not",0,"not",0,"not",0,"not",0,"not",0,"not",29.9649336349259,"up",26.2898718732929,"up",28.148518716765,"up"
"ENST00000413687",0,"not",0,"not",0,"not",0,"not",23.9284030918403,"up",23.8883363421979,"up",27.4317442960056,"up",29.1849798881724,"up",30,"up"
"ENST00000367283",0,"not",0,"not",0,"not",0,"not",0,"not",0,"not",27.9283900262063,"up",28.7804633615309,"up",29.9880418239755,"up"
"ENST00000471105",0.585866836093497,"not",5.86589063986365,"not",0.186328819377221,"not",0.976680496267419,"not",0.992068143262216,"not",3.33424816410501,"not",12.3616466795864,"up",13.7698618332471,"up",13.8905407591874,"up"
"ENST00000367284",0,"not",7.48840781733699,"not",11.5745059875454,"up",11.5115552870536,"up",11.4246753913356,"up",13.0551108764082,"up",18.4899163412352,"up",18.9712080969032,"up",18.8177407606499,"up"
"ENST00000491336",0,"not",0,"not",0,"not",0,"not",0,"not",0,"not",24.7904517168402,"up",26.0783284364722,"up",29.3116773307661,"up"
"ENST00000470492",2.43322366224486,"not",0.101414981435659,"not",2.04187549054618,"not",0.525561539540354,"not",3.79055001403302,"not",-6.42104414829872,"not",-2.48028600692838,"not",-2.0327410161705,"not",-2.2523477844466,"not"
"ENST00000341360",-2.6512118718987,"not",-24.1621924780952,"down",2.65033195909927,"not",-20.8784488900073,"down",-20.792942000615,"down",-18.6443650713296,"down",10.8410363781714,"not",11.5749488153202,"not",7.47110534791199,"not"
"ENST00000861178",0,"not",0,"not",0,"not",20.8207770678541,"up",0,"not",0,"not",27.3565988285237,"up",27.9048875521309,"up",24.8169325041368,"up"
"ENST00000906547",0,"not",0,"not",0,"not",0,"not",0,"not",0,"not",0,"not",17.4627690202761,"up",15.849447912312,"up"
"ENST00000610948",3.26260508124644,"not",1.62615036194303,"not",4.50930830213063,"not",0.427433063245979,"not",0.486923348327097,"not",0.286210898066227,"not",-2.19305612536992,"not",-1.7455028617613,"not",-1.96511368945948,"not"
"ENST00000881026",0,"not",0,"not",0,"not",0,"not",0,"not",0,"not",29.0805941265204,"up",23.7829190768266,"up",24.4330788135035,"up"
"ENST00000881022",15.8890093875367,"up",0,"not",0,"not",0,"not",16.3090411153896,"up",0,"not",27.3536287090327,"up",30,"up",28.2541199796336,"up"
"ENST00000366929",0,"not",0,"not",0,"not",0,"not",0,"not",8.46400072392785,"not",19.4913106099574,"up",18.2300055147025,"up",15.4414339513196,"up"
"ENST00000789338",-0.19645419967949,"not",1.85637782690846,"not",5.26972797227869,"not",1.37868773695216,"not",1.25404883217372,"not",-5.12187290929329,"not",-1.18109326064222,"not",-0.733545827340186,"not",-0.953153794153284,"not"
"ENST00000863548",0,"not",21.9967572455497,"up",0,"not",0,"not",0,"not",0,"not",29.2340805654658,"up",30,"up",29.7986082717711,"up"
"ENST00000272133",3.77980619667446,"not",3.62204457854316,"not",6.2342581376133,"not",6.94722784593249,"not",4.33281465953874,"not",5.72749661122255,"not",1.25221788878777,"not",1.69977000015848,"not",1.48015973785428,"not"
"ENST00000366838",0,"not",0,"not",0,"not",0,"not",0,"not",0,"not",24.571472629634,"up",28.0814784283793,"up",28.4257526480103,"up"
"ENST00000366820",1.79001119080213,"not",-0.603907124623129,"not",3.86037582277962,"not",3.24728257590296,"not",-0.66189994259959,"not",0.258855177044649,"not",-9.61821417400205,"down",-9.17066177694245,"down",-9.39027217943192,"down"
"ENST00000272134",1.90814112320585,"not",1.13442412093645,"not",3.94459481053559,"not",1.37055939337235,"not",-1.06793544720441,"not",-0.263788767245186,"not",-3.76913635288077,"not",-2.61044429059035,"not",-4.68495649839539,"not"
"ENST00000366837",0,"not",0,"not",0,"not",0,"not",0,"not",0,"not",26.3211345035859,"up",27.9303010570342,"up",29.2420182189806,"up"
"ENST00000666609",3.2876245936916,"not",1.42041210911745,"not",2.89154231501912,"not",-0.343465749464907,"not",-3.13041012679257,"not",0.720214704540314,"not",-18.7067954698521,"down",-17.3151695529496,"down",-17.9451007863874,"down"
"ENST00000366810",6.35008798416054,"not",6.22826483247541,"not",6.82444677682085,"not",4.11303412200653,"not",1.28352844653309,"not",1.53000259319146,"not",3.88825909949475,"not",-3.50078869741814,"not",1.06222431733949,"not"
"ENST00000271971",-4.72773362095232,"not",-5.74770684485121,"not",-3.20998196511211,"not",2.63016066604062,"not",4.209467848217,"not",4.8687611393425,"not",11.168072242538,"up",11.8589336558224,"up",10.6565508723812,"up"
"ENST00000366661",0,"not",0,"not",0,"not",0,"not",22.393229779103,"up",22.8511539973099,"up",26.244085882984,"up",28.6432958382676,"up",26.0206776788171,"up"
"ENST00000733246",0.688908655518939,"not",-3.01469246783043,"not",-2.78974353182506,"not",-1.55954242342569,"not",-2.85503402339769,"not",-1.91203053520628,"not",-0.195980028888662,"not",-5.03631258281986,"not",-5.25592336807957,"not"
"ENST00000649110",0.182464255159405,"not",-4.0893721749637,"not",-3.33188529918166,"not",-3.29510283616929,"not",-3.79083232237787,"not",-3.48267337057242,"not",-3.39790397173755,"not",-3.66335431346423,"not",-6.86249044780352,"down"
"ENST00000955813",0,"not",0,"not",23.8368611337885,"up",24.3590158039541,"up",25.5793744812303,"up",26.0188128157878,"up",29.2702216655929,"up",29.8570412678856,"up",29.9747290134646,"up"
"ENST00000889955",0,"not",0,"not",0,"not",0,"not",0,"not",0,"not",25.9756261506058,"up",29.3872731135135,"up",26.7820787178673,"up"
"ENST00000867538",0,"not",0,"not",22.5333298241185,"up",0,"not",0,"not",0,"not",26.1795676696069,"up",27.7884572138925,"up",26.4017964837422,"up"
"ENST00000545675",3.28918129016369,"not",1.64227203405169,"not",2.43797939638272,"not",1.01909087034543,"not",-7.14821479022524,"not",0.216714329024579,"not",-2.31370402862555,"not",-1.86615828562813,"not",-2.0857654230222,"not"
"ENST00000376624",0,"not",0,"not",0,"not",0,"not",0,"not",0,"not",27.4612302812698,"up",27.9320845295978,"up",26.8744145177277,"up"
"ENST00000313311",0,"not",0,"not",0,"not",0,"not",0,"not",19.8745656821044,"up",25.4093689496317,"up",25.3965792922627,"up",26.603860553149,"up"
"ENST00000946671",0,"not",0,"not",0,"not",0,"not",0,"not",0,"not",0,"not",29.2637775171102,"up",27.0666207011041,"up"
"ENST00000860295",0.982560985197517,"not",-1.91997232650066,"not",-18.6761554679775,"down",1.04034522150693,"not",4.84257263500307,"not",6.62726971367948,"not",10.3958374753062,"up",9.13160358857891,"up",10.2044406077928,"up"
"ENST00000424869",0,"not",0,"not",0,"not",0,"not",0,"not",0,"not",24.4578118127688,"up",28.1457002237875,"up",29.1791848034649,"up"
"ENST00000374867",0,"not",0,"not",0,"not",0,"not",0,"not",11.3261233857942,"not",18.8032028694179,"up",17.6308877091691,"up",17.9408824303049,"up"
"ENST00000355710",6.64823811727141,"not",4.52850557304514,"not",7.28010591386115,"not",3.04987348423048,"not",4.57450578356234,"not",-1.83601976481023,"not",4.60963389294808,"not",-1.54435755137735,"not",-1.76396769180451,"not"
"ENST00000891516",-19.0970917583993,"down",-19.1220268476724,"down",-13.6082188096926,"not",-15.7958603381073,"down",6.39162637602859,"not",-13.5535030399867,"down",12.9096190054702,"up",12.2581521749583,"up",11.6613326257041,"up"
"ENST00000475914",-1.48762227090096,"not",0.357104467268452,"not",0.873615889316772,"not",1.82655466178866,"not",2.4147880683873,"not",-7.18103536079653,"not",-3.24027721942619,"not",-2.79273222866831,"not",-3.01233899694442,"not"
"ENST00000929784",-3.95787655260147,"not",-5.02976326119763,"not",-2.49205168922871,"not",-3.66699012552039,"not",-3.36428804313834,"not",-2.47053384084979,"not",11.9486397821686,"up",11.4990980890177,"up",9.30869887127036,"up"
"ENST00000242462",0,"not",0,"not",0,"not",0,"not",0,"not",0,"not",26.7191699760337,"up",26.1894632058691,"up",25.6740619547989,"up"
"ENST00000287139",2.20807160408846,"not",1.94812932757136,"not",3.84677433606345,"not",3.35084070251209,"not",0.0533552806274779,"not",1.79820781090074,"not",-5.31060817954101,"not",-4.86305561435695,"not",-5.08266609934375,"not"
"ENST00000263563",2.48948599919354,"not",0.434307337647952,"not",2.69757468459623,"not",1.74135707360762,"not",2.36070874288851,"not",2.94377542606203,"not",3.41034325585194,"not",-19.6623503361454,"down",-18.8324145891973,"down"
"ENST00000394957",-3.21797261888447,"not",-4.25081746501469,"not",-1.71309479624117,"not",0.715518404811281,"not",4.48684696886406,"not",4.37318811362672,"not",12.8199656046978,"up",12.5458195908495,"up",13.2425402114672,"up"
"ENST00000894723",-4.92788314442618,"not",-1.84057353706015,"not",-5.75893569365323,"not",-6.93387717794973,"not",-6.63117431030322,"not",-5.73741778945308,"not",5.90867442104109,"not",8.63389457608475,"up",7.49132093741532,"not"
"ENST00000639913",3.36066040477786,"not",6.2953797761543,"not",0,"not",5.79563220645389,"not",0,"not",0,"not",13.6918413527662,"up",16.6462063053723,"up",16.7747693626259,"up"
"ENST00000623527",1.95222328901755,"not",1.9154180075339,"not",0.0917704225190955,"not",3.56013895102649,"not",3.6147956277694,"not",1.32918180801322,"not",-16.4554063406666,"down",5.80880286069927,"not",-15.4002426669334,"down"
"ENST00000700021",0,"not",0,"not",0,"not",23.2675322381238,"up",22.3848818879491,"up",25.1463317022349,"up",29.0167164519121,"up",27.8468302545927,"up",30,"up"
"ENST00000458159",0,"not",0,"not",0,"not",0,"not",19.2020841521584,"up",20.5102914605089,"up",24.7482099246156,"up",25.239087182976,"up",27.1483595401478,"up"
"ENST00000415557",0,"not",0,"not",0,"not",0,"not",21.3908665861214,"up",22.8346507626923,"up",25.9302230937522,"up",27.9557833843761,"up",27.9908240403519,"up"
"ENST00000371697",-6.37099325139815,"not",-7.3409548865816,"not",3.48777195772191,"not",6.47428501032852,"up",8.37758553629401,"up",9.49134851509291,"up",13.6309170852999,"up",13.371580586749,"up",12.6728975450927,"up"
"ENST00000888208",14.2680352611923,"not",0,"not",0,"not",0,"not",0,"not",0,"not",26.6580359960943,"up",26.1446121952535,"up",26.0909651809893,"up"
"ENST00000614189",0,"not",0,"not",0,"not",0,"not",0,"not",0,"not",26.3693435222645,"up",28.5441626887517,"up",28.026792508213,"up"
"ENST00000942714",0,"not",0,"not",0,"not",0,"not",11.6004656999478,"up",12.3227432245633,"up",17.2364906292507,"up",18.4416412323031,"up",17.6564006772522,"up"
"ENST00000941956",-6.48948181876136,"not",-7.55517083249549,"not",-5.01745680852666,"not",-6.19239638007302,"not",-2.79842075569144,"not",-2.60157976266279,"not",6.37868622881795,"not",10.5739638524175,"up",7.34040702577669,"not"
"ENST00000901926",0,"not",0,"not",0,"not",0,"not",0,"not",0,"not",25.8952484847693,"up",26.6181437876343,"up",27.3453104635785,"up"
"ENST00000266058",0,"not",0,"not",14.3915211629997,"not",16.9138892195887,"up",0,"not",0,"not",27.3566665755793,"up",28.4155834451388,"up",30,"up"
"ENST00000536831",14.9227086837797,"up",0,"not",24.0550323687567,"up",22.223478144931,"up",21.5660532570984,"up",24.9172758729348,"up",27.0811383371111,"up",26.9808513964769,"up",27.3663025979717,"up"
"ENST00000320185",2.99196260283772,"not",-0.79751107999554,"not",3.3021194640937,"not",0.678101758123919,"not",1.82743611858274,"not",0.752910743329724,"not",2.62904727494194,"not",-3.09464017532414,"not",-3.31425060471292,"not"
"ENST00000346714",2.97673091674351,"not",-0.805887766202981,"not",3.75790337021285,"not",2.24893706460797,"not",0.867152679437905,"not",1.50536113636903,"not",-2.54053017647108,"not",-2.09297674617431,"not",-2.31258765566504,"not"
"ENST00000901356",0,"not",0,"not",0,"not",0,"not",0,"not",0,"not",28.646554148839,"up",21.5526333565753,"up",28.0367135749898,"up"
"ENST00000277900",-6.93056928498218,"not",-7.99861615606596,"not",-5.46090301627738,"not",-6.63584217845596,"not",-6.33313990906201,"not",-3.4578208617261,"not",9.94509070454422,"up",9.94257556995266,"up",9.88971196870601,"up"
"ENST00000393104",-2.72193236231351,"not",1.03189562985253,"not",-2.46779442587972,"not",0.441383269146842,"not",4.75569761632574,"not",-2.139355232608,"not",11.8516423336473,"up",10.9590831043751,"up",10.8758540912134,"up"
"ENST00000392982",-7.64546012333157,"not",-8.71388999350382,"not",-6.1761769999711,"not",-1.35481404334042,"not",-7.04841384248615,"not",-6.15465913953841,"not",9.20756634734639,"up",9.28089767608465,"up",10.3655714635178,"up"
"ENST00000369236",0,"not",0,"not",0,"not",0,"not",0,"not",0,"not",30,"up",29.3664136104938,"up",28.2003731256245,"up"
"ENST00000439649",0,"not",0,"not",0,"not",0,"not",0,"not",0,"not",30,"up",28.34204762005,"up",26.9975608846473,"up"
"ENST00000684105",0,"not",0,"not",0,"not",0,"not",0,"not",0,"not",28.2196572668225,"up",26.9564320787538,"up",24.6857457401258,"up"
"ENST00000966480",-1.70933473236289,"not",0.497952807299423,"not",3.30617470258039,"not",2.35036755558226,"not",3.38290590919891,"not",-0.491475416471858,"not",-3.12038395913441,"not",-2.94838385053145,"not",3.61509603828797,"not"
"ENST00000451024",0.582367952726536,"not",-3.30934507885474,"not",-0.212257897982451,"not",-1.0690704282631,"not",0.72167772748192,"not",1.45489879390765,"not",-6.11172250554023,"down",-5.66416919029249,"down",-0.143642002443651,"not"
"ENST00000368614",18.6481490729368,"up",0,"not",0,"not",19.3578147661765,"up",20.0264028399657,"up",20.9490782795699,"up",26.9793209962563,"up",27.2071739531655,"up",26.962464683017,"up"
"ENST00000368592",2.25064926054184,"not",2.93985196296985,"not",6.34432311830928,"not",4.63559620194707,"not",5.73911849389219,"not",6.45908655416693,"not",13.882022033197,"up",17.8887442441481,"up",18.4707331640674,"up"
"ENST00000681938",0.803572840968304,"not",-0.124124296046474,"not",2.58104042453308,"not",1.15435520918488,"not",-0.252551428092727,"not",-0.274457010284904,"not",-1.66409310403379,"not",0.813006086303598,"not",-20.6509387827561,"down"
"ENST00000890765",-14.9939926795651,"down",3.58666783281845,"not",2.9777162573819,"not",7.84246567420931,"not",9.09007566865555,"not",11.0401211979857,"up",14.259364561096,"up",13.3877051034981,"up",14.5730468385946,"up"
"ENST00000528011",0,"not",18.7711387980423,"up",0,"not",21.0539510222516,"up",23.3484494732903,"up",24.4212080790472,"up",27.6198858027674,"up",27.462724297699,"up",26.9149122651902,"up"
"ENST00000524947",-2.80046314833417,"not",-3.8789608646693,"not",-1.34125237357873,"not",-2.51618938345047,"not",-2.21348766856026,"not",-1.3197345513233,"not",13.091286868426,"up",13.0981561741755,"up",12.5990955247958,"up"
"ENST00000381395",0,"not",0,"not",0,"not",0,"not",6.86219991623097,"not",0,"not",19.4403002240919,"up",19.8112909910692,"up",18.4489184805416,"up"
"ENST00000416167",-9.2297823213535,"down",0.578329868352202,"not",3.20474068649394,"not",-2.32460312372279,"not",2.9877432479917,"not",4.62501868288371,"not",16.5137891553986,"up",16.5137914539269,"up",16.0181577946095,"up"
"ENST00000434045",0,"not",0,"not",0,"not",5.07144034737485,"not",0,"not",0,"not",16.8079386301546,"up",16.4487039654424,"up",15.3450233922237,"up"
"ENST00000445504",0,"not",0,"not",0,"not",0,"not",0,"not",6.30625220863834,"not",16.3311003923962,"up",15.9387515373864,"up",15.0002197087756,"up"
"ENST00000381361",0,"not",0,"not",0,"not",0,"not",0,"not",0,"not",17.3819048835639,"up",16.744287690484,"up",15.9739856819974,"up"
"ENST00000381363",0,"not",0,"not",0,"not",0,"not",0,"not",0,"not",16.6766169832271,"up",16.9060160218194,"up",15.0757965896287,"up"
"ENST00000381330",0,"not",0,"not",0,"not",0,"not",0,"not",6.69401819362933,"not",10.0193257238638,"not",19.4967095101727,"up",22.959992785319,"up"
"ENST00000534491",-2.40423728310244,"not",-23.1967114132135,"down",-19.9752370744397,"down",-21.214405380414,"down",-21.0604462403668,"down",-19.9458462908871,"down",6.22172301278238,"not",7.41894547153474,"not",7.31189364050672,"not"
"ENST00000857954",0,"not",0,"not",0,"not",0,"not",0,"not",0,"not",27.3665725240087,"up",27.5950768618532,"up",26.4960409918756,"up"
"ENST00000857951",0,"not",0,"not",23.0234305000169,"up",0,"not",0,"not",0,"not",27.083214354831,"up",26.1744579369083,"up",25.4610572624109,"up"
"ENST00000857977",-1.18796681307866,"not",1.46867667180427,"not",3.93013643273566,"not",-2.75408444338657,"not",-2.45138056525451,"not",3.35971263913536,"not",8.31888930670896,"up",14.1853745081674,"up",14.8270760812094,"up"
"ENST00000857964",0,"not",0,"not",22.6256076063361,"up",21.9321980263013,"up",21.5913459280242,"up",21.2377435871247,"up",25.6169750546421,"up",27.5765943792259,"up",26.1660288709382,"up"
"ENST00000856816",24.0610619117049,"up",0,"not",0,"not",0,"not",0,"not",0,"not",27.97386483525,"up",28.6890719664814,"up",29.5802161052034,"up"
"ENST00000856820",0,"not",0,"not",0,"not",0,"not",0,"not",0,"not",27.1815503091291,"up",26.4379188969385,"up",27.4501448895938,"up"
"ENST00000947338",0,"not",0,"not",0,"not",13.5092682474684,"not",15.4323661898232,"up",0,"not",25.8058567986571,"up",25.9821347264618,"up",25.8573265126921,"up"
"ENST00000530691",-21.3786915976341,"down",-21.5126256842636,"down",-15.2161279641577,"not",-18.1753841671109,"down",-17.8146641848605,"down",-15.1379305988978,"not",12.0764083501933,"not",9.94166708149298,"not",12.2669522144945,"not"
"ENST00000864318",0,"not",0,"not",16.4771034819219,"up",0,"not",0,"not",0,"not",26.6621488306771,"up",24.7631402072755,"up",27.4197083379213,"up"
"ENST00000655819",0,"not",0,"not",0,"not",0,"not",0,"not",0,"not",26.7684346334123,"up",26.5773908787402,"up",26.3635989728109,"up"
"ENST00000531066",-2.25051123692125,"not",-23.430263818296,"down",0.0682030785886919,"not",-4.65282607219913,"not",-22.9017536989043,"down",-4.19471178289814,"not",6.72271967507456,"not",8.46066581645667,"up",6.5581907095494,"not"
"ENST00000909724",0,"not",14.2090071817648,"not",0,"not",0,"not",0,"not",0,"not",24.3939362351586,"up",26.4516861968437,"up",27.0242597902171,"up"
"ENST00000838907",1.41863336209085,"not",-4.32462907588788,"not",-2.32786336881318,"not",-1.26842126662857,"not",-3.47528342106493,"not",-2.58394625693512,"not",-4.4854758977343,"not",-4.03792305420466,"not",-4.25753367577343,"not"
"ENST00000343674",-22.1362004055709,"down",-3.17568130046654,"not",-18.7014458069088,"down",-1.67034443820066,"not",-19.8076165886824,"down",-0.387014334776406,"not",9.05897119550321,"not",8.22023338331082,"not",8.37490077327343,"not"
"ENST00000682741",15.9492367216477,"up",16.1032004008202,"up",0,"not",0,"not",0,"not",17.6814026836722,"up",26.7334842284555,"up",28.29987515108,"up",24.4018713630481,"up"
"ENST00000921788",0,"not",0,"not",0,"not",0,"not",0,"not",18.0584967171335,"up",22.7682515076332,"up",28.2689174780908,"up",28.1224565258752,"up"
"ENST00000922232",0,"not",13.0581136295956,"not",0,"not",17.8468820641431,"up",21.2292497174121,"up",22.6277099781938,"up",24.1859040818689,"up",26.182099222231,"up",26.5468985174584,"up"
"ENST00000856808",0,"not",0,"not",0,"not",21.9259844728965,"up",23.3067118057463,"up",23.8359161020021,"up",24.2895561981095,"up",29.5026950869508,"up",24.7244630599608,"up"
"ENST00000856799",0,"not",0,"not",22.1461691498434,"up",20.1964994506478,"up",21.7280794183069,"up",23.544458848135,"up",28.2161743563322,"up",29.2359926725861,"up",30,"up"
"ENST00000389602",0,"not",0,"not",0,"not",10.2239088471491,"up",8.95251235112445,"not",13.1334742525269,"up",15.8618552058489,"up",18.0146014713792,"up",16.7058665389134,"up"
"ENST00000918477",4.00701541995785,"not",-21.8443139251715,"down",-20.3603333734407,"down",-21.2156401403487,"down",-21.3302410573428,"down",-20.3149118819583,"down",9.51339571613679,"not",8.98757614753308,"not",10.3995544288766,"not"
"ENST00000911905",18.8357647740311,"up",0,"not",0,"not",19.0269274411944,"up",0,"not",0,"not",26.4098570120451,"up",26.4561657942577,"up",25.7006911792698,"up"
"ENST00000294179",0,"not",0,"not",19.9103743143413,"up",20.4958862521356,"up",20.7662296572682,"up",21.976007523653,"up",27.1884669913742,"up",24.6012077279486,"up",27.9579252015788,"up"
"ENST00000322147",0,"not",3.3980049699747,"not",0,"not",0,"not",0,"not",11.2138401110924,"up",17.7963901281478,"up",16.6924914827921,"up",16.6056593528736,"up"
"ENST00000513398",6.03718392509453,"not",5.12235461715455,"not",9.21670621527884,"not",4.51071588328716,"not",4.64992917817466,"not",5.20535879307428,"not",-0.445106024212594,"not",0.00244537130863616,"not",-0.217164539733917,"not"
"ENST00000265643",1.07146372991359,"not",-1.08120587479122,"not",1.43258689276915,"not",-0.468527541773521,"not",-0.359131440779036,"not",-1.36581096021792,"not",-21.5387246967376,"down",-0.326312333894291,"not",-20.6465945805106,"down"
"ENST00000933455",4.82590601087824,"not",5.61205395406086,"not",5.30666745362701,"not",2.92613082999871,"not",0.150121883926677,"not",5.30103687141374,"not",-0.734852211163304,"not",4.38561668985187,"not",-0.506909819621791,"not"
"ENST00000393676",14.3151606312602,"up",16.0285646433619,"up",0,"not",19.412912959381,"up",22.073374416601,"up",23.4593982255557,"up",25.9802289540201,"up",26.8842444364743,"up",26.6876867660381,"up"
"ENST00000393609",1.80562741492196,"not",-1.46131198276088,"not",1.5572067869621,"not",1.24220232235468,"not",2.83359975303306,"not",2.15881102514241,"not",-3.65912845497596,"not",-3.21158346421808,"not",-3.43119023249418,"not"
"ENST00000852596",1.07855571100261,"not",-1.71048153735557,"not",1.1876225045012,"not",0.131669275850449,"not",1.76600483161739,"not",0.181205139042962,"not",-3.82166770570403,"not",-3.37412271494615,"not",-3.59372948322225,"not"
"ENST00000533603",2.42410237368899,"not",-0.431167009849952,"not",-0.325123251123152,"not",1.46738864026674,"not",-27.7310808601421,"down",1.93029564362965,"not",-19.3194664584364,"down",-18.5765565023373,"down",-18.9183029376743,"down"
"ENST00000304771",0,"not",0,"not",0,"not",19.938342509019,"up",0,"not",0,"not",27.2077646916939,"up",28.1633576775145,"up",29.0576093527476,"up"
"ENST00000529308",0,"not",0,"not",0,"not",0,"not",0,"not",22.0846891112061,"up",26.1451877652316,"up",28.7255446465685,"up",27.0366492948509,"up"
"ENST00000534061",11.343992124125,"not",0,"not",0,"not",0,"not",0,"not",21.8725542005383,"up",27.1903549406556,"up",26.4535383469685,"up",25.6847667737367,"up"
"ENST00000409404",0,"not",0,"not",0,"not",0,"not",0,"not",0,"not",25.2519095686749,"up",21.9717387935628,"up",30,"up"
"ENST00000768271",2.85514767758518,"not",-0.0731281077608088,"not",3.00751457243191,"not",3.75872508650358,"not",1.54677246900041,"not",0.921637623974258,"not",-4.21280590226345,"not",-3.76525338832737,"not",-3.9848638481672,"not"
"ENST00000768274",1.94849879353194,"not",-1.54332264249159,"not",-0.869194899033385,"not",-1.21827212618847,"not",-3.43361067629811,"not",-6.71536606572102,"not",-8.22867396041244,"down",-7.7811216856624,"down",-8.00073202813554,"down"
"ENST00000263468",8.45411925992636,"not",0,"not",5.76525147401209,"not",0,"not",11.195844494284,"up",5.99736188925046,"not",17.2246281015374,"up",17.5840596629532,"up",17.5162532358664,"up"
"ENST00000528673",0,"not",0,"not",15.9422103370762,"up",16.6480540475217,"up",17.502833226079,"up",0,"not",28.6624799966058,"up",26.7152191471518,"up",27.3102413852009,"up"
"ENST00000278601",0,"not",0,"not",0,"not",0,"not",21.5627684945209,"up",22.6629479902324,"up",27.4526606821374,"up",27.2729966380378,"up",26.7978465867599,"up"
"ENST00000529221",0,"not",0,"not",0,"not",0,"not",22.6565974142409,"up",23.6596631044544,"up",27.1606171952022,"up",27.4051660976802,"up",27.5867273150009,"up"
"ENST00000528158",0,"not",0,"not",0,"not",0,"not",0,"not",0,"not",25.9799369429038,"up",26.3783330484277,"up",28.0049263736078,"up"
"ENST00000335953",0,"not",0,"not",0,"not",0,"not",23.2883966917197,"up",24.531258649386,"up",29.1320483920681,"up",30,"up",29.0995119100185,"up"
"ENST00000683554",0,"not",0,"not",0,"not",8.28783136164109,"not",12.7018976058359,"up",13.4322283897113,"up",17.2168742319656,"up",17.066971612938,"up",17.5731166971138,"up"
"ENST00000535509",0,"not",0,"not",0,"not",10.2572973735788,"up",11.0823506816789,"up",12.1980822597881,"up",15.53776138414,"up",17.1277723260677,"up",15.9033844318763,"up"
"ENST00000359492",0,"not",0,"not",0,"not",0,"not",22.3064351871372,"up",21.975220395551,"up",25.2919844487313,"up",28.4287493612846,"up",26.5348910060117,"up"
"ENST00000375323",-4.6983056313676,"not",-2.19122533632101,"not",4.54811195952453,"not",5.31778305027918,"not",7.96919853818542,"up",9.49677116855459,"up",12.7266857353142,"up",13.3277819055074,"up",14.2298152756186,"up"
"ENST00000236850",0,"not",0,"not",0,"not",11.398725744051,"up",12.1795053458594,"up",14.6517230502051,"up",18.2399168678918,"up",19.3045162537007,"up",19.9508979448051,"up"
"ENST00000524993",0,"not",0,"not",0,"not",0,"not",23.2106002249285,"up",25.373143117459,"up",26.8739675167129,"up",25.6690657430718,"up",25.9565240443462,"up"
"ENST00000714378",18.1849582385513,"up",0,"not",0,"not",0,"not",0,"not",17.2697067178518,"up",24.1239418571766,"up",27.0914034934574,"up",26.6754263531072,"up"
"ENST00000392793",2.85349031440769,"not",2.66660350724207,"not",4.24592739077803,"not",3.04786672051159,"not",2.49772414465957,"not",3.73192103219702,"not",-0.51258607570893,"not",-0.0650410849510482,"not",-0.284647853227154,"not"
"ENST00000448775",0.397415807637279,"not",-1.23553068552655,"not",3.82428451751733,"not",3.0123950905696,"not",1.93729151821826,"not",1.85256017381879,"not",3.64999109456169,"not",-20.1704399292098,"down",-20.5103545373716,"down"
"ENST00000392693",2.0599747002172,"not",0.280730533735396,"not",1.94930957113653,"not",1.68491011329413,"not",0.397451603730392,"not",-3.90298974335445,"not",-1.97787116325955,"not",-0.0133340702997598,"not",-4.54524678220189,"not"
"ENST00000534070",2.45417825931825,"not",-0.409208800817629,"not",-0.293433206021987,"not",-1.11168070398945,"not",1.1662385921024,"not",0.901772368363753,"not",3.28491681848635,"not",-17.3156689376123,"down",-18.0496233176475,"down"
"ENST00000389887",1.94604259997697,"not",-2.21958025218775,"not",-2.3591434359789,"not",-1.81953773836536,"not",-2.17601821312137,"not",-1.91766493464381,"not",-6.6975768708693,"down",-6.25002371494648,"down",-6.4696344898041,"down"
"ENST00000423158",0,"not",0,"not",0,"not",9.01612896834406,"up",11.1334530929159,"up",11.7534425995825,"up",16.1093687606358,"up",14.8813534039345,"up",14.2272391810422,"up"
"ENST00000396858",-0.167646012141025,"not",1.0818257468317,"not",1.53807286677495,"not",2.2752768835184,"not",0.452815397767174,"not",-2.08103376548423,"not",-0.412191266013323,"not",-0.570622416108797,"not",0.316737398744158,"not"
"ENST00000534837",0,"not",0,"not",0,"not",0,"not",22.4708005068582,"up",23.047354225346,"up",26.0375281504714,"up",25.8580854914528,"up",24.776135107439,"up"
"ENST00000311268",0,"not",0,"not",17.8987173555783,"up",17.9471630195305,"up",21.560486295618,"up",21.9507218242315,"up",26.9302001945344,"up",24.4236166732577,"up",26.5965900500193,"up"
"ENST00000539196",-2.70933134102974,"not",-1.15993019049739,"not",-1.72255906820059,"not",0.578226790677052,"not",1.72286583981043,"not",0.90371709914931,"not",-4.16048901169235,"not",-3.71293589436468,"not",-3.93254665028396,"not"
"ENST00000647956",0,"not",0,"not",0,"not",0,"not",0,"not",21.9718578020859,"up",27.7281019555439,"up",28.0656475150868,"up",28.0440911296681,"up"
"ENST00000229307",0.975922219920468,"not",-2.29606354046395,"not",0.499078629205555,"not",-3.9589878657649,"not",-3.21297576947783,"not",-3.09103034178594,"not",-2.27751496036846,"not",-8.29687322506596,"down",-8.51648366804771,"down"
"ENST00000526286",2.54444785411519,"not",-2.2741042375629,"not",2.14418979707306,"not",-2.19004383019832,"not",-1.95927701587675,"not",-1.93231955717212,"not",-6.25062458441012,"not",-5.80307318930795,"not",-6.02268310014487,"not"
"ENST00000737095",1.6576674499897,"not",-1.97428777365833,"not",0.834688900137044,"not",-2.03900814310125,"not",-2.54294716317674,"not",-3.45450977196311,"not",-1.49929555145898,"not",-2.30276791825312,"not",-3.95404928272744,"not"
"ENST00000533382",1.39458884795207,"not",-1.9974346642231,"not",0.663251296717911,"not",-1.68311689280574,"not",-4.13013509343979,"not",-2.74760962055665,"not",-3.9228953669538,"not",-3.47534168125054,"not",-2.20836336218267,"not"
"ENST00000428824",1.61606784013716,"not",-1.43080052067606,"not",-0.992680899772148,"not",-1.63705857058251,"not",-1.44357415355329,"not",-1.28722478279184,"not",-2.38136612284968,"not",-2.34663265374636,"not",-1.3756776127702,"not"
"ENST00000713574",-5.19411957497475,"not",-6.24508025144256,"not",2.23507901992296,"not",-4.88230334003334,"not",-4.57960041897763,"not",2.45780268916261,"not",8.74423990478182,"up",11.009969968445,"up",12.927923879521,"up"
"ENST00000537304",-6.75633489834709,"not",-7.83702161996799,"not",-5.29931425406369,"not",-6.47425074298396,"not",-6.17154916230767,"not",-5.27779644134898,"not",9.41578064344665,"not",9.46109957197907,"not",9.05439848688986,"not"
"ENST00000261169",3.87971730054277,"not",-19.1950422602834,"down",-13.9459916103664,"down",-16.2382996662347,"down",2.63597712599872,"not",2.45890616821822,"not",14.3647559614873,"up",10.5790111078703,"up",12.2961781862305,"up"
"ENST00000396205",0,"not",0,"not",0,"not",0,"not",0,"not",0,"not",27.230530719574,"up",28.6274824992385,"up",21.0293095878889,"up"
"ENST00000954702",-1.8023595466389,"not",-2.8736749921925,"not",-0.335963187010185,"not",-1.51090173127764,"not",-1.20819962107755,"not",7.53592946370427,"not",13.1378769938676,"up",12.7261508473536,"up",11.8404181457472,"up"
"ENST00000359062",1.58830276729272,"not",0.494956112138156,"not",0.623350689157531,"not",1.26032288408209,"not",2.85804729845304,"not",3.62495225104103,"not",13.4377710266576,"up",13.6026182136214,"up",13.5808677179684,"up"
"ENST00000451604",0,"not",16.7613003409925,"up",17.5671097877427,"up",0,"not",0,"not",0,"not",26.7462210930519,"up",27.080514393484,"up",29.4073697664751,"up"
"ENST00000650193",-0.596470806847858,"not",-3.21686438911132,"not",-2.88702013297535,"not",0.0489053748262129,"not",-0.802254677057044,"not",-8.40683076437319,"not",-4.46600473862874,"not",-4.01845203836154,"not",-4.23806258963257,"not"
"ENST00000919055",-23.675789794821,"down",-22.0471479845546,"down",-21.2078650091834,"down",-20.8609433924279,"down",-21.3132147855708,"down",-21.1909735679959,"down",6.56720956053024,"not",8.02776528144968,"not",7.29163436998231,"not"
"ENST00000919056",-23.4524844569447,"down",-21.1806756361011,"down",-21.8289860943246,"down",-20.4839403245001,"down",-21.2274106269447,"down",-21.8412447489126,"down",7.25990707342122,"not",8.25504816775503,"not",7.60136988908938,"not"
"ENST00000380518",8.04764879105164,"up",10.0829723520333,"up",13.6956289238166,"up",15.8538443431877,"up",17.3079566183561,"up",18.368920493266,"up",21.8086733841734,"up",22.2022336165201,"up",21.3421672314754,"up"
"ENST00000447966",0,"not",19.4903035155085,"up",0,"not",20.7519159387555,"up",23.3829768248279,"up",24.2954571044434,"up",27.4983640604033,"up",26.2564403202866,"up",27.5237555614073,"up"
"ENST00000394825",14.7155059014468,"up",0,"not",0,"not",16.767471320055,"up",19.9810333628917,"up",21.4419565363219,"up",23.543020199478,"up",25.6895066207156,"up",24.0157742371615,"up"
"ENST00000341809",0,"not",0,"not",0,"not",0,"not",0,"not",0,"not",25.2596579101591,"up",28.302566576079,"up",26.8557153138288,"up"
"ENST00000551956",0,"not",0,"not",0,"not",0,"not",5.75203344076112,"not",0,"not",19.1126961048837,"up",19.1608914892589,"up",19.6813848200991,"up"
"ENST00000430889",-0.124969425411901,"not",-5.67482078959863,"not",0.616601629225498,"not",-4.31204313318419,"not",-4.00934004664634,"not",-3.1155828795005,"not",12.1753887431841,"up",12.5354701865098,"up",11.8366812359986,"up"
"ENST00000515617",0,"not",0,"not",0,"not",0,"not",0,"not",0,"not",30,"up",28.7878834403255,"up",26.1717422893141,"up"
"ENST00000833803",0,"not",0,"not",0,"not",0,"not",0,"not",0,"not",16.2139449440894,"up",15.7036403238083,"up",15.7467727471642,"up"
"ENST00000660808",2.85036723127711,"not",0,"not",5.57265296198434,"not",5.39593944396887,"not",5.30176305152723,"not",7.65198866701599,"not",15.1873033523449,"up",19.6064968657293,"up",19.6705502615516,"up"
"ENST00000508564",3.07131079381912,"not",0,"not",5.79652238032538,"not",5.97422569162548,"not",5.28803318078414,"not",11.1615390697045,"up",21.2738701163556,"up",20.8392794680622,"up",20.4606151157579,"up"
"ENST00000352268",0,"not",0,"not",0,"not",0,"not",0,"not",0,"not",26.0488773359746,"up",25.4253536994628,"up",27.2248432480807,"up"
"ENST00000338010",-7.32771474113622,"not",-8.34565881180388,"not",-5.80793362033447,"not",2.93513475077718,"not",3.45953973036906,"not",4.53286506030353,"not",8.82619741440132,"up",9.90744917925974,"up",9.02468843982771,"up"
"ENST00000551103",0,"not",10.5310678518661,"not",0,"not",17.3372997407766,"up",19.0967490917627,"up",21.5539577193459,"up",26.478255805801,"up",26.5957595216073,"up",25.986573781749,"up"
"ENST00000926495",0,"not",0,"not",23.4072538152076,"up",0,"not",0,"not",0,"not",23.8364352764678,"up",29.8126759865366,"up",26.4757838574638,"up"
"ENST00000881995",0,"not",0,"not",0,"not",0,"not",0,"not",22.1488760642446,"up",26.1875501133577,"up",27.3668327119382,"up",27.3412789734622,"up"
"ENST00000634871",5.65334919559016,"not",0,"not",0,"not",11.7581356539896,"up",12.6333291543536,"up",12.4171752748746,"up",18.1033061691668,"up",17.1809728557531,"up",15.8041490106917,"up"
"ENST00000885361",0,"not",0,"not",20.2528136988181,"up",0,"not",0,"not",0,"not",26.6893936006077,"up",24.5001189789098,"up",27.2311530752358,"up"
"ENST00000333012",-0.24935698850585,"not",-0.821225574335735,"not",3.22623512662219,"not",-0.474504001893555,"not",-2.26390172118067,"not",3.44769758721175,"not",-2.63093990724116,"not",-2.18339151882944,"not",-2.40299995430727,"not"
"ENST00000686816",0.228578199680637,"not",-2.96569597644942,"not",-1.41820988385748,"not",-0.857038771041851,"not",-1.3674296704909,"not",-0.917859949153937,"not",-0.717068499812834,"not",-2.98260014629552,"not",-6.17926403510681,"down"
"ENST00000547379",0,"not",0,"not",0,"not",0,"not",23.3781718398949,"up",0,"not",27.7478490991001,"up",28.2984860068824,"up",29.3796142071322,"up"
"ENST00000551568",0,"not",0,"not",0,"not",0,"not",0,"not",0,"not",28.2434599378031,"up",29.0047087586957,"up",27.6515335085668,"up"
"ENST00000261205",-27.3492163351241,"down",-26.1948647183326,"down",-23.1039565110338,"down",-24.4910754394742,"down",-24.495749286298,"down",-23.0522794085349,"down",5.59817017023213,"not",6.16533329310929,"not",5.8988680853331,"not"
"ENST00000867693",0,"not",0,"not",0,"not",0,"not",19.6748230198027,"up",21.9956849705135,"up",25.6807192290107,"up",24.4517540666418,"up",25.1774731268199,"up"
"ENST00000258499",2.95209073639808,"not",-0.712648108412076,"not",-0.987777006133001,"not",0.709853952567146,"not",0.834918453732345,"not",2.0266215310072,"not",-19.8300170095974,"down",-20.5104955869422,"down",3.36483939357137,"not"
"ENST00000524981",3.06197031282608,"not",0,"not",8.54426261256006,"not",7.80516504399023,"not",9.91213613246301,"up",10.330954279788,"up",17.8248510380435,"up",17.5364799713932,"up",17.311124809745,"up"
"ENST00000337514",0,"not",0,"not",0,"not",0,"not",0,"not",7.61553117546713,"not",12.5141325840167,"up",14.5925259908023,"up",17.439446726383,"up"
"ENST00000549934",6.85576732077169,"not",0,"not",9.13485944035091,"not",9.92586350993524,"not",11.5461035613724,"up",10.4459944097304,"up",16.8567996292808,"up",17.6117194515833,"up",17.5702875689093,"up"
"ENST00000959768",0,"not",0,"not",0,"not",0,"not",0,"not",0,"not",28.4094577049371,"up",24.7741741978381,"up",30,"up"
"ENST00000392842",0,"not",0,"not",0,"not",0,"not",0,"not",0,"not",29.426811242058,"up",30,"up",29.5430523005326,"up"
"ENST00000959769",0,"not",0,"not",0,"not",0,"not",0,"not",0,"not",27.9170612141459,"up",27.3131427277232,"up",30,"up"
"ENST00000910054",0,"not",0,"not",0,"not",0,"not",0,"not",0,"not",27.3794153995049,"up",26.8971661827071,"up",27.5876789413074,"up"
"ENST00000553177",-1.56293594680935,"not",-3.30739519174184,"not",-1.379679208596,"not",0.218115364218934,"not",0.563971849166177,"not",1.2071430705176,"not",-5.86122728743398,"not",-1.13708880846254,"not",-5.63328498878014,"not"
"ENST00000331096",0.0330199727085613,"not",-1.24526734051375,"not",0.946482302070401,"not",0.891948475973091,"not",2.09046714731337,"not",2.98899468401342,"not",0.301278579774532,"not",-0.224229055372756,"not",-4.9172462306579,"not"
"ENST00000403593",0,"not",0,"not",0,"not",0,"not",21.1611184992782,"up",0,"not",25.3830856291257,"up",26.7236367448322,"up",27.2833184378717,"up"
"ENST00000895030",0,"not",0,"not",0,"not",0,"not",8.40393670149897,"not",11.2994789658088,"not",16.1581200249328,"up",16.2682769026132,"up",15.7250711462128,"up"
"ENST00000539163",0.320432300042165,"not",-1.74341665957674,"not",0.794309040788385,"not",1.58333021748522,"not",7.00802905694472,"not",10.2210219572691,"up",15.4120606631073,"up",14.528146532874,"up",14.627677647099,"up"
"ENST00000358808",0,"not",0,"not",0,"not",0,"not",0,"not",21.2243607510779,"up",29.1838991631401,"up",27.3000029418172,"up",29.451130589728,"up"
"ENST00000620786",0,"not",0,"not",0,"not",0,"not",0,"not",0,"not",0,"not",30,"up",27.7874562280401,"up"
"ENST00000901688",0,"not",0,"not",21.6687590471038,"up",19.7259407616485,"up",20.9332298318792,"up",23.9654431943874,"up",29.8432543358296,"up",27.2591299520048,"up",27.1727706922727,"up"
"ENST00000546355",-0.164632784021024,"not",-0.276411383024988,"not",0.60052066960532,"not",0.222146324052154,"not",1.17129722649953,"not",2.90276281946482,"not",11.9796979955878,"up",12.6880335813179,"up",12.1297010045054,"up"
"ENST00000650108",11.2921825183215,"not",0,"not",0,"not",0,"not",20.6930923264888,"up",21.2306937715896,"up",26.3696322598718,"up",26.3443411829783,"up",24.4915180545159,"up"
"ENST00000426665",-2.8925750397177,"not",-21.148689516638,"down",-16.1780242209131,"down",2.19184603091301,"not",3.09899756523722,"not",7.53505536404846,"not",9.50779824031169,"up",10.5515679780156,"up",11.1694874890623,"up"
"ENST00000298248",0,"not",0,"not",0,"not",0,"not",0,"not",0,"not",25.8993926731417,"up",20.9604322311831,"up",28.5091000518212,"up"
"ENST00000351808",0,"not",18.3814207921896,"up",16.2433699447185,"up",21.3403032836797,"up",22.0313347932005,"up",23.0359778205726,"up",26.6444316881891,"up",27.0250909027995,"up",27.8219005940241,"up"
"ENST00000862813",0,"not",0,"not",0,"not",0,"not",0,"not",18.1844082986825,"up",19.8089246596811,"up",29.252298922018,"up",26.8523724636627,"up"
"ENST00000862818",0,"not",0,"not",0,"not",0,"not",19.7100429029641,"up",21.1465291855112,"up",25.6856211931333,"up",26.5495559221315,"up",24.4471613935471,"up"
"ENST00000382258",0,"not",3.78791603824794,"not",9.20960909136178,"up",10.7504168283759,"up",11.6160380871446,"up",13.3443553724822,"up",16.7177018546032,"up",17.3888403799896,"up",16.6322759456069,"up"
"ENST00000382263",0,"not",0,"not",0,"not",13.7483319940102,"up",15.4480580600972,"up",16.5752140770407,"up",19.7442608140524,"up",20.6266197906348,"up",19.7156509841264,"up"
"ENST00000361042",0,"not",0,"not",0,"not",0,"not",0,"not",0,"not",0,"not",29.2663688934286,"up",26.5504996327204,"up"
"ENST00000381033",0,"not",0,"not",0,"not",0,"not",0,"not",0,"not",18.2662568442326,"up",19.0260216126245,"up",17.4698286015084,"up"
"ENST00000615840",0.711174227296197,"not",-2.46516344732086,"not",-0.570581994689667,"not",-1.76444117972756,"not",-1.70080614689877,"not",-1.27367425168971,"not",-0.829481278515184,"not",-1.53570022811717,"not",-2.71784402229191,"not"
"ENST00000948542",0,"not",0,"not",22.1746988367978,"up",0,"not",0,"not",18.3700699388324,"up",27.029637019099,"up",27.3641595275735,"up",24.8015991854007,"up"
"ENST00000379893",1.75505458955505,"not",-0.545886621380019,"not",-0.894482683074557,"not",0.961958988438515,"not",0.233305369099123,"not",0.991176596911399,"not",-5.73627484458992,"not",-5.28872252440308,"not",-5.50833288917169,"not"
"ENST00000681043",0,"not",0,"not",0,"not",19.8055021694035,"up",19.8643613667641,"up",22.4843666278469,"up",25.0864192687178,"up",26.3574577836334,"up",25.3575479721762,"up"
"ENST00000701431",1.20911315581378,"not",-0.801786626510386,"not",2.42683372148008,"not",1.00768690367601,"not",0.137849178734872,"not",0.092871921354708,"not",2.2154219741409,"not",-2.38276904676102,"not",-4.06427523156683,"not"
"ENST00000848831",4.82422770172999,"not",4.02787943379187,"not",6.88415713387211,"not",4.9708956735164,"not",2.29656655482562,"not",-2.05894000525732,"not",0.0320311918032787,"not",0.479583529839448,"not",0.25997315631231,"not"
"ENST00000848830",0.463461803265375,"not",-2.33762406274091,"not",-0.736178565611323,"not",-2.13111848283483,"not",-2.46531038068865,"not",-0.440379261279641,"not",-4.98095320043225,"not",-4.53339972055564,"not",-4.7530106543748,"not"
"ENST00000569306",0.656921641990238,"not",-1.28547317291555,"not",1.02797460409309,"not",-0.72957351778343,"not",-1.95824626211679,"not",-9.76017376329619,"down",-1.67369271824659,"not",-5.37179929586408,"not",-3.29321651457877,"not"
"ENST00000242839",0,"not",0,"not",0,"not",22.2039460856612,"up",21.5914857595794,"up",22.1066563622128,"up",27.3100372853324,"up",27.6842113541453,"up",27.7017247064856,"up"
"ENST00000606055",2.72978980847596,"not",-0.218226755400473,"not",4.32310775390192,"not",3.25057256709816,"not",-1.13372030003836,"not",-0.307297420055326,"not",-2.3313499276917,"not",-1.88379664456226,"not",-2.10340748183915,"not"
"ENST00000613252",0,"not",0,"not",0,"not",0,"not",0,"not",0,"not",30,"up",27.890613307113,"up",28.2592147617612,"up"
"ENST00000526202",0,"not",0,"not",0,"not",15.7977056587894,"up",0,"not",17.8093922472573,"up",24.7258166971288,"up",27.2343594376434,"up",26.1122655402074,"up"
"ENST00000465261",0,"not",0,"not",17.5985247749591,"up",14.3888883754336,"up",19.1353093111365,"up",17.5293767001668,"up",23.9122115183648,"up",27.539054777656,"up",28.6377902528497,"up"
"ENST00000581816",1.24195250203462,"not",-1.34312111400712,"not",1.09813360377078,"not",-0.361601021006408,"not",0.264522767636981,"not",1.23444153832453,"not",-19.3116853097325,"down",3.40554023095945,"not",-18.5574206561119,"down"
"ENST00000438290",0,"not",0,"not",0,"not",0,"not",0,"not",11.9752915608554,"up",20.9491490636652,"up",21.1950749504274,"up",20.6044679989836,"up"
"ENST00000947242",-18.2819532760072,"down",1.24489050166618,"not",-13.781346347357,"down",2.17343944797967,"not",0.571333360409081,"not",-13.7215826854762,"down",11.296644593227,"up",17.3337206415859,"up",14.0480400752731,"up"
"ENST00000682017",-7.61241850583917,"not",-6.62641026577321,"not",-6.10020055325994,"not",3.40798388142715,"not",5.05809754453982,"not",6.58151134665071,"not",10.8987778265963,"up",11.2736189836093,"up",9.21341288384518,"up"
"ENST00000330949",-1.72236034622519,"not",-5.37831167908858,"not",-2.84059199134778,"not",-2.73215647674741,"not",-3.7128311347278,"not",-2.81907407415334,"not",12.408604276954,"up",12.735841461487,"up",12.125249972213,"up"
"ENST00000375559",-18.5782032027544,"down",4.53691037569947,"not",8.35823673273881,"not",7.12484579085788,"not",7.62901750173063,"not",8.99566090295435,"up",12.7264520557164,"up",13.9384461518111,"up",14.0387751801536,"up"
"ENST00000535094",0,"not",0,"not",0,"not",19.4078448222239,"up",22.1035577363355,"up",20.758624787708,"up",27.8752503565145,"up",28.0633513543472,"up",27.1118357050631,"up"
"ENST00000674313",0,"not",0,"not",18.2782661541501,"up",19.0014866654416,"up",21.8403942207673,"up",24.9788297472147,"up",25.7083117492304,"up",26.0731018610769,"up",26.5246044911116,"up"
"ENST00000267396",16.3660638601162,"not",0,"not",0,"not",0,"not",0,"not",20.1378085947107,"up",25.6920588987417,"up",26.7760129190466,"up",26.1690241035938,"up"
"ENST00000667602",-22.9805775698074,"down",-23.9061371589943,"down",-18.6456997195406,"down",-20.9300808192562,"down",-20.5490532944156,"down",-18.5896416404546,"down",8.31440344935988,"not",7.96648910977889,"not",6.90886872674816,"not"
"ENST00000250448",4.62371738591019,"not",5.44908136265745,"not",9.41244403148255,"up",9.64503857816254,"up",10.3672096673593,"up",11.2543337403957,"up",16.7739169984088,"up",16.7522274843225,"up",16.3911725010619,"up"
"ENST00000670345",2.3200324684284,"not",2.11292917563621,"not",5.69621168595123,"not",3.64667584527015,"not",2.57940589917635,"not",2.61481539659433,"not",-3.72210935854645,"not",-3.27455655214657,"not",-3.49416715549606,"not"
"ENST00000868186",-2.15582612167052,"not",-9.16832419713938,"not",-6.63061349315172,"not",-7.80555152757561,"not",-7.50284954872768,"not",-6.60909565213262,"not",6.82393675192833,"not",7.69097027722256,"not",8.91388025726772,"not"
"ENST00000251091",7.14529085137346,"not",0,"not",0,"not",0,"not",0,"not",0,"not",16.3129613626148,"up",15.3619544026754,"up",16.8311544162621,"up"
"ENST00000355431",14.7479069891978,"not",0,"not",0,"not",13.3846231957738,"not",23.3312106519282,"up",23.967174391111,"up",29.0838724773079,"up",26.8639219747765,"up",28.4871673178716,"up"
"ENST00000329153",13.3431557461501,"up",3.21996425898317,"not",8.03486676440447,"up",13.6277107658212,"up",14.1576049173438,"up",16.0522537511501,"up",19.8641030118469,"up",20.0991428395386,"up",19.5971443972714,"up"
"ENST00000337827",0,"not",7.12209663688993,"not",0,"not",8.47890298438808,"not",9.48370229471001,"up",11.3620413072148,"up",16.837257372316,"up",16.5376187710216,"up",16.2009122370523,"up"
"ENST00000553669",0,"not",0,"not",0,"not",8.20395307562641,"not",9.9951381432862,"not",9.87153968317504,"not",15.3583259630056,"up",16.2832593375949,"up",15.2176977951296,"up"
"ENST00000853581",0,"not",0.982616883847963,"not",4.13631406155539,"not",0,"not",0,"not",0,"not",17.9096707971156,"up",19.5953774802707,"up",19.8167301789391,"up"
"ENST00000361956",0,"not",0,"not",0,"not",0,"not",0,"not",0,"not",30,"up",28.0312530921872,"up",27.904406878624,"up"
"ENST00000936035",-5.2369632617125,"not",-1.08795019066899,"not",1.39557958035711,"not",-1.75727984684092,"not",1.01884086568634,"not",-4.17843380227768,"not",-4.66894096711868,"not",-4.2213886021624,"not",-4.44099898889902,"not"
"ENST00000256362",1.46375654984066,"not",0.184373897660627,"not",2.8484490981464,"not",1.01408518351272,"not",1.07300456228252,"not",1.00956508780724,"not",3.04370048691138,"not",1.57643863544736,"not",-21.832027037713,"down"
"ENST00000552421",2.78004939846146,"not",2.64230133210273,"not",3.13618862763003,"not",0.378093316780766,"not",1.24600470304691,"not",3.18989871551706,"not",-1.61887665704736,"not",-1.17132372788405,"not",-1.39093439147257,"not"
"ENST00000238682",-0.67251876660176,"not",-1.73976234309423,"not",0.7979510840295,"not",-0.376988211182757,"not",-0.074285907515034,"not",0.819468948138708,"not",15.3912237699847,"up",17.1487192068294,"up",17.3068196759512,"up"
"ENST00000330753",10.2442947541805,"up",0,"not",6.66739461177935,"not",9.55008275555902,"up",11.8466463884626,"up",13.9408406854903,"up",18.8902421458658,"up",19.8412751352428,"up",19.258627554112,"up"
"ENST00000216487",0,"not",0,"not",0,"not",20.2786762213751,"up",0,"not",0,"not",26.5393612561771,"up",26.3053606928985,"up",27.1764348293644,"up"
"ENST00000393087",0,"not",0,"not",0,"not",0,"not",0,"not",0,"not",26.578055988421,"up",28.0426320054467,"up",30,"up"
"ENST00000554866",-20.5875844569544,"down",-20.5562934209793,"down",-15.3120899285911,"down",-17.8107869899299,"down",5.49178448878106,"not",-15.2403205989483,"down",11.9951836256618,"up",13.0725757454367,"up",10.7272818217645,"up"
"ENST00000329597",0,"not",0,"not",0,"not",0,"not",20.3696571648545,"up",18.2959267069886,"up",26.8414575683134,"up",28.4876152824182,"up",26.3110874183351,"up"
"ENST00000643862",4.25490176140106,"not",6.80817576499368,"not",8.29791020498535,"up",6.39385718134558,"up",5.64888769745298,"not",4.95718735517916,"not",2.69189869548356,"not",3.48030196313374,"not",3.07985660910922,"not"
"ENST00000335290",0,"not",0,"not",0,"not",0,"not",0,"not",0,"not",24.1263620891456,"up",27.1315891724025,"up",27.2203912346639,"up"
"ENST00000341267",0,"not",16.8540222261649,"up",20.5162438167954,"up",20.2289549425865,"up",21.0432415255219,"up",22.2451716976788,"up",29.3387974638,"up",30,"up",29.5714157883636,"up"
"ENST00000429436",0,"not",0,"not",0,"not",12.6012009049689,"up",23.0557359309738,"up",23.5895481892198,"up",27.4718593411408,"up",27.8898214763533,"up",28.3779267706835,"up"
"ENST00000423312",4.01890852474456,"not",2.62417367081859,"not",5.42445055407221,"not",3.82589880479718,"not",3.93722928965395,"not",4.77993278969175,"not",4.48089838199309,"not",-19.4677365956495,"down",-18.4394622171831,"down"
"ENST00000392634",-9.28552943044478,"not",-10.3270711655715,"not",-7.78935027466535,"not",-8.9642930255441,"not",-6.80736203632512,"not",-7.76783234726899,"not",8.60772290733365,"up",8.91812195473187,"up",8.99837832235874,"up"
"ENST00000563044",0,"not",1.65011472666449,"not",0,"not",2.96297981684363,"not",0,"not",0,"not",17.9400509258126,"up",17.1307516669364,"up",14.8781080438395,"up"
"ENST00000699898",0,"not",0,"not",0,"not",0,"not",20.2016556245904,"up",22.8033868730523,"up",25.4519374334498,"up",28.3571238720612,"up",27.1415164256045,"up"
"ENST00000560702",0,"not",0,"not",0,"not",0,"not",4.99540616037037,"not",8.71712854257081,"not",16.5247021766815,"up",15.3430365568285,"up",14.7028045027072,"up"
"ENST00000771076",0,"not",1.7180893054536,"not",7.16412360258451,"not",7.29181363412493,"not",10.2628957902669,"up",11.5776385753012,"up",16.9938539751023,"up",16.6375078066776,"up",16.4618281806934,"up"
"ENST00000933333",0,"not",0,"not",0,"not",0,"not",0,"not",0,"not",0,"not",29.9522893077201,"up",28.5459620948161,"up"
"ENST00000908747",0,"not",0,"not",0,"not",0,"not",0,"not",21.0452724032824,"up",25.3539507093811,"up",25.7920189535057,"up",25.9483000487419,"up"
"ENST00000260403",0,"not",0,"not",3.48444074532131,"not",0,"not",10.5139593981594,"up",12.3366366039868,"up",15.6359398991323,"up",15.9860828397873,"up",16.1167530397906,"up"
"ENST00000854653",0,"not",2.61949556400155,"not",0,"not",2.31255976116303,"not",0,"not",0,"not",14.2873169276348,"up",15.3514266249873,"up",16.4739199918901,"up"
"ENST00000260324",0,"not",0,"not",0,"not",0,"not",0,"not",0,"not",18.9679344758758,"up",19.4049950942034,"up",18.5124917858261,"up"
"ENST00000559418",0,"not",0,"not",0,"not",0,"not",0,"not",0,"not",21.9751818850318,"up",28.4433531525888,"up",27.6715783338189,"up"
"ENST00000389286",8.63421899694337,"up",7.92496392603574,"up",13.5176074786087,"up",12.5215205293438,"up",15.0225038154988,"up",15.9988740614418,"up",20.4355854931684,"up",20.8582464409031,"up",20.663732302897,"up"
"ENST00000696102",-1.82580300714395,"not",5.64359542275942,"not",-0.331240924061549,"not",2.9308284382734,"not",0.951243354331517,"not",8.64811344933517,"not",14.9269186491592,"up",14.7946749554789,"up",14.252109928654,"up"
"ENST00000895787",0,"not",0,"not",0,"not",0,"not",20.024168797167,"up",23.256821793305,"up",24.7410986678729,"up",24.2887915591034,"up",24.8241665567837,"up"
"ENST00000557998",0,"not",0,"not",0,"not",0,"not",21.370383879421,"up",22.7209449661076,"up",24.7775558784982,"up",24.4798366346624,"up",25.0955559628311,"up"
"ENST00000645819",0,"not",0,"not",0,"not",0,"not",19.536700858494,"up",0,"not",27.6836827216585,"up",25.541131121552,"up",29.6999697391769,"up"
"ENST00000249837",0,"not",0,"not",0,"not",16.2087063630241,"up",23.8761724540156,"up",24.7916409494174,"up",28.0522374885918,"up",30,"up",23.862368558556,"up"
"ENST00000862331",0,"not",12.3515219286101,"not",0,"not",0,"not",18.5529714068456,"up",15.0656067402427,"up",26.5093029131436,"up",25.7065064414034,"up",27.2535137953716,"up"
"ENST00000920201",-22.9382840805894,"down",-22.5373876572667,"down",-19.7239982753523,"down",-21.0353202086745,"down",-20.8577345006325,"down",2.60373885647761,"not",6.73961620907041,"not",9.04460906181958,"not",8.22083082926927,"not"
"ENST00000352385",0,"not",0,"not",23.3489247694994,"up",21.7973845505651,"up",23.7107127738283,"up",24.864906447189,"up",27.8950312319545,"up",29.4198840446841,"up",29.675906563805,"up"
"ENST00000287196",0,"not",0,"not",0,"not",22.3638568004392,"up",0,"not",0,"not",26.8184005926574,"up",27.9834384960888,"up",26.6055529204914,"up"
"ENST00000558964",0,"not",0,"not",23.2956936209884,"up",0,"not",23.4961911433838,"up",25.6474548921196,"up",29.4820112026677,"up",29.9472380280209,"up",29.7052149989391,"up"
"ENST00000562009",4.69148341095574,"not",7.2192884917714,"not",8.57749410912131,"not",4.03041637529871,"not",3.16652056693443,"not",1.86097883180524,"not",0.195722189109709,"not",0.64327393644409,"not",0.423663852769622,"not"
"ENST00000527715",15.3430164486582,"up",14.9419231500225,"up",0,"not",19.2699544497576,"up",23.3641343164498,"up",22.5698569173944,"up",25.8803287983047,"up",27.0770500484641,"up",26.8380556219754,"up"
"ENST00000677238",0,"not",0,"not",0,"not",22.612693868673,"up",23.7502963929455,"up",23.0222398611813,"up",24.8462623200571,"up",26.8343854718346,"up",27.8810998287265,"up"
"ENST00000303329",0,"not",0,"not",0,"not",0,"not",0,"not",24.7898327517026,"up",29.521211071476,"up",29.6984649356114,"up",30,"up"
"ENST00000345382",0,"not",0,"not",0,"not",0,"not",0,"not",0,"not",18.5866973891917,"up",19.2417135910344,"up",18.8825711059513,"up"
"ENST00000394553",0,"not",0,"not",0,"not",0,"not",0,"not",23.2500724180895,"up",27.3502803533969,"up",28.3610106008416,"up",28.2875120359307,"up"
"ENST00000654017",0,"not",0,"not",0,"not",0,"not",0,"not",0,"not",0,"not",28.0913349243437,"up",27.3174802865124,"up"
"ENST00000329841",0.68561805616334,"not",2.06420442335437,"not",5.25910748906541,"not",3.89646915189358,"not",2.546503748456,"not",2.97405410058776,"not",-3.81780001186604,"not",-3.37024971104161,"not",-3.58985908492515,"not"
"ENST00000914333",0,"not",0,"not",0,"not",0,"not",0,"not",19.8385841657776,"up",25.3194407762987,"up",26.5180897179452,"up",27.8960075144091,"up"
"ENST00000962400",-22.2139608472679,"down",-2.33523454991809,"not",-17.2249270040778,"down",3.12782539305275,"not",5.2095847814301,"not",7.07636248247503,"not",12.8254935592729,"up",11.3460229796816,"up",9.74053697199098,"up"
"ENST00000967441",2.33702282724242,"not",-1.55528048484327,"not",0.530820484768715,"not",0.851944855785334,"not",2.90105106864576,"not",3.4641631173672,"not",0.11157715638341,"not",-2.18371837687847,"not",-3.88479948756439,"not"
"ENST00000301732",-2.74769401373184,"not",-5.994832587327,"not",-3.0410894047424,"not",-2.18128805327439,"not",-5.57876726018861,"down",-1.7756934472739,"not",8.03705546655346,"up",7.68590337170891,"up",8.17305158329541,"up"
"ENST00000361837",1.09155051663022,"not",0.0127112179219733,"not",2.11628214359646,"not",1.57248507042893,"not",1.85128684287858,"not",2.98720480959999,"not",-17.4243801069901,"down",3.78062339808366,"not",-16.6242615530918,"down"
"ENST00000161006",0,"not",0,"not",0,"not",0,"not",19.2169169258544,"up",0,"not",26.4195696363658,"up",27.7474717328693,"up",28.2453894084273,"up"
"ENST00000576985",2.63516275682502,"not",-0.7818193454576,"not",1.87788201465304,"not",-0.186511758634111,"not",0.711732247591679,"not",1.43458701957339,"not",3.64420863162744,"not",-3.81760746711571,"not",-4.03721832928095,"not"
"ENST00000252463",0.763543343164097,"not",-0.791702029318407,"not",0.420420589689558,"not",0.195140978893207,"not",0.2069858835739,"not",-0.315338284592342,"not",1.28969378082871,"not",-6.35257323091814,"down",-6.57218387829212,"down"
"ENST00000325568",-6.31948538329527,"not",-7.39136663895157,"not",-4.85365505546135,"not",-6.0285934970873,"not",-5.72589141333097,"not",-4.83213720698474,"not",7.23183694450994,"not",9.75823801614684,"up",8.55007405549452,"not"
"ENST00000534507",0,"not",0,"not",0,"not",0,"not",0,"not",0,"not",14.7184605500148,"up",16.6475945621427,"up",14.2256852737895,"up"
"ENST00000526464",-6.54443612064361,"not",-7.61306730018578,"not",-5.07535438905818,"not",-4.27404759543354,"not",-5.94759120324979,"not",-1.95065164601719,"not",7.39725576677446,"not",9.41079520872686,"up",7.63949192539929,"not"
"ENST00000548807",0,"not",0,"not",0,"not",0,"not",0,"not",0,"not",15.6201454378502,"up",17.3922988389789,"up",16.5917685063738,"up"
"ENST00000425191",0,"not",0,"not",21.0971729522456,"up",0,"not",0,"not",0,"not",28.4960147416099,"up",29.0487501350527,"up",29.848326183875,"up"
"ENST00000614721",0,"not",0,"not",0,"not",0,"not",0,"not",0,"not",27.6273686737766,"up",29.5899180097829,"up",29.9830071769428,"up"
"ENST00000261588",19.0689381991081,"up",0,"not",22.6895217348994,"up",22.2634934794089,"up",23.7585706232864,"up",24.6881755758255,"up",28.1360797234556,"up",28.5429549224239,"up",27.3670569862442,"up"
"ENST00000300835",8.14262482735031,"not",0,"not",9.5957482665142,"up",10.9943970468757,"up",11.9392689326054,"up",13.9091873131688,"up",17.6523549840337,"up",17.8651428486904,"up",17.9061179712628,"up"
"ENST00000297679",0,"not",0,"not",0,"not",0,"not",0,"not",0,"not",24.6874161862314,"up",26.7154496338488,"up",27.0543916022063,"up"
"ENST00000563544",0,"not",0,"not",19.7911250968817,"up",0,"not",0,"not",0,"not",25.99503622581,"up",24.9289123639269,"up",26.7769884225186,"up"
"ENST00000621565",0,"not",0,"not",0,"not",0,"not",21.4478459075005,"up",22.2715738373473,"up",28.3356751876954,"up",26.3728170930788,"up",26.4972621363445,"up"
"ENST00000564907",0,"not",0,"not",0,"not",0,"not",0,"not",0,"not",27.560713684401,"up",29.9146669820529,"up",29.9819743125189,"up"
"ENST00000860561",0,"not",0,"not",0,"not",0,"not",0,"not",0,"not",27.3086991216342,"up",27.3160514416346,"up",29.1879895794111,"up"
"ENST00000268603",0,"not",0,"not",0,"not",0,"not",21.1468265458403,"up",23.2319852810443,"up",28.4512677142587,"up",30,"up",29.8420827664678,"up"
"ENST00000918764",-19.6089849204738,"down",-18.9526069250564,"down",-14.3058299924899,"down",1.62571470709768,"not",10.0682594126408,"not",5.01743531239218,"not",11.2948016685954,"up",9.51811495987584,"up",14.728793952939,"up"
"ENST00000258201",-2.15248510160285,"not",-0.473569027560305,"not",-1.32741514022494,"not",-1.82465233112989,"not",0.593300710447274,"not",1.81092198415424,"not",-6.30948714321673,"not",-5.86193528974481,"not",-6.08154542550012,"not"
"ENST00000393957",0,"not",0,"not",0,"not",0,"not",0,"not",0,"not",17.817919656425,"up",17.5369855969462,"up",18.3977362258832,"up"
"ENST00000329524",0,"not",0,"not",0,"not",0,"not",21.4738011646069,"up",22.1425140975607,"up",25.5964844135297,"up",27.1990024201875,"up",23.5579182120734,"up"
"ENST00000302628",0,"not",0,"not",0,"not",0,"not",0,"not",0,"not",24.8534696380712,"up",27.3249869682,"up",27.3044251202755,"up"
"ENST00000914247",2.05270662020389,"not",-1.08697212893164,"not",1.24003152066169,"not",1.24087210715826,"not",2.63239017061612,"not",1.52572172360967,"not",0.655327851398995,"not",-2.73964583680182,"not",-0.830588098673699,"not"
"ENST00000397992",14.0358326135669,"up",0,"not",16.1919778819577,"up",15.8009465801577,"up",0,"not",0,"not",27.087177078981,"up",29.5207127177714,"up",29.8995264071689,"up"
"ENST00000268489",-4.08439089161205,"not",-2.01744732583117,"not",3.6889481594342,"not",2.44594252391793,"not",1.07410499586528,"not",3.39285262774693,"not",16.2539291452997,"up",16.5698690740146,"up",16.060632276648,"up"
"ENST00000938437",0.848265891451371,"not",-0.767003300133177,"not",-1.29633044669946,"not",-0.86949900451847,"not",2.02383202647028,"not",2.27567541893869,"not",3.12300321012611,"not",-20.6809268253786,"down",-20.3601317437408,"down"
"ENST00000262429",0,"not",0,"not",0,"not",0,"not",0,"not",0,"not",30,"up",28.143891890131,"up",27.9072471678792,"up"
"ENST00000899392",1.8984902990273,"not",1.09946738204097,"not",2.4300451637385,"not",1.03022020789874,"not",-3.77297194113878,"not",-6.91601398619793,"not",-2.97525584482759,"not",-2.52771085406971,"not",-2.74731762234582,"not"
"ENST00000876493",-20.1667603290141,"down",-20.0822775010239,"down",-16.2824080891686,"down",-17.686318556993,"down",-17.5308688691609,"down",-16.2480915532464,"down",11.1270308838986,"up",11.0896444707074,"up",11.1708440657365,"up"
"ENST00000618002",0,"not",0,"not",0,"not",8.3489254978765,"not",11.4400923443123,"up",10.4833931623838,"up",12.9097163361592,"up",15.3735853364724,"up",16.7787150618554,"up"
"ENST00000324015",0,"not",0,"not",0,"not",0,"not",0,"not",0,"not",17.0150248766967,"up",16.4433616416181,"up",15.9689072251312,"up"
"ENST00000453066",0,"not",0,"not",0,"not",0,"not",0,"not",0,"not",19.4991736076746,"up",19.0276805000286,"up",19.2696766005537,"up"
"ENST00000573770",0,"not",0,"not",0,"not",0,"not",0,"not",0,"not",8.81481775097943,"not",18.7519446625269,"up",18.5128496160384,"up"
"ENST00000576406",0,"not",0,"not",0,"not",7.81759320993854,"not",0,"not",0,"not",17.5617690221564,"up",17.4292777975232,"up",16.7876416702624,"up"
"ENST00000389313",0,"not",0,"not",0,"not",0,"not",0,"not",0,"not",23.7916880733837,"up",26.2756889396573,"up",28.4650238672932,"up"
"ENST00000896491",-3.17665954163576,"not",2.38018810735817,"not",2.27057113859162,"not",1.06295536378995,"not",3.24636440291359,"not",4.21741088175274,"not",-4.93383643386641,"not",-4.48628617299503,"not",-4.70589552727393,"not"
"ENST00000519602",0,"not",0,"not",0,"not",0,"not",21.8686994536105,"up",21.3400229780642,"up",23.9854738562368,"up",26.3841870404061,"up",24.5368018503532,"up"
"ENST00000293805",-1.08690372862843,"not",1.25052460042183,"not",3.53397270318522,"not",2.20628420752035,"not",0.526096919354686,"not",2.75937096622168,"not",-18.1639873575909,"down",-17.0444725503803,"down",-17.5502879372059,"down"
"ENST00000573600",-1.42829980252166,"not",-0.777575765820769,"not",2.72212842287786,"not",0.402668215206116,"not",-0.0687306198840017,"not",0.81441371475768,"not",-1.5101864074955,"not",-19.5194326806544,"down",2.68947387098657,"not"
"ENST00000416016",-0.00359799004575036,"not",-2.30542016079083,"not",-0.18421241258107,"not",-3.93706220784516,"not",-0.738892375881016,"not",-0.839227656795514,"not",-9.05742073906457,"down",-2.93336010895178,"not",-8.82947872545843,"down"
"ENST00000306071",0,"not",0,"not",0,"not",0,"not",0,"not",0,"not",16.826563901826,"up",17.6139906180805,"up",17.4568277350657,"up"
"ENST00000967557",0,"not",0,"not",0,"not",0,"not",16.0542183133812,"up",0,"not",26.164405679723,"up",26.0453110497616,"up",26.6775832140571,"up"
"ENST00000353383",0,"not",19.4695447548407,"up",23.7202161894106,"up",23.3807350391329,"up",24.352479285445,"up",25.8586269143103,"up",30,"up",29.6429912858249,"up",29.1042672647679,"up"
"ENST00000866204",0,"not",0,"not",0,"not",0,"not",23.7999921212735,"up",23.5162033326946,"up",27.7853952637796,"up",28.4005165223892,"up",29.3982148586597,"up"
"ENST00000226218",0,"not",0,"not",0,"not",0,"not",12.3629905759338,"up",14.4494818489574,"up",19.0758472153098,"up",20.6643439119917,"up",20.8054560469302,"up"
"ENST00000585453",0,"not",6.09414939631245,"not",0,"not",0,"not",0,"not",10.0805265001661,"not",15.0569434205689,"up",16.9748157718711,"up",16.4809757931263,"up"
"ENST00000618626",0,"not",0,"not",0,"not",0,"not",20.8357219824188,"up",20.1424265091515,"up",25.8445268677777,"up",26.0598451063757,"up",23.8079648630338,"up"
"ENST00000254079",3.73507758514314,"not",2.60693482562939,"not",2.33101038436993,"not",4.01988040680828,"not",4.44990886911066,"not",3.79128096017776,"not",-0.134463111702102,"not",0.313090261767706,"not",0.0934793801615154,"not"
"ENST00000393881",0.262227962590771,"not",1.57821171786601,"not",2.02330746625997,"not",3.97374668588312,"not",5.41718986239506,"not",4.86828592862119,"not",-15.7899921573353,"down",0.299058155188705,"not",-15.1968878888987,"down"
"ENST00000928838",19.9145329576804,"up",0,"not",0,"not",0,"not",0,"not",0,"not",28.9980997811787,"up",28.4777531660427,"up",26.7345605125109,"up"
"ENST00000318579",0,"not",0,"not",0,"not",3.42849643338463,"not",0,"not",0,"not",18.2082367565568,"up",16.9050540340986,"up",17.2230502762716,"up"
"ENST00000922774",1.46823899865316,"not",0.338775723718064,"not",2.09874975835167,"not",1.53836606925667,"not",0.980409221644596,"not",-3.40381158964947,"not",1.59235787102602,"not",-18.4839505936447,"down",-18.9130155886289,"down"
"ENST00000393664",-3.7206960226264,"not",-1.93343431399375,"not",-1.3529955683135,"not",-3.05690599453629,"not",-3.89404900693167,"not",-2.49200178194695,"not",-6.1550047367377,"not",-1.62102823794592,"not",-5.92706242505039,"not"
"ENST00000319349",1.73354991841491,"not",0.112054225300059,"not",2.15608920652608,"not",1.44673242361816,"not",1.24062232489557,"not",-0.430583892663531,"not",-2.9356985858429,"not",-3.44973270238534,"not",-6.11288224754856,"not"
"ENST00000225512",4.45742745762609,"not",1.23170635106882,"not",4.21846333240379,"not",2.58129880388703,"not",2.3379548318403,"not",3.22911131333834,"not",-1.16414185319303,"not",-4.11616140923855,"not",-4.33577176351279,"not"
"ENST00000300557",0,"not",0,"not",0,"not",0,"not",10.0710867653992,"not",10.560109339455,"not",16.1377865540082,"up",16.7550575142954,"up",16.7557844175652,"up"
"ENST00000393408",13.4890403733452,"up",11.9097608532684,"not",21.8590262253659,"up",16.2351840737051,"up",22.0563975440251,"up",24.451178513683,"up",28.9759885328689,"up",25.4410964975819,"up",27.3227182303316,"up"
"ENST00000330070",0,"not",0,"not",0,"not",0,"not",0,"not",0,"not",18.0760256039553,"up",18.4593657983199,"up",18.2459516906769,"up"
"ENST00000470495",0,"not",0,"not",0,"not",0,"not",0,"not",0,"not",29.3959198596055,"up",29.244952716869,"up",27.7663306547692,"up"
"ENST00000332503",17.6530259297195,"up",0,"not",0,"not",0,"not",0,"not",0,"not",26.5227691394651,"up",26.5914370344593,"up",25.2190260225891,"up"
"ENST00000172229",-22.6510319968399,"down",0.300514140405988,"not",-18.5713962553394,"down",-20.0927674984721,"down",-20.0736220377795,"down",-18.516745877697,"down",11.6943167706218,"up",9.31537927899318,"not",11.5436752148785,"up"
"ENST00000583356",0,"not",0,"not",0,"not",0,"not",0,"not",0,"not",25.913710774077,"up",27.4245880141145,"up",26.1103018283395,"up"
"ENST00000413366",0,"not",0,"not",8.545100192379,"not",12.2887499968706,"up",14.4070937212872,"up",14.6347203153184,"up",17.3397939055573,"up",18.062922819533,"up",18.4996683339503,"up"
"ENST00000886834",-1.79508576665498,"not",-2.87497486171065,"not",-0.33726709786721,"not",-1.51220377102984,"not",-1.20950214288677,"not",-0.315749281778277,"not",13.3099193725263,"up",13.9773992489694,"up",13.0410428413327,"up"
"ENST00000649793",0,"not",0,"not",0,"not",0,"not",8.8278656530965,"not",11.7213296310257,"up",15.1106970884119,"up",16.9604088127966,"up",15.4559499712983,"up"
"ENST00000299886",0,"not",0,"not",24.7917152120674,"up",22.1677511375968,"up",24.5069425336877,"up",25.6193895966945,"up",27.8174703166423,"up",29.1075190181967,"up",29.804951162926,"up"
"ENST00000861530",-17.9813753595357,"down",-17.2767591342916,"down",-0.230832948945552,"not",-15.9414224597063,"down",0.846553914045259,"not",4.89004018002368,"not",13.2263515390502,"up",15.6320489812071,"up",10.2067199328739,"up"
"ENST00000864030",2.87822596611507,"not",-20.4966618961528,"down",-16.9085663213765,"not",-18.067503314565,"down",-17.9028565374961,"down",-16.88450840358,"down",6.76178007551781,"not",12.1951664553378,"not",11.6392834935503,"not"
"ENST00000322957",0,"not",0,"not",0,"not",23.8151810978442,"up",24.2198927776166,"up",24.2685310314031,"up",30,"up",29.6848122196669,"up",28.9748466039074,"up"
"ENST00000156626",0,"not",0,"not",0,"not",0,"not",0,"not",0,"not",0,"not",28.7077017833375,"up",27.5766672275185,"up"
"ENST00000579760",0,"not",0,"not",0,"not",20.2876901326261,"up",22.9377824647903,"up",22.7859062653562,"up",26.3746202869968,"up",23.8883938729026,"up",25.487132538415,"up"
"ENST00000578544",1.93716632840583,"not",0.118170614037967,"not",0.0427802420188705,"not",-1.02842191509807,"not",0.452199671152215,"not",1.3116899217931,"not",-4.07506839009862,"not",-3.62751560799896,"not",-3.84712619942453,"not"
"ENST00000269162",3.6268402031223,"not",3.57581959465654,"not",2.44694333742679,"not",4.61771770197776,"not",-1.09758049527969,"not",-0.882435798093381,"not",0.676063652122171,"not",0.539460365210001,"not",0.4170009801012,"not"
"ENST00000540918",0,"not",12.3574749146852,"not",0,"not",15.8504403447846,"up",0,"not",0,"not",25.6025856988191,"up",26.8230995541224,"up",27.3288666801357,"up"
"ENST00000237014",0,"not",0,"not",0,"not",0,"not",0,"not",14.2454036725361,"up",17.9728480224476,"up",20.9562264467722,"up",23.6496618885462,"up"
"ENST00000854481",0,"not",0,"not",0,"not",0,"not",0,"not",0,"not",29.8900798318106,"up",29.861464252975,"up",29.9766550626451,"up"
"ENST00000854476",-23.9780014697218,"down",-24.0981978577896,"down",-22.2410441710379,"down",-23.1478027405726,"down",-22.9653110036024,"down",-22.223934307372,"down",6.9378338038907,"not",8.07202345066217,"not",7.84388567720989,"not"
"ENST00000597599",-22.1739282647317,"down",-22.6212532412438,"down",-18.000130957678,"down",-20.1366444913628,"down",-19.8150127569129,"down",-17.9452505350969,"down",7.38156666012274,"not",9.0856743313274,"not",8.69640995026665,"not"
"ENST00000436190",0,"not",0,"not",0,"not",0,"not",0,"not",0,"not",12.8321009425681,"up",14.5183767422347,"up",19.3132773015923,"up"
"ENST00000262094",0,"not",0,"not",0,"not",0,"not",0,"not",20.1013534042971,"up",27.034512250178,"up",30,"up",29.1830182941106,"up"
"ENST00000431212",2.22051814265944,"not",-4.46295180047157,"not",-1.92523066728092,"not",1.82955224312827,"not",1.60813069897055,"not",-0.620386910127868,"not",8.05323680966057,"up",12.6087209333074,"up",14.798392339116,"up"
"ENST00000536984",2.83000335540353,"not",2.2079676099435,"not",0,"not",0,"not",6.35062534211913,"not",0,"not",15.5574886108439,"up",15.9629824177217,"up",15.7501180240423,"up"
"ENST00000397968",-0.236848727784746,"not",-2.60710525135588,"not",-1.19603797065541,"not",-5.77292754045201,"not",-0.0651043118367656,"not",-1.70445697082266,"not",13.1273070117871,"up",12.9798010654385,"up",11.7539733532529,"up"
"ENST00000322038",18.1990189734815,"up",0,"not",0,"not",17.0535091870536,"up",0,"not",0,"not",29.9567640209571,"up",27.5434087411947,"up",29.1553082112008,"up"
"ENST00000580243",0.326826877500765,"not",-2.90169279667292,"not",-5.19193983715583,"not",-0.428681044502833,"not",1.07723043126253,"not",-1.7734511563282,"not",9.16824953444105,"up",11.1618894586786,"up",10.2542419226466,"up"
"ENST00000578092",0,"not",0,"not",0,"not",0,"not",0,"not",8.15631397726044,"not",15.0960803647478,"up",15.3543581470299,"up",15.4091546588034,"up"
"ENST00000915360",0,"not",0,"not",22.7673619041793,"up",0,"not",24.8304622729489,"up",24.3870416248876,"up",27.2275911111508,"up",27.3931278353526,"up",28.2381163219708,"up"
"ENST00000397778",0,"not",0,"not",0,"not",22.7871629217551,"up",22.2384952023228,"up",20.8381873255826,"up",26.4593822010414,"up",27.6316662566866,"up",26.8684483426791,"up"
"ENST00000905917",0,"not",3.2043337286198,"not",11.5150543685217,"up",7.94763483479877,"not",11.2653357837746,"up",11.1197955390993,"up",16.3208086195324,"up",15.2455875353656,"up",16.2276785765504,"up"
"ENST00000264554",0,"not",9.63020747367738,"up",13.9860161273849,"up",13.8403299908446,"up",14.2864544165225,"up",14.3717338787905,"up",19.318986538517,"up",20.3935603127148,"up",19.9380949210363,"up"
"ENST00000251289",0,"not",0,"not",0,"not",0,"not",0,"not",0,"not",0,"not",28.4411096754516,"up",27.5288570749111,"up"
"ENST00000568865",1.85614307880461,"not",0.214536102387605,"not",2.6395311353484,"not",2.19303530281416,"not",2.28298053216412,"not",3.98103088581497,"not",-20.1831851433619,"down",-20.9396390522829,"down",-20.5816823026111,"down"
"ENST00000590536",0,"not",0,"not",22.9497019490244,"up",23.253809093887,"up",23.6217905141388,"up",23.7445074079154,"up",26.872411780108,"up",26.670769008935,"up",26.7784072561109,"up"
"ENST00000262953",0,"not",6.17669309523846,"not",12.1374321062569,"up",11.1334427435978,"up",13.6749849592892,"up",15.1573636755454,"up",17.1337940084352,"up",18.3110260311691,"up",17.6544282837484,"up"
"ENST00000577920",0,"not",0,"not",0,"not",0,"not",0,"not",15.8447556769583,"up",26.3997653575033,"up",26.8454234678289,"up",25.8408872726095,"up"
"ENST00000538904",0,"not",0,"not",20.8895157081154,"up",18.9818547369158,"up",0,"not",0,"not",28.043061135529,"up",27.8107568977787,"up",27.1289035657237,"up"
"ENST00000962893",2.90311843218315,"not",0.679312504674131,"not",2.30836091925492,"not",1.79753157349787,"not",1.68782617807381,"not",-2.27897646027707,"not",-2.9270081429288,"not",-2.47945537628762,"not",1.38641700347606,"not"
"ENST00000592904",10.9902043967392,"not",0,"not",20.9267614962037,"up",19.7376249699893,"up",20.1094491730878,"up",22.7250161497197,"up",27.3035131722594,"up",26.9385747693454,"up",26.3722843300052,"up"
"ENST00000550507",17.2728931909764,"up",0,"not",0,"not",17.8164270271107,"up",21.673911847765,"up",22.5924063318057,"up",26.3610278635145,"up",27.6101938996566,"up",26.4143134067257,"up"
"ENST00000881206",-1.99559322913846,"not",-1.60467213136078,"not",-2.19782913091154,"not",0.590221921178163,"not",-1.55734959578614,"not",3.14855792880343,"not",-5.21593139426078,"not",1.06096547021915,"not",-4.98799016750199,"not"
"ENST00000928454",0,"not",0,"not",20.7705841864556,"up",0,"not",0,"not",0,"not",26.9585886648561,"up",27.264036806267,"up",25.0250825141073,"up"
"ENST00000392219",0.49777320136526,"not",-0.0742980243207265,"not",2.07956488025934,"not",0.821464157559303,"not",0.96369259841206,"not",2.04481305973428,"not",-18.4978873130785,"down",2.72334921638103,"not",-17.8652714242765,"down"
"ENST00000592354",3.81247354187542,"not",1.01605780026926,"not",6.12409495691868,"not",2.63367016145125,"not",3.6639145448417,"not",-4.49223210457076,"not",-0.551438899944469,"not",-0.103889927114103,"not",-0.323498649361512,"not"
"ENST00000316950",-1.62048012616571,"not",-2.67377388268947,"not",-0.136055920503398,"not",9.09434364489946,"not",9.7229883235055,"up",9.60099348684759,"up",14.9746928358586,"up",14.8373521589578,"up",15.0388428354333,"up"
"ENST00000599539",-1.05399995262497,"not",-0.247264336421789,"not",1.8038583178216,"not",1.7174241164058,"not",2.24999546332219,"not",2.0175768008752,"not",2.12524971279987,"not",-20.1014923745844,"down",-0.125099423099524,"not"
"ENST00000874164",0,"not",0,"not",0,"not",0,"not",0,"not",0,"not",23.7698582301012,"up",28.177570477652,"up",27.5754797948587,"up"
"ENST00000221315",16.7005649870021,"up",0,"not",0,"not",0,"not",24.3274011982402,"up",25.4821554874819,"up",28.6583354158667,"up",27.6901167741459,"up",27.7862463505093,"up"
"ENST00000301194",21.4099021320175,"up",16.3708075555546,"up",0,"not",17.1144605249968,"up",0,"not",19.4239637404006,"up",27.4743948950569,"up",27.4230965028734,"up",27.9996858493619,"up"
"ENST00000893954",16.545336072166,"up",14.5806107221512,"not",0,"not",0,"not",0,"not",0,"not",27.2025394801193,"up",27.1465447921955,"up",27.310097272637,"up"
"ENST00000376530",0,"not",0,"not",0,"not",0,"not",0,"not",0,"not",28.3450483513537,"up",28.2814823396349,"up",29.0268067557274,"up"
"ENST00000376531",-20.3588951774406,"down",-19.6969753415033,"down",-12.9539539279477,"not",-15.3637460224919,"down",-15.2384100624971,"down",3.86653333707907,"not",13.7862898590521,"up",14.9299243862683,"up",14.9963693120054,"up"
"ENST00000890315",0,"not",0,"not",0,"not",0,"not",14.2444742356742,"not",13.8840230590577,"not",25.5806133506811,"up",26.6125667016145,"up",26.5359840394254,"up"
"ENST00000245618",1.4957734502967,"not",1.74388178707909,"not",1.93026792921979,"not",2.6257470203712,"not",-1.0552669499636,"not",-5.92364312527127,"not",-1.9828769715076,"not",-1.53533107079626,"not",-1.7549382855793,"not"
"ENST00000587845",1.23050673831477,"not",1.14017961436964,"not",2.38389903172518,"not",3.49545831212476,"not",1.2736326250291,"not",4.20125206901397,"not",3.09007901636158,"not",-4.04103460415412,"not",1.1706670231588,"not"
"ENST00000541801",-6.81598022224225,"not",-7.90647465016275,"not",0.50246605255984,"not",-6.54370709084566,"not",-6.24100624709665,"not",-5.34725570197978,"not",9.61640398370574,"not",5.59341378577683,"not",7.22144929254173,"not"
"ENST00000594328",-0.262655457310655,"not",0.576535935708828,"not",2.99827129488909,"not",3.6335912281804,"not",3.72336377101762,"not",2.75650352842944,"not",-17.1648289281683,"down",-15.921112946752,"down",-16.4826258940226,"down"
"ENST00000933729",-23.262579845739,"down",-22.7558634383898,"down",-21.4676895165821,"down",-22.2767600292829,"down",-0.882030377457199,"not",-4.14798694567315,"not",7.77578945516806,"not",8.31638448991538,"not",7.79344015563939,"not"
"ENST00000815261",0.128909077982889,"not",-2.62906993934069,"not",-0.170883417680331,"not",-1.36376209701239,"not",-2.71858580428028,"not",-0.778868696868251,"not",1.23588240481249,"not",-4.67814796355401,"not",-4.89775883636823,"not"
"ENST00000938589",14.0493174471478,"not",0,"not",0,"not",21.2693032924743,"up",22.2228352993958,"up",24.0442103699609,"up",28.4416433824831,"up",27.7722906850728,"up",26.6648562043097,"up"
"ENST00000281419",0,"not",0,"not",0,"not",12.9775745694055,"up",22.6409203824305,"up",23.3367546896267,"up",29.5100723727482,"up",30,"up",29.7157826664747,"up"
"ENST00000360635",0,"not",0,"not",21.2385638205104,"up",19.5494632706954,"up",22.9722945149633,"up",20.2992463217637,"up",27.9496515597755,"up",28.5499229266203,"up",26.7125144240111,"up"
"ENST00000699836",-23.4056964924783,"down",-22.2719701045421,"down",-20.3545491969915,"down",-20.6854517985279,"down",-20.9714974603569,"down",-20.3220297822423,"down",10.810787161702,"not",9.7129561641181,"not",8.77777498453343,"not"
"ENST00000851924",-22.7273171449237,"down",1.11572003807247,"not",-18.1820671571683,"down",-20.344921449133,"down",-20.0928189586737,"down",-18.1214312546497,"down",6.43156534959311,"not",8.99030444736258,"not",8.68318263914472,"not"
"ENST00000361999",0,"not",18.6846920034646,"up",0,"not",0,"not",0,"not",0,"not",26.4772200698213,"up",27.5249481246718,"up",27.5733323690623,"up"
"ENST00000905942",0,"not",18.6931926520319,"up",0,"not",0,"not",0,"not",0,"not",27.387620147601,"up",27.8609690653577,"up",28.1436799301174,"up"
"ENST00000288710",0,"not",0,"not",4.13602652897676,"not",7.50977813696049,"not",9.84986341146674,"up",8.6228468643192,"not",16.9731200953767,"up",16.6678305664973,"up",16.329850215525,"up"
"ENST00000902793",0,"not",0,"not",0,"not",0,"not",0,"not",0,"not",28.9210944317303,"up",29.8944163891389,"up",28.69955335252,"up"
"ENST00000320081",0,"not",0,"not",0,"not",25.0731650394672,"up",24.8619761989394,"up",21.1469215868263,"up",26.535817363227,"up",29.5566528567237,"up",30,"up"
"ENST00000683329",1.01149539235109,"not",1.32675008450557,"not",1.04141800874419,"not",2.94103672357576,"not",-7.58524933144156,"not",2.45978262421449,"not",-2.75074669573782,"not",-2.30320170497994,"not",-2.52280847325605,"not"
"ENST00000306156",8.76874371179293,"not",0,"not",0,"not",6.9533428469952,"not",8.53717481662372,"not",0,"not",15.3664415082369,"up",15.9811645164822,"up",16.6226805050275,"up"
"ENST00000355426",8.67614198693501,"not",0,"not",0,"not",0,"not",0,"not",9.66438389700338,"not",18.6282999027139,"up",18.8110834168566,"up",19.3098365067904,"up"
"ENST00000453186",0,"not",0,"not",0,"not",0,"not",21.6734228190854,"up",23.2269802114437,"up",24.9395823703156,"up",25.9294052477266,"up",26.0819925274696,"up"
"ENST00000560281",0,"not",0,"not",0,"not",0,"not",0,"not",0,"not",13.8908830091711,"up",17.4680178442776,"up",15.9901927194505,"up"
"ENST00000488550",0,"not",0,"not",6.64804941782968,"not",0,"not",3.48925339062051,"not",10.6978482771919,"up",17.8059633897217,"up",17.2816080654301,"up",16.5278963681375,"up"
"ENST00000345517",0,"not",0,"not",0,"not",0,"not",0,"not",0,"not",26.8669617701516,"up",25.8675986549605,"up",26.3877568279005,"up"
"ENST00000402739",0,"not",0,"not",0,"not",0,"not",21.5653583241268,"up",21.823633413289,"up",27.5109070121803,"up",22.0259674734732,"up",26.1943403746553,"up"
"ENST00000393487",0,"not",0,"not",19.6703888594844,"up",24.1362146642104,"up",24.4563663700904,"up",25.930516034066,"up",28.2735889452031,"up",28.6096491142196,"up",29.9977901850853,"up"
"ENST00000264047",-2.79765797632647,"not",-3.87920455268813,"not",-1.34149768120571,"not",-2.51643394121293,"not",-2.21373241951204,"not",-1.31997987268332,"not",10.9047307324907,"up",13.2940682578987,"up",13.4433488345585,"up"
"ENST00000461707",0,"not",0,"not",0,"not",0,"not",20.4228121831265,"up",0,"not",28.0271426057655,"up",25.9432170896278,"up",26.23620494393,"up"
"ENST00000331203",0,"not",0,"not",0,"not",19.0754834389097,"up",23.6030356489073,"up",24.1489904237285,"up",27.5490598225905,"up",27.0323203870574,"up",27.2349177670937,"up"
"ENST00000801452",0,"not",0,"not",0,"not",19.5431139780998,"up",0,"not",0,"not",26.7887534394644,"up",25.6385498216669,"up",24.7768435289437,"up"
"ENST00000393147",3.03639987196228,"not",0,"not",7.95960441569587,"not",0,"not",0,"not",0,"not",18.0477746427939,"up",19.4555672342251,"up",18.3682196331238,"up"
"ENST00000850649",-0.910561757592726,"not",-9.21596322145233,"down",-6.67823588885338,"not",-3.73297225419117,"not",-2.12958166956767,"not",-0.510000244334625,"not",8.06305028437614,"up",8.83100015402254,"up",9.18712013266616,"up"
"ENST00000851971",0,"not",0,"not",0,"not",0,"not",0,"not",0,"not",26.2410843532884,"up",27.0371448299398,"up",28.6557594282441,"up"
"ENST00000911772",0,"not",0,"not",0,"not",0,"not",0,"not",0,"not",25.6920404114157,"up",26.545965311342,"up",26.1373966039375,"up"
"ENST00000259216",-1.41398226897325,"not",-0.700303723882786,"not",4.27552216607461,"not",6.03020269802561,"not",8.05732541622316,"up",9.13243659493437,"up",8.78497425492606,"up",13.4895625751072,"up",15.2227260511852,"up"
"ENST00000345008",-5.18556127425703,"not",-6.2446476919876,"not",-3.70693143468402,"not",-4.88187204024499,"not",-4.57916939898913,"not",-1.75734898124885,"not",9.12539841973263,"up",10.6752136326834,"up",10.4455012937821,"up"
"ENST00000558170",0,"not",0,"not",0,"not",0,"not",15.7489839689582,"up",0,"not",26.0511388840797,"up",26.7914021298735,"up",28.0732989810768,"up"
"ENST00000409642",0,"not",0,"not",0,"not",0,"not",9.27641885291197,"not",12.6198006257642,"up",15.7147610231045,"up",14.9391339877998,"up",16.7940261856808,"up"
"ENST00000899448",0,"not",0,"not",0,"not",0,"not",0,"not",0,"not",27.8616774755115,"up",26.220058208668,"up",24.3801926506895,"up"
"ENST00000953167",0,"not",0,"not",0,"not",0,"not",0,"not",0,"not",24.7036300426567,"up",27.9383867821198,"up",28.4831241187106,"up"
"ENST00000939552",-21.6780852130131,"down",-20.1646036035803,"down",-18.5983405426427,"down",-18.6276759495077,"down",-19.0240545018415,"down",-18.5730267113297,"down",11.1023245873543,"not",10.2840080855586,"not",9.88165814717906,"not"
"ENST00000873501",0,"not",0,"not",5.34061055497139,"not",0,"not",0,"not",0,"not",15.5322921091179,"up",17.4322206944118,"up",17.1258808968178,"up"
"ENST00000418842",-2.5551392720138,"not",-3.66232345102536,"not",-1.12463944367106,"not",-2.29956511778537,"not",-1.99686632335233,"not",4.50393850128275,"not",7.96251295264116,"not",17.8783992961109,"up",19.1547048986401,"up"
"ENST00000649979",20.3111970419158,"up",0,"not",0,"not",0,"not",0,"not",0,"not",27.4940361928431,"up",29.21536534122,"up",29.3061130105286,"up"
"ENST00000409420",-20.8184924476482,"down",-19.6386715430033,"down",-13.7781151341799,"down",1.02449369931938,"not",2.22237264244242,"not",2.05059908627268,"not",12.629602336947,"up",12.6558231909223,"up",10.5756187766107,"up"
"ENST00000392701",-23.2610863816524,"down",-23.3394491517871,"down",-19.796061636814,"down",-21.4180043600436,"down",-21.2428294290102,"down",2.38107966509261,"not",6.09728674001387,"not",9.00748671416892,"not",9.31931198920244,"not"
"ENST00000902718",-21.9967898503981,"down",-23.1200765298686,"down",-16.4731463634221,"down",-19.1006304360623,"down",-18.6852689746855,"down",4.09744534281308,"not",6.80918139712612,"not",9.3694414011484,"not",10.1811624442806,"not"
"ENST00000392663",0,"not",0,"not",0,"not",8.08105606350041,"not",9.93534779773372,"not",10.8235381709202,"not",15.727315171884,"up",16.1662941123172,"up",16.7119562708867,"up"
"ENST00000272797",0,"not",18.1663098293549,"up",0,"not",19.5518848167771,"up",21.9432189343722,"up",21.7870108972647,"up",26.3874634031673,"up",25.9529213045094,"up",25.4295730822543,"up"
"ENST00000375281",2.9243478298679,"not",1.55836835687785,"not",2.80236939688195,"not",2.82717562618586,"not",3.7792878607965,"not",3.07294341361404,"not",-3.12452759223129,"not",-2.67697517534056,"not",-2.89658558756101,"not"
"ENST00000306324",0,"not",0,"not",0,"not",0,"not",0,"not",0,"not",16.4619763191433,"up",16.5024348740195,"up",15.6845614482754,"up"
"ENST00000249440",0,"not",0,"not",0,"not",0,"not",0,"not",0,"not",24.9814691294661,"up",27.721484750191,"up",27.9179472880052,"up"
"ENST00000286063",0.00981980589493605,"not",-1.45434949915259,"not",3.28395085536648,"not",4.15674543788218,"not",6.08232389072346,"up",6.99640629880932,"up",14.7527062184166,"up",14.4913673772256,"up",12.0794906654876,"up"
"ENST00000336917",0,"not",0,"not",0,"not",0,"not",23.0428750618101,"up",19.567178532681,"up",25.2119270507113,"up",25.8098627945417,"up",22.4789395266116,"up"
"ENST00000295108",3.21107342906295,"not",4.64625168306055,"not",0,"not",4.11626153601464,"not",5.32170701176839,"not",0,"not",13.6584859175972,"up",19.481797696479,"up",19.2025657747696,"up"
"ENST00000874158",0,"not",0,"not",0,"not",0,"not",0,"not",0,"not",0,"not",29.6605697371959,"up",26.3602012472889,"up"
"ENST00000233156",15.4621573691248,"up",0,"not",0,"not",19.0994907614615,"up",20.0945399985439,"up",21.2611668983061,"up",25.0282944722989,"up",26.6009824260113,"up",25.4484859860319,"up"
"ENST00000686960",0.990538657595107,"not",0.311566938224127,"not",3.36353319943541,"not",2.24827699859825,"not",1.3656125215751,"not",1.67067763441467,"not",-6.20069662470588,"not",-5.7531440935397,"not",-5.9727545618342,"not"
"ENST00000779284",1.88727048444361,"not",0.328380476660331,"not",2.88716348563334,"not",2.27065893841624,"not",2.78373552270578,"not",0.233223731892904,"not",-5.27103418096484,"not",-4.82348189802824,"not",-5.04309224451846,"not"
"ENST00000702947",1.83575347559179,"not",1.2494843307919,"not",4.23082436788078,"not",3.02292189950281,"not",-1.01077321615979,"not",1.48793675453535,"not",-18.4322173871613,"down",-19.6883372457601,"down",-19.0579838084989,"down"
"ENST00000447232",0,"not",0,"not",0,"not",0,"not",21.4561752430936,"up",22.7055329712413,"up",25.313330262199,"up",26.5008492202139,"up",26.6707336287274,"up"
"ENST00000337386",0,"not",0,"not",0,"not",19.9368886795052,"up",22.9720725258107,"up",22.2545520896486,"up",28.3332636592389,"up",26.69071183479,"up",27.0376390224235,"up"
"ENST00000428675",0,"not",0,"not",4.64815908093096,"not",5.72495468193989,"not",6.32640849222937,"not",7.82152992310053,"up",20.2300394691869,"up",20.5778574280878,"up",19.9475936133707,"up"
"ENST00000891363",-18.5374969532204,"down",-0.695252982514204,"not",1.41090473600722,"not",6.25860262810546,"not",-16.4596868509581,"down",-15.289509031857,"down",13.4020658896649,"up",11.3308400963863,"up",11.771565127468,"up"
"ENST00000891346",-0.0507817932802903,"not",0.790788478778963,"not",0.0581334107662089,"not",-5.75613062197748,"not",-1.95083211837468,"not",-4.55967100727196,"not",9.83089886553426,"up",11.3119576631483,"up",10.2194125194713,"up"
"ENST00000415913",0,"not",0,"not",0,"not",25.2979768349104,"up",24.2983569096884,"up",23.9344793167895,"up",29.4856891408218,"up",29.6004425979145,"up",25.7600639919322,"up"
"ENST00000907243",0,"not",0,"not",0,"not",0,"not",14.414057893681,"up",0,"not",27.5437586103553,"up",28.050628472399,"up",25.0650785230608,"up"
"ENST00000907251",0,"not",0,"not",0,"not",0,"not",0,"not",0,"not",26.8869935542621,"up",26.9277832179546,"up",25.5784522177,"up"
"ENST00000907255",0,"not",0,"not",0,"not",0,"not",0,"not",0,"not",27.7370573073149,"up",25.9994716013816,"up",28.8199876001344,"up"
"ENST00000436443",0,"not",0,"not",0,"not",0,"not",20.6167351231653,"up",0,"not",26.0727359057905,"up",29.450543456568,"up",28.7832214781174,"up"
"ENST00000852785",0,"not",0,"not",0,"not",14.553540960341,"up",20.3775924997711,"up",22.2303578062895,"up",24.5876611765132,"up",26.2312474206425,"up",25.3058836561604,"up"
"ENST00000342002",0,"not",0,"not",0,"not",17.55436219128,"up",19.0257375909935,"up",20.5260404062179,"up",26.6764446993764,"up",26.0463701234858,"up",26.6578388066477,"up"
"ENST00000421182",0,"not",0,"not",0,"not",17.3517043461301,"up",24.7516998447049,"up",27.3321383240542,"up",28.9583202640716,"up",25.5544674919861,"up",29.184267166218,"up"
"ENST00000357867",0,"not",0,"not",0,"not",17.1410740895442,"up",24.2048843717023,"up",27.0826171347149,"up",28.7361184141036,"up",25.307131315374,"up",28.7703382694236,"up"
"ENST00000443816",0,"not",0,"not",0,"not",17.3815278412982,"up",24.8780286880743,"up",27.2814451508355,"up",29.0156573369852,"up",25.6846745601408,"up",29.5404586209306,"up"
"ENST00000432072",17.6753622334332,"not",0,"not",0,"not",21.2180294088573,"up",24.4019926363724,"up",24.2812771603208,"up",29.6000729368996,"up",30,"up",27.985897238399,"up"
"ENST00000356005",0,"not",0,"not",0,"not",17.3496311896146,"up",25.0015858748748,"up",27.1692034417951,"up",29.034860159907,"up",25.6727462982326,"up",29.9627063825299,"up"
"ENST00000456923",13.3926986582865,"not",0,"not",0,"not",18.4666834780643,"up",24.3602535743646,"up",27.8018675651382,"up",27.8067660513678,"up",29.0852977059785,"up",24.124937194418,"up"
"ENST00000865084",0,"not",0,"not",11.7055612021269,"up",6.78743830214005,"not",13.8300693926939,"up",17.0262019414636,"up",19.2501233278884,"up",15.809839618241,"up",18.5801052878678,"up"
"ENST00000336916",0,"not",0,"not",10.7576503904349,"up",7.36909039083488,"not",14.8751382446488,"up",17.5493836274755,"up",19.6035114722109,"up",16.1883593104896,"up",19.2545678182118,"up"
"ENST00000446046",0,"not",0,"not",0,"not",6.8322651415875,"not",14.0789764548968,"up",17.1470980327045,"up",19.4243330018913,"up",15.6682968905726,"up",18.6974783936329,"up"
"ENST00000879964",0,"not",0,"not",20.8756875985876,"up",20.8161588655424,"up",23.4000791208418,"up",24.4847603650918,"up",28.3469711989491,"up",29.4526826486124,"up",22.4619596058252,"up"
"ENST00000248444",0,"not",0,"not",17.9924261752508,"up",21.4970340453099,"up",23.4608802732905,"up",25.2175916068993,"up",30,"up",29.6740182486004,"up",29.3472555647138,"up"
"ENST00000295731",0,"not",4.21989437944958,"not",8.07131623390856,"not",5.39929892611067,"not",10.3920563836607,"up",16.2893244732369,"up",15.6894148643146,"up",16.712107640443,"up",15.9600044611142,"up"
"ENST00000321276",-0.163755132261269,"not",-0.484605874709618,"not",1.69218465080509,"not",3.58485410519717,"not",2.97279644343122,"not",3.42629100047301,"not",14.7391967286403,"up",15.4336469834954,"up",14.2420529424296,"up"
"ENST00000644695",0,"not",0,"not",0,"not",0,"not",0,"not",0,"not",27.2264682642169,"up",27.6985229156442,"up",26.9237751118943,"up"
"ENST00000295190",-0.960753254040512,"not",-3.42106289862482,"not",-7.91017038552861,"not",-9.08511509907759,"down",-3.06501553407072,"not",-4.49587192987055,"not",8.64991386926933,"up",7.76668108257797,"up",8.18251254544018,"up"
"ENST00000340126",0,"not",0,"not",0,"not",0,"not",0,"not",0,"not",23.9556924454708,"up",26.5792811158444,"up",28.317616349249,"up"
"ENST00000254661",14.2493072156745,"not",0,"not",0,"not",0,"not",17.5558517433899,"up",0,"not",27.3341203707622,"up",27.5308274402365,"up",25.146700387244,"up"
"ENST00000388934",0,"not",0,"not",0,"not",0,"not",0,"not",0,"not",16.5608661612742,"up",18.604027902805,"up",18.7290986349706,"up"
"ENST00000877969",0,"not",19.2082990380284,"up",0,"not",23.3231227567204,"up",23.2502729194863,"up",24.3628863756224,"up",28.9064091881365,"up",27.7701139944037,"up",28.6166329307732,"up"
"ENST00000378961",16.2269445740008,"up",17.5406527862288,"up",0,"not",0,"not",0,"not",0,"not",24.3922287382621,"up",27.1456809853863,"up",28.3584786685333,"up"
"ENST00000453074",4.21046722989832,"not",-15.609295485167,"not",-13.8008592100005,"not",-14.6051100781467,"not",-14.4270027095347,"not",-13.7853725796054,"not",11.736477162248,"not",13.4894771211702,"up",11.5985432064611,"not"
"ENST00000943038",-4.55019278893231,"not",-22.5452842468713,"down",1.52194265679368,"not",0.514044986648707,"not",-19.7565515547328,"down",-3.13762197249001,"not",12.5600130267294,"up",11.1543820769398,"up",11.3515189800904,"up"
"ENST00000903106",17.4362998532842,"up",0,"not",20.5439097625037,"up",0,"not",0,"not",0,"not",26.9786782617188,"up",27.6513219584834,"up",24.4531385168308,"up"
"ENST00000698795",0,"not",4.81577919972868,"not",9.50971751051537,"not",9.10899914860527,"not",3.90208924553883,"not",7.53567043181927,"not",18.4184995105606,"up",18.3417213192475,"up",16.9195853295357,"up"
"ENST00000378858",0,"not",0,"not",9.38165649135233,"not",11.1425177215285,"not",0,"not",0,"not",16.6317265960538,"up",17.8005769782953,"up",16.235415375367,"up"
"ENST00000246070",-0.178680604581744,"not",-6.56661306584201,"not",-4.02889548465699,"not",-5.20383670316358,"not",-4.90113390399313,"not",1.06392154972569,"not",11.5151574947123,"up",10.0546171394008,"up",8.71249589439762,"up"
"ENST00000338037",0,"not",0,"not",0,"not",0,"not",10.0145174969925,"not",0,"not",18.4379270322069,"up",19.4689970034074,"up",18.2609317750669,"up"
"ENST00000399002",-4.13489489332487,"not",-2.84050225877663,"not",-0.47097860860361,"not",1.26703665109178,"not",2.24924479072137,"not",3.62811465731736,"not",11.839742228294,"up",12.2311734082491,"up",11.6375484647983,"up"
"ENST00000341420",0,"not",18.8995629808833,"up",22.9384397463034,"up",22.9512367057212,"up",23.9471355538042,"up",26.2912317310283,"up",29.7829148328323,"up",28.9975170529286,"up",28.4515906269005,"up"
"ENST00000378053",6.49573545971696,"not",10.3252513915092,"up",10.5301254737867,"up",14.3048951811669,"up",14.8710149203344,"up",16.3751658452038,"up",20.0654724815302,"up",19.7796278588305,"up",18.806256359556,"up"
"ENST00000874852",0,"not",19.6694571827787,"up",0,"not",21.2729178868247,"up",23.7021573218154,"up",25.6010424007534,"up",27.7282803542124,"up",27.4971247597789,"up",28.7462580589687,"up"
"ENST00000963260",0,"not",9.1954582478019,"up",11.7247397004696,"up",11.3007544732684,"up",13.3403882313555,"up",15.3162808154356,"up",18.7625603867706,"up",19.1430875468805,"up",17.7244038954167,"up"
"ENST00000255006",0,"not",0,"not",0,"not",0,"not",11.5548548926039,"up",12.2243990840663,"up",16.7041867575502,"up",17.6968985311528,"up",18.1767603307992,"up"
"ENST00000891329",0,"not",0,"not",0,"not",0,"not",9.48549133821779,"not",11.1799790273784,"up",16.0955765362631,"up",13.7101771263064,"up",15.5394414864003,"up"
"ENST00000310227",-0.935636587294573,"not",-8.53839034125942,"down",-2.14841200150361,"not",-0.360187769319847,"not",0.58985703703738,"not",2.51323501769873,"not",9.54532312065477,"up",11.2627377877391,"up",10.8160815894677,"up"
"ENST00000377142",0,"not",0,"not",0,"not",18.144976485307,"up",16.9686232326594,"up",0,"not",24.0475493048716,"up",28.3233464468528,"up",27.6564252159882,"up"
"ENST00000821804",0,"not",0,"not",20.0716954960569,"up",21.5306804970769,"up",24.2896580053325,"up",25.6975884605414,"up",29.8273265322638,"up",30,"up",28.7282068457159,"up"
"ENST00000821803",0,"not",0,"not",10.8905833714229,"up",7.32414133627624,"not",10.4280931234498,"up",11.9117964108533,"up",14.316799302113,"up",15.4094421235748,"up",15.5867035626589,"up"
"ENST00000564492",1.13019245867941,"not",5.96382843808825,"up",9.52329564366109,"up",9.97434655027719,"up",11.2481232686329,"up",12.580234854986,"up",16.8957108617202,"up",17.3157234261417,"up",16.36571332761,"up"
"ENST00000620459",-2.96693183116061,"not",-3.00105154625989,"not",-19.0900191529342,"down",-18.2947144533341,"down",1.45350153337305,"not",1.88382191343409,"not",9.30546272707335,"up",11.3777194781492,"up",11.1643076649208,"up"
"ENST00000621426",13.2957030839416,"up",16.696082971745,"up",16.8870309336118,"up",19.5339583165641,"up",23.2968191892621,"up",23.5277509003091,"up",27.9921809812267,"up",28.5819187900462,"up",24.1201378660945,"up"
"ENST00000696232",-1.47477616418726,"not",-1.78175391953939,"not",-0.0810673354396027,"not",-1.52311013824563,"not",-0.567225851713353,"not",-1.24892805636176,"not",-0.0419162731511757,"not",1.29166316781049,"not",-21.1197787502081,"down"
"ENST00000328111",0.982550349911171,"not",-2.08978146473028,"not",-0.883953759285869,"not",-1.006281983175,"not",-0.135372476409758,"not",0.586689187176861,"not",-1.61837827999183,"not",-0.767080628860165,"not",-5.23901034903351,"not"
"ENST00000397800",0,"not",0,"not",0,"not",0,"not",0,"not",0,"not",28.1856750021386,"up",28.172235381919,"up",29.6667900413577,"up"
"ENST00000931656",-0.822231759860614,"not",-13.2129892386915,"not",1.54458527022976,"not",-11.5057855955172,"not",3.19975673197537,"not",2.5232386307553,"not",12.0478809926871,"up",14.956073132173,"up",14.8623228827652,"up"
"ENST00000931655",0,"not",0,"not",0,"not",0,"not",0,"not",0,"not",28.9737619596832,"up",30,"up",29.0822415450633,"up"
"ENST00000887207",0,"not",0,"not",15.5405870505548,"not",0,"not",0,"not",18.9280238697692,"up",28.3846306649948,"up",25.1992287842835,"up",26.1416775235149,"up"
"ENST00000876226",14.9262712866331,"up",0,"not",17.2339956291631,"up",23.5458559523198,"up",23.7803268637921,"up",25.5895032462733,"up",28.1215338993157,"up",27.517531076845,"up",28.2608409005942,"up"
"ENST00000299824",1.71788870048341,"not",-0.624577690312569,"not",3.17954664918758,"not",1.26367463124434,"not",-0.111187001453446,"not",-30,"down",-19.1591951698804,"down",-18.0689772864862,"down",-18.556250646186,"down"
"ENST00000969165",3.80298704452088,"not",-1.88306988409672,"not",2.55041449442109,"not",2.39548793838527,"not",7.93565979984012,"not",8.92761760012479,"up",13.0181836042059,"up",12.416927591374,"up",12.6699351742142,"up"
"ENST00000373184",0,"not",0,"not",0,"not",0,"not",0,"not",7.54156815465868,"not",17.4786597275669,"up",19.1976961362492,"up",19.0443795037004,"up"
"ENST00000373190",0,"not",0,"not",0,"not",18.5835640518222,"up",0,"not",0,"not",28.3258462975805,"up",29.8971535004752,"up",29.085195908933,"up"
"ENST00000373201",0,"not",0,"not",0,"not",0,"not",0,"not",0,"not",28.0626441306466,"up",29.7633529000693,"up",29.8968374869816,"up"
"ENST00000373187",0,"not",0,"not",0,"not",0,"not",0,"not",0,"not",28.0363461428429,"up",29.853901409578,"up",28.7274666039354,"up"
"ENST00000316673",0,"not",16.7291758222158,"up",22.0374763521496,"up",21.5299070516545,"up",22.5836043456018,"up",24.5789402858597,"up",27.8339661446312,"up",27.332306066409,"up",26.8814782006286,"up"
"ENST00000372285",3.59192588537871,"not",1.82966975097531,"not",1.7345469948956,"not",3.46591137604293,"not",4.09801549362745,"not",1.49689348938422,"not",-1.4067855780042,"not",-0.959237740081684,"not",-1.17884590543884,"not"
"ENST00000888894",-2.3694143106989,"not",4.44222837357963,"not",2.94864787146493,"not",3.47437497666749,"not",8.70348922431634,"not",8.65458834589365,"not",13.2310347360675,"up",13.3170078366059,"up",12.8121829399137,"up"
"ENST00000371677",1.01382097234747,"not",1.46953262229644,"not",3.74112470168952,"not",2.26606226462613,"not",-5.60802338381755,"not",4.39119855484442,"not",-0.773520748113814,"not",-0.325975757355932,"not",-0.545582525632037,"not"
"ENST00000347215",0.933790636702058,"not",0.879073922323824,"not",3.5859615988509,"not",0.959137853818632,"not",-2.97309781891826,"not",0.52949207021948,"not",-5.03184382397035,"not",-2.09197985678499,"not",-4.80390157392006,"not"
"ENST00000664748",0,"not",0,"not",0,"not",0,"not",0,"not",0,"not",27.3051525410793,"up",25.78056234855,"up",25.5611636374738,"up"
"ENST00000262354",1.60830831058092,"not",-0.408927232073297,"not",1.4298223212237,"not",-3.36509496758785,"not",-0.440667170539705,"not",-7.63549544813103,"not",-3.69466940658791,"not",-3.24711670452649,"not",-3.46672725667793,"not"
"ENST00000654898",2.2418747073794,"not",-0.881068095058464,"not",-0.948288363438531,"not",-0.694829843167202,"not",-0.0606695944431065,"not",-3.82788438462487,"not",-4.98389416569625,"not",-2.13557477032561,"not",-2.42744164128241,"not"
"ENST00000636887",7.26568669334948,"not",3.51361194794542,"not",8.68733951453254,"up",5.11757944643279,"not",6.62038767035168,"not",4.65300957596074,"not",0.159159960283352,"not",0.60671213761371,"not",0.387101842943635,"not"
"ENST00000674308",0,"not",0,"not",0,"not",0,"not",0,"not",0,"not",25.9380988186606,"up",25.9070750255759,"up",27.9599789638574,"up"
"ENST00000381132",0,"not",0,"not",0,"not",0,"not",0,"not",23.4757577538364,"up",28.8120473219992,"up",29.3823664329838,"up",28.7490015153763,"up"
"ENST00000336648",14.9890819976941,"up",13.5674614485349,"up",0,"not",19.6899866217182,"up",21.4571911782406,"up",23.20444034171,"up",24.6268342640436,"up",27.3838264284293,"up",26.5067630505664,"up"
"ENST00000357985",8.21991181882719,"not",0,"not",0,"not",8.3337830654729,"not",10.3665899524502,"up",11.6616682094332,"up",16.0856637678103,"up",17.3359760804236,"up",15.2751681143146,"up"
"ENST00000447535",3.88369944948275,"not",3.09011686645278,"not",6.56962449621095,"not",5.91459739481322,"not",2.76849347390376,"not",4.09897679371055,"not",2.41470908125072,"not",0.36250108871161,"not",-17.6455576637561,"down"
"ENST00000398158",4.14475155255826,"not",-0.014888621464249,"not",4.13835956270505,"not",2.26673594674585,"not",2.17560014454467,"not",3.67985524173861,"not",-2.61864831498369,"not",-2.17109566444756,"not",-2.39070619131594,"not"
"ENST00000889226",-22.5123276746961,"down",-22.2575967923865,"down",2.94478642224224,"not",-20.4424525143718,"down",-20.2700334708843,"down",-18.433491564306,"down",9.12196200270944,"not",8.52595456400057,"not",8.78658933145945,"not"
"ENST00000948081",-18.835873479457,"down",-18.4758492323596,"down",0.56428255627247,"not",6.25087762332384,"not",8.51705555258661,"not",7.99314148806806,"not",12.6341536527835,"up",12.9127025000674,"up",13.7920600847314,"up"
"ENST00000612946",0,"not",6.63713073980425,"not",0,"not",9.12941723685155,"not",9.31317500799364,"not",12.3002907265389,"up",14.8419580692275,"up",14.8675521624992,"up",15.2858543330066,"up"
"ENST00000404820",0,"not",0,"not",5.15864070180706,"not",8.94762426881665,"not",8.49116389272608,"not",10.7021934545904,"up",15.1692273557599,"up",16.5579505162774,"up",16.9008382930502,"up"
"ENST00000215912",0,"not",0,"not",0,"not",20.1904545746901,"up",19.7560209130037,"up",21.8879162345336,"up",26.3454318649635,"up",26.669060094204,"up",28.3553055212655,"up"
"ENST00000610767",0,"not",0,"not",0,"not",0,"not",17.7513928157094,"up",0,"not",26.5454684315193,"up",25.8053775429517,"up",26.2391084711371,"up"
"ENST00000892372",0,"not",0,"not",22.8761713608226,"up",22.5796158932762,"up",21.1855356914068,"up",22.7747314002854,"up",27.1402774801171,"up",27.622027478922,"up",27.8147372339908,"up"
"ENST00000859868",0,"not",0,"not",0,"not",0,"not",0,"not",0,"not",27.8474690902792,"up",24.9413934426665,"up",24.421785828044,"up"
"ENST00000484686",0,"not",0,"not",0,"not",0,"not",0,"not",0,"not",15.8039659752035,"up",14.9974978192561,"up",14.6703734170032,"up"
"ENST00000481287",0,"not",14.7291920759948,"up",0,"not",16.195472263259,"up",0,"not",14.7939283670801,"up",22.7189864894584,"up",29.0408402767889,"up",30,"up"
"ENST00000285046",3.16218329830908,"not",1.22066955721874,"not",3.34396576722537,"not",2.62940110271146,"not",2.07179968296109,"not",2.14425569848783,"not",-3.77329053262127,"not",-3.32573885093955,"not",-3.54534890239878,"not"
"ENST00000456194",3.09937684465053,"not",-0.0397758728610381,"not",3.41991825277476,"not",3.02614491582072,"not",3.05196458766397,"not",4.51369751254943,"not",-16.9976959154996,"down",4.69734174178268,"not",-16.403618436771,"down"
"ENST00000330688",0,"not",0,"not",23.7497942364432,"up",23.9172404552609,"up",24.2859538017022,"up",25.4520421802918,"up",30,"up",29.2675173482476,"up",28.9590834195262,"up"
"ENST00000699033",0,"not",0,"not",0,"not",0,"not",23.0973721877619,"up",20.9813128617997,"up",24.4932063218396,"up",27.5127503631078,"up",26.3445390904808,"up"
"ENST00000295743",8.75105632420557,"up",8.46321238440587,"up",10.4628808537697,"up",8.2091792951775,"up",7.43165747906277,"up",7.41752974877311,"up",-1.38828539051331,"not",-0.94073310157086,"not",3.91572419564367,"not"
"ENST00000282538",-2.82536108179213,"not",-3.87655557919725,"not",-1.33883704237324,"not",-2.51377870333238,"not",2.20094026305859,"not",1.7975876538246,"not",15.4458573007638,"up",15.3976830086528,"up",13.7992584727144,"up"
"ENST00000484457",0,"not",0,"not",0,"not",19.0165949645798,"up",22.1560916330316,"up",22.6872258045098,"up",26.4338000706807,"up",27.1443283878692,"up",27.7066380441068,"up"
"ENST00000645898",0,"not",0,"not",0,"not",22.7243326954692,"up",23.9722805902144,"up",25.5930364871021,"up",29.9615576701884,"up",29.8594286689167,"up",30,"up"
"ENST00000896018",-5.14962427910418,"not",-6.20401448303843,"not",-3.66629682065847,"not",1.57908447905344,"not",1.88241214947585,"not",6.0424105463907,"not",9.6577413905597,"up",10.5910949199881,"up",10.5036366791745,"up"
"ENST00000395905",4.73862201441263,"not",6.67410241340188,"not",9.01343552402327,"not",4.08386809173971,"not",6.89836859734349,"not",4.0259510097258,"not",-0.159954527754774,"not",0.287596932989616,"not",0.0679869899425784,"not"
"ENST00000938305",0.0531011616897692,"not",3.63581521817033,"not",5.31691562797926,"not",-0.912181602092954,"not",4.82158254484779,"not",-0.61002002634303,"not",-1.22498386437702,"not",-0.777434735228363,"not",-0.997043534179913,"not"
"ENST00000938308",0.835702181101456,"not",0.0243519552524311,"not",4.04562442282466,"not",2.23323402030231,"not",1.7898744973672,"not",2.22002282476356,"not",-7.52387897573676,"down",-7.07632654380916,"down",-7.29593696340808,"down"
"ENST00000938312",1.28430961103312,"not",0.420935137125866,"not",3.16973640819231,"not",2.78159076724287,"not",2.09985371734653,"not",0.508736861487118,"not",-5.57223986453839,"not",-5.12468720828523,"not",-5.34429773795891,"not"
"ENST00000493282",1.85678960944937,"not",2.58811647606729,"not",5.28619983449659,"not",3.28024630127697,"not",3.22961259332305,"not",2.90593121192068,"not",0.254348094447966,"not",-2.02467380015401,"not",-2.24428463658108,"not"
"ENST00000471721",1.89415588706229,"not",2.22996778188019,"not",3.89453964089322,"not",2.84282295717317,"not",2.98511523000139,"not",1.11188302659117,"not",1.40330417347496,"not",-1.28452466503197,"not",-1.5041355918017,"not"
"ENST00000616701",0,"not",0,"not",0,"not",0,"not",0,"not",0,"not",14.8813807078474,"up",16.9771895741452,"up",16.6009804035303,"up"
"ENST00000433753",0,"not",0,"not",0,"not",0,"not",0,"not",0,"not",14.576155908535,"up",16.9365809936983,"up",17.635256829374,"up"
"ENST00000288139",0,"not",0,"not",0,"not",0,"not",0,"not",0,"not",25.1457395559897,"up",25.4490731034201,"up",27.508178669477,"up"
"ENST00000670768",-21.3808933024053,"down",-21.2498556715562,"down",-16.4888135091989,"down",-18.5571675665489,"down",-18.3443284952461,"down",4.1856099198177,"not",8.04699205797924,"not",10.6941496027072,"not",10.2124717116376,"not"
"ENST00000803954",21.2894902264371,"up",0,"not",0,"not",24.8109840881023,"up",25.7418813073627,"up",25.7614656416725,"up",27.677756701291,"up",29.5045393253767,"up",29.9138933025626,"up"
"ENST00000383701",2.80200491923002,"not",0.335385380936257,"not",2.18467459788512,"not",1.24068892450972,"not",2.10710211154007,"not",1.78661735280618,"not",-1.53472865698754,"not",-4.48408044107414,"not",-4.70369063740155,"not"
"ENST00000478263",-0.493914213463154,"not",-0.711434185071686,"not",-1.13100897175246,"not",-2.30595228744718,"not",3.00039528355146,"not",5.1019778300069,"not",12.4106237136936,"up",14.813098050661,"up",14.3546279766763,"up"
"ENST00000352241",0,"not",0,"not",0,"not",0,"not",0,"not",0,"not",28.1397981112008,"up",28.9993290813384,"up",26.9127514350821,"up"
"ENST00000642352",0,"not",0,"not",0,"not",0,"not",0,"not",23.1808827353282,"up",27.3861216669749,"up",29.195548284786,"up",27.4908755064503,"up"
"ENST00000314589",0,"not",0,"not",0,"not",0,"not",0,"not",0,"not",18.8980677979467,"up",16.3358879289203,"up",15.1201059887267,"up"
"ENST00000394236",0,"not",9.84872051144015,"up",11.1724064839777,"up",12.6959804293104,"up",14.4196178101925,"up",15.6481182433014,"up",18.46452459984,"up",18.8820093759378,"up",19.1696586951898,"up"
"ENST00000470610",0,"not",0,"not",7.1611557657328,"not",10.2055055007265,"up",12.0382145923158,"up",11.3274203110998,"up",15.2215757240396,"up",15.2381213324206,"up",14.0910080803054,"up"
"ENST00000896802",-22.1500269850924,"down",-21.6720625668804,"down",-19.6059739731685,"down",-20.5612427632255,"down",-20.5895719727808,"down",0.381222744211904,"not",7.40235731060053,"not",11.1203507659846,"not",5.10952246444967,"not"
"ENST00000878043",-16.986785522549,"down",-16.6539915736875,"down",8.50329587812234,"not",10.3261956159616,"up",10.5146749958769,"up",12.7922284116364,"up",15.4876623122665,"up",16.9116042040495,"up",14.9926680876958,"up"
"ENST00000393923",0,"not",0,"not",18.7192529026263,"up",22.4368322329588,"up",22.2842464676362,"up",25.0628411647088,"up",28.0705317024476,"up",27.8546991311207,"up",29.1461153375697,"up"
"ENST00000478951",6.49478975146175,"not",0,"not",0,"not",0,"not",7.68729714500917,"not",0,"not",15.7628634215006,"up",15.6697678853449,"up",17.3390578322008,"up"
"ENST00000793799",0.52346388442466,"not",-1.19717019302095,"not",-0.411443573271604,"not",-1.3309815565746,"not",-0.931423844942191,"not",-0.534415646383965,"not",-0.371398439421139,"not",-5.96398067628638,"down",-6.18359148371978,"down"
"ENST00000793787",1.97685231914043,"not",-0.613297195085871,"not",0.538320594055946,"not",-0.644972866700034,"not",-1.84316739186005,"not",-0.346175351835691,"not",1.31532411463359,"not",-0.629026643665667,"not",-3.41705430701563,"not"
"ENST00000909638",0,"not",0,"not",0,"not",0,"not",0,"not",0,"not",18.1174727689223,"up",16.2763546258077,"up",17.4020342263258,"up"
"ENST00000682979",0,"not",0,"not",0,"not",0,"not",0,"not",0,"not",27.7601272059122,"up",27.4484982975859,"up",26.8519924730058,"up"
"ENST00000468630",0,"not",0,"not",0,"not",0,"not",10.5675921758211,"not",9.83922881012695,"not",15.9164065115915,"up",15.6814274676301,"up",15.2500728297067,"up"
"ENST00000494517",0,"not",0,"not",23.232973167222,"up",0,"not",0,"not",0,"not",27.3965511689767,"up",28.1443160991763,"up",29.4368779392596,"up"
"ENST00000695008",0,"not",0,"not",0,"not",0,"not",0,"not",0,"not",24.9358852234236,"up",26.535014993236,"up",28.9099503097651,"up"
"ENST00000693588",0,"not",0,"not",0,"not",21.3683772087771,"up",19.0290536711473,"up",22.3801753608898,"up",23.0205642529884,"up",25.4405144944921,"up",25.429614254134,"up"
"ENST00000349441",0,"not",0,"not",0,"not",0,"not",23.8573635434604,"up",20.6854770599457,"up",23.0326196184884,"up",25.4358414550773,"up",26.6139119127762,"up"
"ENST00000882534",0,"not",0,"not",19.7606092172871,"up",0,"not",0,"not",0,"not",25.7532592361983,"up",25.1902834211297,"up",26.6135893794534,"up"
"ENST00000295992",1.79587308811504,"not",0.27006371976939,"not",2.49944589341359,"not",1.60925711286352,"not",3.08010660419256,"not",4.06387694542001,"not",-4.04416587601786,"not",-3.59661276642169,"not",-3.81622351854719,"not"
"ENST00000305366",0,"not",0,"not",0,"not",0,"not",0,"not",6.36189090740433,"not",12.8320512907845,"up",16.3451783523988,"up",16.8948302422149,"up"
"ENST00000282486",-3.70315761575032,"not",-9.52896806190864,"not",-23.0958489649685,"down",-24.3448860756655,"down",-24.448606576236,"down",-5.92831282211821,"not",5.56768854063168,"not",6.2822287470826,"not",6.08537660925111,"not"
"ENST00000911755",11.8498039432304,"not",11.8655326612453,"not",0,"not",0,"not",0,"not",0,"not",24.0434039737763,"up",28.5884943827353,"up",27.3956307393965,"up"
"ENST00000460393",0.625813595059656,"not",1.28019297874184,"not",1.67443990579539,"not",2.81575408104465,"not",2.12938681446071,"not",-7.88614396034734,"not",2.34150730128351,"not",-3.49777750646257,"not",-3.71738744359139,"not"
"ENST00000916993",1.34606257200376,"not",0.516028809024422,"not",-0.921138965627353,"not",1.18647536095312,"not",3.69468006666941,"not",3.41217300282146,"not",-3.83649267594385,"not",-1.96198065879561,"not",2.24334006699483,"not"
"ENST00000651380",0,"not",12.5579334490169,"not",0,"not",0,"not",0,"not",0,"not",26.5027290740482,"up",26.2214249910329,"up",27.1793807421755,"up"
"ENST00000651117",0,"not",0,"not",15.6067575640209,"not",0,"not",0,"not",0,"not",26.9092351847344,"up",28.5261947587199,"up",27.340449564216,"up"
"ENST00000464456",0,"not",0,"not",0,"not",0,"not",0,"not",0,"not",18.4677752706455,"up",19.1384105662095,"up",19.1748654006604,"up"
"ENST00000651503",0,"not",0,"not",0,"not",0,"not",0,"not",0,"not",16.929563173002,"up",16.7173485186307,"up",15.5013841705261,"up"
"ENST00000899187",12.059046887769,"not",0,"not",14.4660698995672,"up",13.8717301014107,"up",22.7773690009687,"up",23.1579812765285,"up",28.9645734035729,"up",26.4582350466468,"up",27.9095011324304,"up"
"ENST00000917915",0.261776259652701,"not",-0.765611060742465,"not",-1.17795071282793,"not",1.92224447549919,"not",0.819356175632445,"not",1.67032849047204,"not",-4.23116086661078,"not",1.40152265298978,"not",-4.00322083826752,"not"
"ENST00000476964",0,"not",0,"not",0,"not",0,"not",0,"not",0,"not",25.3810469015614,"up",27.4759601283027,"up",27.5879449016478,"up"
"ENST00000657986",0,"not",0,"not",0,"not",0,"not",0,"not",0,"not",16.6251352984791,"up",17.2762790786303,"up",17.3597837385715,"up"
"ENST00000661842",0,"not",0,"not",0,"not",0,"not",0,"not",0,"not",19.6281115678658,"up",27.4211443528177,"up",27.5506329973102,"up"
"ENST00000665033",0,"not",0,"not",0,"not",0,"not",0,"not",0,"not",17.2323078579549,"up",16.9075137794507,"up",16.7955470587231,"up"
"ENST00000454652",0,"not",20.4556879613046,"up",0,"not",20.9737944212388,"up",21.7092302584047,"up",24.9846744890182,"up",27.4470713758916,"up",27.9205491984716,"up",28.5571332114859,"up"
"ENST00000350481",2.00184162897594,"not",-21.0987346938149,"down",-14.4397873433516,"not",5.69180241228094,"not",-16.982744855788,"down",-14.357712158956,"down",9.61805719563586,"not",11.8409921583578,"up",13.6929512608694,"up"
"ENST00000875104",0,"not",0,"not",0,"not",0,"not",0,"not",0,"not",28.8936514093678,"up",29.9883010979364,"up",29.6526035696722,"up"
"ENST00000306376",2.85721851865714,"not",1.42211608535975,"not",3.38995915030093,"not",2.96208351498492,"not",3.63598878649595,"not",2.21512664286337,"not",-5.81472280806314,"not",4.87579247258944,"not",-1.98535455953072,"not"
"ENST00000342695",3.26084119230767,"not",0,"not",6.66523231624407,"not",7.96297686465783,"up",9.21521541213953,"up",11.9208356466996,"up",16.2198714680591,"up",18.1557749978528,"up",18.1072192684781,"up"
"ENST00000439074",0,"not",0,"not",0,"not",7.0719271773209,"not",8.5209658538554,"not",11.3721731589786,"up",14.1258879471994,"up",15.6634066816357,"up",15.1820108709376,"up"
"ENST00000867114",-3.83334502125048,"not",-1.18791873668697,"not",3.12252969144174,"not",4.41656872194188,"not",2.95765474023452,"not",0.827628813631053,"not",-17.0136645413757,"down",-15.7785889360324,"down",-16.3413028341126,"down"
"ENST00000447234",0,"not",0,"not",0,"not",0,"not",0,"not",0,"not",16.638613329036,"up",16.7128393719302,"up",17.6882990709701,"up"
"ENST00000477148",1.21957021359686,"not",0.464956958490771,"not",0.95989171456836,"not",1.27742284603658,"not",1.54542185109507,"not",2.21725256850621,"not",-6.67070074553582,"down",-6.2231481821627,"not",4.33585554595897,"not"
"ENST00000303277",0,"not",0,"not",0,"not",19.3061303165444,"up",16.5664413595717,"up",21.4992296098525,"up",26.8935974508474,"up",25.00188131399,"up",24.3198800296569,"up"
"ENST00000911470",0,"not",17.6792720514473,"up",22.5736198682098,"up",22.1982673104517,"up",24.3371815511482,"up",24.4205680714979,"up",27.9223303387347,"up",27.5005361501353,"up",27.6159795410246,"up"
"ENST00000512574",0.544860774424505,"not",-0.830155539235587,"not",-0.896020645283641,"not",-2.65959990384421,"not",-2.82084792611804,"not",-8.42226731047285,"not",-4.48144308634668,"not",-4.03389059068611,"not",-4.25350104155829,"not"
"ENST00000861182",0,"not",20.0112107412057,"up",0,"not",20.2388128938931,"up",22.5917008674857,"up",23.6281929383519,"up",28.0317033329507,"up",27.4580734506403,"up",27.0783095475109,"up"
"ENST00000675131",0,"not",0,"not",0,"not",0,"not",21.3031937262272,"up",19.2760409810683,"up",24.7340003282077,"up",26.2117266858586,"up",25.6968118897664,"up"
"ENST00000264866",0,"not",0,"not",0,"not",0,"not",21.9001029752797,"up",22.9171379589106,"up",28.0181654886295,"up",28.1108439894504,"up",27.4293480236959,"up"
"ENST00000695919",1.9369903906643,"not",-8.15702986349012,"down",6.83896860589139,"up",6.61691880892393,"up",7.0683494403043,"up",8.58987292480562,"up",12.5244096635181,"up",12.602908177407,"up",12.7010602172818,"up"
"ENST00000509759",0,"not",0,"not",6.48307429480093,"not",9.21963317027893,"not",11.1350712756326,"up",12.0906386333085,"up",16.3762862445759,"up",17.3061950112732,"up",16.3667249427477,"up"
"ENST00000905954",0,"not",0,"not",0,"not",0,"not",0,"not",0,"not",11.6676289733056,"not",17.9268172136487,"up",17.9862194191556,"up"
"ENST00000381980",0,"not",0,"not",0,"not",0,"not",0,"not",0,"not",27.7625988151193,"up",27.5897894673376,"up",28.1947550013137,"up"
"ENST00000852889",-20.3586289065504,"down",-20.6308007922308,"down",-15.2563525801309,"not",-17.5782660115826,"down",-17.3069877291017,"down",-15.1920294570777,"not",11.5039122660471,"not",9.32841746297906,"not",11.045383883218,"not"
"ENST00000381793",0,"not",0,"not",0,"not",0,"not",0,"not",10.5098618175174,"not",15.9057535548599,"up",16.7801933347111,"up",16.7025159163436,"up"
"ENST00000910703",-1.31930439757831,"not",-2.371627603352,"not",-15.9650927092211,"down",-18.093783389935,"down",-0.140608368389488,"not",2.26773452944881,"not",9.35944130752891,"up",12.6793672049555,"up",12.5162123493435,"up"
"ENST00000875270",-2.55575121954186,"not",-3.15849489548769,"not",1.42310493859552,"not",0.601891831496542,"not",-0.501063348042287,"not",1.61626028411869,"not",-20.7953459873775,"down",3.06553173271794,"not",-20.3655021984449,"down"
"ENST00000504360",1.56370768220765,"not",-0.438766442270921,"not",1.19828900630803,"not",0.604876024450468,"not",1.08522864465294,"not",1.28168205773825,"not",3.18089408543314,"not",2.31294530916795,"not",-20.7887917035577,"down"
"ENST00000273859",0.369050443448354,"not",-0.30963450853482,"not",-18.5228458736962,"down",-20.1852428284769,"down",-20.1281617854669,"down",-18.4634581414522,"down",10.5724369530768,"up",11.8197758857752,"up",11.9373319984658,"up"
"ENST00000610355",0,"not",0,"not",0,"not",0,"not",0,"not",0,"not",0,"not",29.2429859572933,"up",26.8461010509869,"up"
"ENST00000273857",0,"not",0,"not",0,"not",4.97474146225501,"not",0,"not",5.33661825329179,"not",15.4684077016098,"up",17.8521021248714,"up",19.4094762851094,"up"
"ENST00000257287",-1.25761924057272,"not",-0.555214210577661,"not",2.11274637491183,"not",-0.110667835701853,"not",3.11540919973496,"not",2.943180699478,"not",-5.14793844026082,"not",-4.70038772856801,"not",-4.91999730406139,"not"
"ENST00000226328",-22.0145773034497,"down",-4.10920548025794,"not",-16.5301327594039,"down",-19.2894686955944,"down",-18.8368825958633,"down",-16.4622033686471,"down",6.29417648115301,"not",7.49307102548923,"not",12.2208829369953,"up"
"ENST00000307407",0,"not",0,"not",0,"not",0,"not",0,"not",0,"not",28.7239183370908,"up",29.4043890024556,"up",25.6087058974025,"up"
"ENST00000395761",-6.09951737209636,"not",-7.15709105749354,"not",-4.61937433046239,"not",0.248425530193493,"not",0.113509663655739,"not",-4.59785643837249,"not",9.28305466306171,"up",9.78954586262974,"up",9.30944534049875,"up"
"ENST00000395748",0,"not",1.64207870122256,"not",0,"not",0,"not",0,"not",0,"not",16.4088423818485,"up",17.7085725090411,"up",16.7732920579523,"up"
"ENST00000325278",0,"not",0,"not",0,"not",0,"not",21.1284629874088,"up",0,"not",24.8063778225199,"up",26.9017581140597,"up",26.5154068952035,"up"
"ENST00000638680",16.7382475279627,"up",16.4552984485545,"up",0,"not",21.7796304860153,"up",23.169315865151,"up",24.8865929851221,"up",28.6515659282216,"up",28.2359184395923,"up",29.2799079063101,"up"
"ENST00000904771",0,"not",0,"not",0,"not",21.3190928770182,"up",18.6101146906065,"up",21.3330335640809,"up",25.0801488975361,"up",25.6635966378486,"up",27.5433781352967,"up"
"ENST00000512884",-23.0424779202141,"down",-22.7688255232388,"down",-0.819001147432227,"not",-20.6668197229482,"down",-20.558376851941,"down",-18.8880814044416,"down",9.71164690948796,"not",7.762185921829,"not",8.23518875567727,"not"
"ENST00000503570",-2.33653373041476,"not",4.20607090111559,"not",2.54758437859118,"not",2.04575451420645,"not",-1.66242284226878,"not",3.65460157468834,"not",15.6846874127525,"up",16.7783494888886,"up",15.8607003412432,"up"
"ENST00000909109",0,"not",0,"not",0,"not",15.864921727614,"up",0,"not",19.0761944603319,"up",26.350407918505,"up",29.9559202478294,"up",29.8345076597684,"up"
"ENST00000282701",3.34794783599932,"not",-0.500792561917327,"not",5.06035773058428,"not",5.30699230919879,"not",3.2072528314035,"not",1.58274176538375,"not",14.1487984063771,"up",15.3761528891063,"up",16.2529272543132,"up"
"ENST00000311412",0,"not",0,"not",0,"not",0,"not",8.13784075912548,"not",0,"not",18.3424721586699,"up",18.7092596767291,"up",15.9257850846468,"up"
"ENST00000295888",0.661276147989422,"not",-2.33602235448576,"not",1.87515810058155,"not",2.03611008197469,"not",1.55356286166592,"not",1.18294063378858,"not",7.48922745646584,"up",12.9322670709735,"up",14.5916183609141,"up"
"ENST00000829524",1.59638479206264,"not",-1.24652674378291,"not",1.16331836505847,"not",-0.744380463826485,"not",-0.914233096130473,"not",-1.91930041206987,"not",-0.992115085708841,"not",-4.49395154956563,"not",-1.26401291023499,"not"
"ENST00000514229",0,"not",0,"not",0,"not",0,"not",0,"not",18.5801835099342,"up",26.4574218235807,"up",28.3678624539443,"up",28.4627096613653,"up"
"ENST00000940455",0,"not",0,"not",0,"not",0,"not",19.9196669835198,"up",0,"not",25.7279705670858,"up",29.7901233077232,"up",26.8764700258201,"up"
"ENST00000641553",0,"not",0,"not",6.68587653671828,"not",0,"not",6.01500570201306,"not",0,"not",14.2659821437059,"up",16.7502844979229,"up",15.1898675932815,"up"
"ENST00000503556",4.6501456286334,"not",0,"not",0,"not",7.96967232939469,"not",10.3074715903805,"up",10.1869464492503,"up",16.822795272832,"up",16.9483167925228,"up",15.2249323789092,"up"
"ENST00000394980",0,"not",0,"not",6.34980261052144,"not",0,"not",6.76657866344342,"not",0,"not",18.7730902856459,"up",20.1042919735084,"up",21.1056347543365,"up"
"ENST00000877494",0,"not",0,"not",0,"not",0,"not",0,"not",0,"not",0,"not",30,"up",27.9119525021049,"up"
"ENST00000264790",0,"not",0,"not",0,"not",0,"not",0,"not",0,"not",24.0868568065622,"up",28.3911415031214,"up",28.2365713697535,"up"
"ENST00000721199",-0.479161963019251,"not",-2.88725678255458,"not",-0.462326919155929,"not",-0.968985328462308,"not",-1.9034145941411,"not",-3.03950038054665,"not",-4.90241887556843,"not",-4.45486580187713,"not",-4.67447653638439,"not"
"ENST00000611049",2.39938233493743,"not",-2.2986348883247,"not",2.70456498975282,"not",5.23798960431419,"not",2.37920530477281,"not",-27.3065631025237,"not",-15.1270312086382,"not",-13.8286447546765,"not",-14.4162028284532,"not"
"ENST00000515059",0,"not",0,"not",0,"not",0,"not",10.4585796074159,"not",0,"not",18.2579684889661,"up",18.9488204780884,"up",17.8289784988707,"up"
"ENST00000394931",-8.57486430373192,"not",-9.64478194893655,"not",-7.10706954286417,"not",-8.28200836533852,"not",-7.97930618346334,"not",-7.08555168741269,"not",3.78391011673002,"not",5.28172133543953,"not",7.52461782734011,"not"
"ENST00000899798",0,"not",0,"not",17.8938939290472,"up",0,"not",0,"not",0,"not",28.1174816898826,"up",21.3916811707036,"up",27.102072058986,"up"
"ENST00000379987",0,"not",0,"not",0,"not",0,"not",0,"not",0,"not",16.8907458161284,"up",19.4055430675642,"up",20.1649427364424,"up"
"ENST00000690982",0,"not",0,"not",0,"not",0,"not",0,"not",0,"not",0,"not",29.7476849217117,"up",28.651457113561,"up"
"ENST00000509938",0.944475280090472,"not",-0.517920713871574,"not",1.40662761694343,"not",1.26757796669471,"not",1.22551244968593,"not",1.09343069424546,"not",-3.73734413496642,"not",-6.38335928471416,"not",-6.60296977932704,"down"
"ENST00000731552",0.746164815723158,"not",-0.55066511397042,"not",2.2411068454373,"not",1.43157202279671,"not",1.70714314552731,"not",1.42686933571925,"not",-4.24380732843101,"not",-1.23728718127046,"not",-6.15989795518642,"down"
"ENST00000691790",0.572781347270002,"not",-0.475922264750803,"not",2.2239030301218,"not",1.69663242488735,"not",1.61649527197884,"not",1.54617823908847,"not",-0.565453390008797,"not",-4.73587995310985,"not",-4.9554908182796,"not"
"ENST00000731551",2.19002509979693,"not",0.391320938236274,"not",3.35329986454765,"not",2.45444839715498,"not",2.20442623856954,"not",2.0634217340252,"not",-2.06258291244272,"not",-1.61502936834599,"not",-1.83464033367745,"not"
"ENST00000688371",0.813978392736273,"not",-0.148718814483206,"not",3.13352903025216,"not",2.220370012362,"not",2.24655453303126,"not",1.67841556051553,"not",-1.98164741671381,"not",-1.82157898012042,"not",-2.05812744124187,"not"
"ENST00000505215",0.613273356081753,"not",0.262752462877922,"not",2.0236824731517,"not",2.33896372887174,"not",2.58676433637778,"not",2.54696842980642,"not",-1.19492391210195,"not",-2.33757776456782,"not",-4.90773986794738,"not"
"ENST00000505632",1.21190027004037,"not",0.0104082019649111,"not",1.8756412182383,"not",1.99698895274113,"not",2.16182472729875,"not",1.69965415835307,"not",-1.13906117683255,"not",-0.670882442530982,"not",-3.19401492778673,"not"
"ENST00000669848",3.86758321918864,"not",6.11177906604736,"not",7.30581232098816,"up",7.06378654111675,"up",6.26426872859742,"not",6.60627490312729,"up",0.0229500589324575,"not",0.470502868908174,"not",0.250892263804052,"not"
"ENST00000394203",0,"not",0,"not",0,"not",19.6288417093346,"up",21.8028801883195,"up",25.6249208952174,"up",27.3727645653846,"up",27.5834562688007,"up",26.6537785337273,"up"
"ENST00000508269",0,"not",6.6560724527758,"not",0,"not",9.12602408025409,"not",10.7665874306622,"up",10.9016175426885,"up",14.0532484650616,"up",15.3336507996126,"up",15.6120184199411,"up"
"ENST00000296550",0,"not",0,"not",0,"not",0,"not",0,"not",0,"not",15.2567787200162,"up",16.977790242906,"up",18.2430058321269,"up"
"ENST00000506325",0,"not",0,"not",0,"not",0,"not",0,"not",0,"not",28.392347663937,"up",27.190665044142,"up",27.6007800303471,"up"
"ENST00000675293",0,"not",0,"not",25.0961850923769,"up",23.671316714748,"up",23.250940876405,"up",24.6038787603266,"up",28.7693867587418,"up",28.3402022290824,"up",27.8040589037025,"up"
"ENST00000403106",0,"not",0,"not",0,"not",19.6861493850414,"up",22.9598709886379,"up",24.0569228550721,"up",27.3789369771458,"up",26.1989978722005,"up",26.9098176926364,"up"
"ENST00000856265",0,"not",0,"not",7.32206103731177,"not",0,"not",0,"not",9.1567093659352,"not",15.1589360019378,"up",15.3930991672678,"up",15.8043358384369,"up"
"ENST00000264428",0,"not",0,"not",0,"not",8.79928946437282,"not",0,"not",0,"not",17.1121502335748,"up",17.2971642536638,"up",17.5110922751828,"up"
"ENST00000296529",0,"not",0,"not",0,"not",22.4956248508354,"up",22.5445497903195,"up",24.5107563716005,"up",25.9394291546915,"up",28.5431650640498,"up",26.1056072919501,"up"
"ENST00000585682",0,"not",0,"not",0,"not",5.47516176893455,"not",12.5355284208726,"up",9.06170829796213,"not",11.3832678435411,"up",18.1419347945547,"up",16.5133629307935,"up"
"ENST00000296530",0,"not",0,"not",0,"not",0,"not",14.2942671703694,"up",15.4666757730056,"up",16.3220000234675,"up",19.1929860389828,"up",20.3667106479126,"up"
"ENST00000264433",16.7740106875118,"not",0,"not",0,"not",0,"not",0,"not",0,"not",26.6762250677639,"up",28.6397408058199,"up",28.1422393913998,"up"
"ENST00000306100",9.71772874008514,"up",0,"not",11.6693019240087,"up",8.43972514594599,"up",8.00684952660804,"up",8.95362991564937,"up",19.9427879059878,"up",19.8773316089192,"up",20.4046978182893,"up"
"ENST00000361618",-0.300618302506068,"not",-1.68274164970665,"not",0.833154596971644,"not",-1.52478732454015,"not",0.971678333664272,"not",1.90105572034438,"not",1.90579374538991,"not",-18.502287219092,"down",-18.9150560578287,"down"
"ENST00000878953",13.9654900396797,"not",13.2561484636546,"not",0,"not",0,"not",14.4588308151443,"up",14.9437040945409,"up",25.6027624517643,"up",27.9344776153898,"up",26.0450457420227,"up"
"ENST00000864715",0,"not",0,"not",0,"not",21.1285538908128,"up",0,"not",0,"not",26.6413862110878,"up",26.6224433265351,"up",26.7126628568245,"up"
"ENST00000865677",0,"not",0,"not",0,"not",0,"not",0,"not",0,"not",0,"not",28.951730887777,"up",28.2390493654388,"up"
"ENST00000865664",0,"not",0,"not",0,"not",0,"not",0,"not",0,"not",28.8343971160478,"up",28.8156136091274,"up",27.4723463341851,"up"
"ENST00000389354",0,"not",14.9452439791861,"not",0,"not",0,"not",0,"not",0,"not",26.7714997004113,"up",26.5622960650761,"up",24.9612771192507,"up"
"ENST00000940033",2.35189888751225,"not",-1.44602316988759,"not",-0.560504618133919,"not",-2.12046880355737,"not",0.50570255954825,"not",1.84924667882491,"not",-4.51076667077441,"not",-4.06321450991361,"not",-4.2828247965022,"not"
"ENST00000302006",0,"not",11.0882707241298,"not",17.8596594988754,"up",20.6135993006432,"up",22.0229854735855,"up",21.6196964498614,"up",26.6138489478127,"up",26.7385468506,"up",28.1685387627488,"up"
"ENST00000382496",0.521233994771527,"not",3.54138860462565,"not",7.0501871904554,"not",6.5339853444868,"not",5.85531757897533,"not",6.44611892352848,"not",-18.2353384330996,"down",4.02067356329249,"not",-17.2838636151324,"down"
"ENST00000304623",0,"not",0,"not",0,"not",0,"not",13.0323023748888,"up",11.8382072620012,"up",19.9053848045899,"up",20.1782095164141,"up",20.2268291909618,"up"
"ENST00000706272",0,"not",0,"not",0,"not",0,"not",0,"not",11.0080287089727,"up",17.3921013294734,"up",16.1088116429964,"up",18.7411220373285,"up"
"ENST00000511377",0,"not",0,"not",0,"not",0,"not",0,"not",20.8813822455393,"up",29.5822429859599,"up",29.232695496839,"up",29.9174886600289,"up"
"ENST00000683169",0,"not",5.56002338839083,"not",0,"not",11.0468962199549,"up",10.3403610625648,"not",11.5306691426341,"up",15.8500214559445,"up",16.8430154596585,"up",15.87057067616,"up"
"ENST00000684695",18.8987351887239,"up",0,"not",0,"not",15.8776185220618,"up",22.6115912859942,"up",22.8754535464274,"up",27.9445685683569,"up",27.1321447050292,"up",27.4566743414777,"up"
"ENST00000382254",0,"not",6.1897036958371,"not",8.68718399305023,"not",7.27870470298958,"not",10.2185778579102,"up",12.4642674146727,"up",13.0171665004564,"up",16.890197675621,"up",17.2198101361874,"up"
"ENST00000264463",2.21822773405316,"not",3.02021745906065,"not",6.12687799889274,"not",5.92115128820549,"up",7.06305801846422,"up",5.59719609048368,"not",15.6601046869617,"up",15.6361433685693,"up",14.4758770727166,"up"
"ENST00000265071",-10.2948009601333,"not",-11.3807193769229,"not",-8.84301504359257,"not",-10.0179501284574,"not",-9.71524890951112,"not",-0.0105423309316566,"not",10.1645224317869,"not",10.9898362985778,"up",10.439709595921,"up"
"ENST00000899824",0,"not",0,"not",0,"not",0,"not",17.0042791554401,"up",0,"not",30,"up",26.8905009232123,"up",28.027123264266,"up"
"ENST00000282507",1.4489245177097,"not",0.348047688546275,"not",2.09473588656784,"not",2.00849637831185,"not",3.43959647518727,"not",4.23837735760996,"not",3.59567651981576,"not",-17.6434051966697,"down",-18.1153327824715,"down"
"ENST00000396947",0.582450834136666,"not",0.0981849174534443,"not",4.19140260960185,"not",3.7186672743565,"not",1.51734891837798,"not",2.24048035110492,"not",-17.2686876273814,"down",3.08694420891252,"not",-16.7331547983638,"down"
"ENST00000509189",2.29937976148886,"not",2.99632933315444,"not",6.56849333484358,"up",4.65763252854505,"not",3.42002208412102,"not",4.16876361293676,"not",-1.60814288976118,"not",0.269135039032817,"not",-1.38020038279478,"not"
"ENST00000901832",15.9148622142961,"up",0,"not",14.7812788319516,"up",0,"not",19.592098796686,"up",0,"not",27.2869102592403,"up",26.2004217041348,"up",26.6984995856637,"up"
"ENST00000955764",0,"not",0,"not",0,"not",0,"not",0,"not",21.0834552843285,"up",24.8634978081854,"up",27.5849463715657,"up",28.0659295154194,"up"
"ENST00000863954",0,"not",0,"not",0,"not",0,"not",0,"not",0,"not",28.5347321065315,"up",28.7535539701344,"up",27.7788958504053,"up"
"ENST00000615665",-20.3630936171888,"down",-20.2567382434182,"down",9.00473189557001,"not",-16.4660181648529,"down",-16.2664199632249,"down",-14.1395907706884,"down",14.3685048031361,"up",14.0994796503095,"up",15.0439282479008,"up"
"ENST00000505980",0,"not",0,"not",0,"not",0,"not",21.0002370531919,"up",0,"not",26.9560643219102,"up",25.7005954112972,"up",28.5118933636329,"up"
"ENST00000274341",0.172659649108196,"not",-3.9827578897343,"not",-4.04551746945972,"not",2.2997331688251,"not",4.51540023336781,"not",6.92053657679025,"up",10.4018563548868,"up",12.8322009843667,"up",11.6321907558454,"up"
"ENST00000671514",0,"not",0,"not",0,"not",0,"not",0,"not",0,"not",15.3471845582276,"up",13.4614357548661,"up",15.3522249794132,"up"
"ENST00000327111",0,"not",3.78777977889924,"not",0,"not",0,"not",6.30052488726575,"not",9.27253880390697,"up",20.2351441054443,"up",20.3598851524628,"up",20.3669435412572,"up"
"ENST00000693347",3.81169984417269,"not",5.51084688743665,"not",8.68517157576215,"up",6.180687434717,"up",0.477485490006254,"not",1.88307590242821,"not",-0.376714991715403,"not",2.56234847055048,"not",-0.148772696892146,"not"
"ENST00000675663",18.1285139446542,"up",0,"not",22.7950408382214,"up",0,"not",13.3421694999868,"up",15.9931259780796,"up",29.6646812856849,"up",28.940672733782,"up",29.168172285151,"up"
"ENST00000675179",-9.76278551825062,"not",-10.8196659272182,"not",-8.28194898413594,"not",0.607086778389639,"not",-9.15418718414992,"not",-8.2604310902141,"not",9.42933885005418,"up",8.70652349846716,"up",9.29288448477215,"up"
"ENST00000395813",-7.54419765370814,"not",-8.61091567655352,"not",-6.07320202964401,"not",-0.0771874283599306,"not",-6.94543909673107,"not",-0.449781551760627,"not",7.3302840672368,"not",9.66720398909209,"up",9.16949715678024,"up"
"ENST00000957489",0,"not",0,"not",0,"not",0,"not",0,"not",0,"not",29.966565643372,"up",27.9968840442694,"up",28.0647706100787,"up"
"ENST00000304400",0,"not",0,"not",14.6710790135355,"not",0,"not",0,"not",15.9982526536084,"up",24.9440329245287,"up",27.1917612365897,"up",25.7014185236341,"up"
"ENST00000684379",0,"not",0,"not",0,"not",21.8067246097089,"up",0,"not",0,"not",29.0991807114421,"up",29.0755876141805,"up",28.390904336354,"up"
"ENST00000261486",0,"not",14.7006326499711,"up",22.419095101534,"up",22.9326013415591,"up",23.4944047637776,"up",24.2425834286408,"up",29.2268211020586,"up",30,"up",28.7619316496413,"up"
"ENST00000296600",0,"not",0,"not",0,"not",0,"not",0,"not",0,"not",24.6750193140524,"up",26.5635493801701,"up",27.2331615801739,"up"
"ENST00000893275",0,"not",0,"not",0,"not",0,"not",0,"not",0,"not",28.3239350130328,"up",25.2157924454468,"up",24.9688299683811,"up"
"ENST00000895962",-23.376411953327,"down",-23.4296843592717,"down",-19.8363775139386,"down",-21.421288295365,"down",-0.20448061243414,"not",-19.7967079689109,"down",6.26466357166616,"not",9.02678436614835,"not",8.09530124912125,"not"
"ENST00000895972",0,"not",0,"not",0,"not",0,"not",18.3210152463962,"up",0,"not",25.5290227438863,"up",26.2486389924959,"up",25.8953009585056,"up"
"ENST00000895961",0,"not",0,"not",0,"not",0,"not",18.477288592326,"up",0,"not",25.6798378099707,"up",26.3943848687286,"up",25.9807707829559,"up"
"ENST00000274487",0.978731070978062,"not",-0.169501124182349,"not",1.21750805383735,"not",0.364841004421496,"not",2.69679605981018,"not",3.56616639086595,"not",-19.4756694324485,"down",-18.2528563815231,"down",-18.7974045186014,"down"
"ENST00000511475",-1.97737052099444,"not",-3.99224999552731,"not",0.781825815229139,"not",-2.15169254792483,"not",1.65165142777571,"not",2.1054731713206,"not",-4.6303223858519,"not",-18.9655000428755,"down",-19.3057864002122,"down"
"ENST00000509730",-21.9707829550729,"down",-22.6946573216675,"down",-16.1150457002122,"down",-18.939589639901,"down",-18.509410827652,"down",4.17368115747467,"not",10.6036174333564,"not",9.59905043439266,"not",8.55604816020002,"not"
"ENST00000688649",13.6246239382003,"up",11.6983780243722,"up",24.1104184695386,"up",22.9725546935568,"up",22.3447472408847,"up",25.5272670309521,"up",29.506143091295,"up",28.7591551731168,"up",28.685865389956,"up"
"ENST00000274721",0,"not",0,"not",0,"not",0,"not",0,"not",0,"not",28.8069750764883,"up",27.4913219716037,"up",27.4326017639181,"up"
"ENST00000882289",0,"not",17.2417789427727,"not",20.7092721758862,"up",0,"not",0,"not",0,"not",24.9263405592751,"up",29.8537148965598,"up",25.9187929277399,"up"
"ENST00000503811",3.43858001933699,"not",1.34718300533736,"not",2.34992239467747,"not",3.79106029923045,"not",2.80422820716888,"not",3.13034165813313,"not",4.94337988873928,"not",-1.76686686704353,"not",-1.98647750793348,"not"
"ENST00000925545",-20.7420980257653,"down",-20.7036258545714,"down",-0.177631426688484,"not",5.11862293961748,"not",-16.7247390475004,"down",-14.3958328783252,"down",10.8131363452689,"not",10.5713503219009,"not",11.9398379189292,"up"
"ENST00000398587",2.51083942401182,"not",1.63760175173042,"not",4.26797842665855,"not",3.32042675294875,"not",4.26216888808744,"not",4.14112995050034,"not",-18.0460755593408,"down",-16.2740144351021,"down",-17.0912254009222,"down"
"ENST00000434127",0.00378914437064992,"not",0.920761449454714,"not",3.66040479502177,"not",2.6991884137397,"not",2.58185014105159,"not",2.39224128884408,"not",-20.7725460277209,"down",0.992398312350649,"not",1.88693433638635,"not"
"ENST00000507359",0,"not",0,"not",0,"not",0,"not",0,"not",0,"not",21.1383757580938,"up",21.1437970364558,"up",19.9642818322866,"up"
"ENST00000859826",3.6108162676853,"not",0,"not",0,"not",4.81491961399248,"not",10.0378766419033,"up",0,"not",15.3029021135811,"up",16.6613232978967,"up",14.6656574360648,"up"
"ENST00000511217",0,"not",0,"not",0,"not",0,"not",0,"not",0,"not",16.5427293065512,"up",14.2324811701924,"up",14.9072829712923,"up"
"ENST00000296695",0,"not",0,"not",0,"not",0,"not",5.31385213346391,"not",0,"not",19.3318989798166,"up",20.841807847095,"up",20.0481911214009,"up"
"ENST00000510027",-2.20948270533108,"not",-3.25511477857711,"not",2.99671005511679,"not",1.88821981794718,"not",0.573462672712459,"not",-0.695876919120503,"not",11.9517224240169,"up",13.1234740431187,"up",14.0483473882515,"up"
"ENST00000706733",-24.3751008802532,"down",-4.90556530845595,"not",-17.4773021485446,"down",-20.7949590329135,"down",-20.3145535378708,"down",-17.3921429632797,"down",6.1639009380089,"not",9.3242899956543,"not",9.04311163972155,"not"
"ENST00000864868",0,"not",18.5000953397307,"up",0,"not",0,"not",0,"not",0,"not",27.2807989697618,"up",29.2051178265581,"up",29.235066438356,"up"
"ENST00000328939",-0.512405644239256,"not",-7.08042682597205,"not",0.674116787280592,"not",-1.03548686727983,"not",-5.41494248235629,"not",-0.744130468387318,"not",9.6487086337945,"up",12.0499041385464,"up",11.9625420657913,"up"
"ENST00000952660",0,"not",0,"not",0,"not",0,"not",0,"not",0,"not",30,"up",28.9932515696085,"up",28.9916449923384,"up"
"ENST00000878587",-0.444510150485221,"not",-0.0294144819785546,"not",3.51011089811365,"not",1.49217861330066,"not",0.912722381851421,"not",-5.12978486370302,"down",0.671756142991609,"not",1.67129856396191,"not",-1.86066292106406,"not"
"ENST00000681072",0.655280234598948,"not",0.686799031411081,"not",2.61239143655773,"not",3.50884200993014,"not",2.00372306785934,"not",1.75566107439555,"not",-18.4151835926693,"down",-18.2086085331224,"down",-1.29567355406909,"not"
"ENST00000393438",0,"not",0,"not",0,"not",0,"not",21.2679727080988,"up",23.4815963734839,"up",22.8751015619747,"up",26.7823366539073,"up",27.0975606744663,"up"
"ENST00000681905",0,"not",0,"not",0,"not",12.466522044263,"not",21.4777064655873,"up",22.450195950844,"up",25.9385321238181,"up",25.2094077606328,"up",24.0104474915832,"up"
"ENST00000632346",1.50816041762609,"not",1.36943264827642,"not",4.48711509931226,"not",4.30254150954034,"not",2.07068590629461,"not",2.86408702807072,"not",-2.50944303414898,"not",2.64271758915384,"not",-2.2815005936628,"not"
"ENST00000450930",-23.8684590069595,"down",-23.7178327724859,"down",-20.0979046799157,"down",-21.8151277275514,"down",-21.738042710334,"down",-20.0364934307387,"down",7.21817359548316,"not",8.28650492768496,"not",6.58355865148894,"not"
"ENST00000783226",-0.279356685739111,"not",-0.285475151233811,"not",2.09313428768305,"not",1.27528444738554,"not",-0.146007923110755,"not",-7.18659118254235,"not",-3.24576311788912,"not",-2.79821018606663,"not",-3.01782085095999,"not"
"ENST00000357578",3.90254565227606,"not",0,"not",0,"not",10.9362208905596,"up",12.7294356074579,"up",14.7627987221286,"up",18.4566632444566,"up",19.3289853392842,"up",19.6815610336957,"up"
"ENST00000289361",17.3321271053177,"up",0,"not",0,"not",0,"not",0,"not",0,"not",23.3551366599554,"up",27.3884842722145,"up",26.9276323930096,"up"
"ENST00000623276",-2.15906187006932,"not",-9.22066873957757,"not",-6.68295773557209,"not",-7.85789590890163,"not",-7.55519389426712,"not",-6.66143989200907,"not",8.00628247683646,"not",7.92193686488658,"not",7.81489827984442,"not"
"ENST00000641730",-3.2380733227808,"not",-4.25251640868432,"not",-1.71479070687498,"not",0.262114173054786,"not",-2.58703191734933,"not",-1.69327273868585,"not",14.6997707535004,"up",17.5583402961078,"up",17.7662284372858,"up"
"ENST00000377050",0,"not",0,"not",0,"not",0,"not",5.75895414014065,"not",0,"not",16.8663369877492,"up",18.52706372376,"up",18.5900665228188,"up"
"ENST00000471529",2.24393077587519,"not",-1.14250192764372,"not",-2.07718497592878,"not",-2.93364550188362,"not",-0.789239673818517,"not",-0.30043413637089,"not",-1.78004555512398,"not",-2.20899995056002,"not",-4.02213304368753,"not"
"ENST00000951755",0,"not",0,"not",0,"not",16.6273902009021,"up",19.3041959751335,"up",24.4884456936917,"up",25.1681776727326,"up",23.3519577706885,"up",22.5279353433126,"up"
"ENST00000274938",0,"not",0,"not",0,"not",0,"not",0,"not",0,"not",18.3667615289276,"up",19.2158657615841,"up",19.2022986148779,"up"
"ENST00000889524",0.688889291803666,"not",-7.24036093308488,"not",2.67945061687246,"not",-5.87758452830032,"not",-1.02005872661915,"not",3.08282584932954,"not",11.3802144330627,"up",11.9726349810461,"up",12.09729847807,"up"
"ENST00000940915",0,"not",0,"not",0,"not",0,"not",0,"not",0,"not",27.9130677882987,"up",29.155085715435,"up",27.3508730451981,"up"
"ENST00000649492",0,"not",0,"not",0,"not",0,"not",21.7776172316728,"up",0,"not",29.8372198274555,"up",29.9867237613396,"up",29.2134196216392,"up"
"ENST00000633794",19.3608600569022,"up",0,"not",0,"not",0,"not",16.4077750071412,"up",0,"not",24.3121728182017,"up",27.472077299093,"up",26.2899437738842,"up"
"ENST00000937774",1.36438594674531,"not",-17.5253152093857,"down",7.49532293984271,"not",5.35149888673949,"not",6.97687302214523,"not",9.2747679344258,"not",13.8750322411551,"up",16.5276599735609,"up",13.7651529366088,"up"
"ENST00000937781",0,"not",0,"not",20.4529278257174,"up",0,"not",19.8457398712979,"up",22.4005724551814,"up",28.7373309084055,"up",28.7007772656826,"up",27.168366652773,"up"
"ENST00000373018",0,"not",0,"not",0,"not",0,"not",22.0928399284004,"up",21.9093975290245,"up",24.8340778124494,"up",25.2283083864214,"up",25.3891676291932,"up"
"ENST00000372988",0,"not",0,"not",0,"not",0,"not",20.2097135271679,"up",21.047412184593,"up",25.5862898352134,"up",26.1122012133809,"up",26.5355825568887,"up"
"ENST00000689256",4.60617226219079,"not",5.343880445402,"not",12.3198018224024,"up",12.2325743873099,"up",12.2416811540605,"up",13.8917962189602,"up",16.3619166689405,"up",16.5495019931905,"up",16.9441456098783,"up"
"ENST00000674100",0,"not",0,"not",11.3120789735909,"up",13.1775219721157,"up",12.2961156009462,"up",13.655587471206,"up",17.2374877725254,"up",18.1906352816067,"up",17.5774466763084,"up"
"ENST00000185206",0,"not",0,"not",0,"not",0,"not",0,"not",0,"not",29.6871368516385,"up",29.5343703140027,"up",27.7916310866338,"up"
"ENST00000339561",0,"not",0,"not",0,"not",0,"not",0,"not",0,"not",18.3844962155535,"up",19.2981835856445,"up",20.1384720360714,"up"
"ENST00000275016",0,"not",0,"not",0,"not",0,"not",0,"not",22.1873593391715,"up",27.0235127944809,"up",28.1113418698034,"up",28.0206631416545,"up"
"ENST00000334575",0,"not",14.9469025584899,"not",0,"not",0,"not",0,"not",21.6264804001811,"up",28.4106933055556,"up",27.0990344889361,"up",27.5136307778094,"up"
"ENST00000306858",15.341593838949,"up",20.2965972345536,"up",20.3747887626201,"up",22.6973745945119,"up",24.2615958039894,"up",25.2121134792556,"up",28.1324333504131,"up",29.4861299412867,"up",27.8839170732454,"up"
"ENST00000274901",0,"not",0,"not",0,"not",0,"not",0,"not",0,"not",27.164605835004,"up",28.4441936072604,"up",28.7421347597946,"up"
"ENST00000370830",0,"not",0,"not",0,"not",6.59625923698898,"not",8.13661016996603,"not",11.0438090522942,"up",16.3483455218019,"up",17.133230448128,"up",16.2894849433225,"up"
"ENST00000312431",0,"not",0,"not",0,"not",0,"not",0,"not",0,"not",0,"not",30,"up",29.2305629490944,"up"
"ENST00000615563",0,"not",0,"not",0,"not",0,"not",0,"not",0,"not",0,"not",29.3782340161206,"up",27.5744254067723,"up"
"ENST00000626131",-0.672578243999103,"not",-1.19668698539685,"not",3.24616153477314,"not",1.55790024636977,"not",-0.191365521230855,"not",-0.980161086071899,"not",-1.35595661216207,"not",-4.32239796160806,"not",-4.54200860344106,"not"
"ENST00000403245",0,"not",0,"not",18.9746492345793,"up",21.9125957919454,"up",24.8034692471256,"up",24.9542410226663,"up",27.9366134210066,"up",28.577930491231,"up",26.9791957411568,"up"
"ENST00000882408",0,"not",0,"not",0,"not",0,"not",21.165035371645,"up",0,"not",25.269407612407,"up",27.1094503093653,"up",26.6318967198769,"up"
"ENST00000882409",0,"not",0,"not",0,"not",0,"not",21.0673636829919,"up",0,"not",26.124872269543,"up",27.6444964217098,"up",25.5878905515983,"up"
"ENST00000369393",4.47762848408551,"not",1.26807375639702,"not",3.64681790021586,"not",1.85333120519802,"not",3.31173182081176,"not",3.94484634536582,"not",4.94990538829899,"not",-20.2220600313796,"down",-20.69975268924,"down"
"ENST00000328345",1.42718332205791,"not",-2.81872891748039,"not",3.06385913205344,"not",2.51824657586709,"not",3.17865350601757,"not",2.91129235001697,"not",13.8424538055416,"up",14.4533526999487,"up",15.161202498643,"up"
"ENST00000369208",-2.76501809972637,"not",-1.71127793434569,"not",-1.18027862268309,"not",1.4222489232127,"not",2.87493526964103,"not",3.06946303939819,"not",15.6013288456401,"up",15.0118603449418,"up",13.8041220715183,"up"
"ENST00000928367",1.47906849751845,"not",-4.43459805920159,"not",-1.09762572414045,"not",-0.656747259177443,"not",-4.38783328705883,"not",2.36516004770438,"not",-4.63999491220044,"not",-4.19244992144255,"not",-4.41205668971866,"not"
"ENST00000424296",7.4611167135837,"not",3.18979747117656,"not",0,"not",5.3884089578912,"not",9.14092241248181,"not",6.67658651475338,"not",16.6225704960035,"up",16.2971455249953,"up",16.5566316157608,"up"
"ENST00000368802",0,"not",0,"not",0,"not",0,"not",24.8353093326551,"up",25.4871997599143,"up",27.9794150437165,"up",29.9150851389596,"up",30,"up"
"ENST00000312719",0,"not",0,"not",0,"not",0,"not",0,"not",0,"not",15.4677931331583,"up",16.3140004990268,"up",13.9679816948573,"up"
"ENST00000368581",0,"not",0,"not",0,"not",0,"not",0,"not",0,"not",26.0451966697681,"up",27.2654713651944,"up",25.7741758977381,"up"
"ENST00000332958",-0.954480015795852,"not",-3.87445168275829,"not",3.40090230499845,"not",4.14812396932055,"not",4.13508202120499,"not",6.91986838301486,"not",15.2975349392504,"up",15.3615547129006,"up",14.8677742426361,"up"
"ENST00000368498",0,"not",12.1315472473273,"not",15.4696699165071,"up",14.6350111505111,"up",25.1320986283793,"up",23.7789678785881,"up",22.4416700184324,"up",28.0069247697783,"up",28.1360014614353,"up"
"ENST00000392477",0,"not",0,"not",0,"not",19.1799459685315,"up",23.5724900889849,"up",23.3739697395834,"up",28.8398022044999,"up",29.0299320017573,"up",27.2983809133284,"up"
"ENST00000337057",0,"not",0,"not",0,"not",20.7485103750669,"up",18.1298487522722,"up",22.4275717035613,"up",28.2175964751438,"up",27.9715268518088,"up",24.7347878532706,"up"
"ENST00000904971",0,"not",0,"not",0,"not",0,"not",19.3093175017678,"up",22.5954603103727,"up",26.3264877673189,"up",25.0545492328829,"up",24.0072673772555,"up"
"ENST00000622916",1.9457656996244,"not",-2.23014057502435,"not",0.680780215568703,"not",-3.16822466606637,"not",-4.66404898790714,"not",-3.84429880751324,"not",-1.50482513942271,"not",-5.88347317228093,"not",-6.10308382093565,"down"
"ENST00000336749",0,"not",0,"not",0,"not",0,"not",6.57988417809096,"not",9.37909404114284,"not",15.1260427932431,"up",15.5323212467705,"up",15.7383912865212,"up"
"ENST00000367882",0,"not",0,"not",0,"not",0,"not",0,"not",0,"not",28.5061520660306,"up",26.5252089267112,"up",23.7065938761117,"up"
"ENST00000612899",0,"not",0,"not",0,"not",0,"not",0,"not",0,"not",16.1315539734262,"up",16.246177272716,"up",17.364107842634,"up"
"ENST00000358430",-1.80848154009521,"not",-2.87251302561989,"not",-0.33479842116592,"not",1.8588418080294,"not",2.17998978089851,"not",-0.313280547073855,"not",12.0881283515487,"up",14.8508285801259,"up",15.6329475789237,"up"
"ENST00000367608",13.1897353670931,"up",0,"not",0,"not",18.7169442228534,"up",24.4082554667209,"up",23.3014475174009,"up",28.8185689071501,"up",28.6975739916668,"up",27.0335356849633,"up"
"ENST00000367609",0,"not",0,"not",0,"not",23.2039263795526,"up",24.1672346114315,"up",26.7762864505635,"up",28.8113901990773,"up",29.1008447841108,"up",26.9855279667568,"up"
"ENST00000968518",0,"not",0,"not",0,"not",0,"not",0,"not",0,"not",29.8727866566153,"up",25.5905542817636,"up",21.4512742923992,"up"
"ENST00000296932",0,"not",0,"not",0,"not",18.6653322998181,"up",0,"not",0,"not",24.6148134555645,"up",28.3208044728342,"up",29.4882638467467,"up"
"ENST00000972061",12.9538623703354,"not",18.8237962730379,"up",0,"not",0,"not",0,"not",0,"not",24.8100138157867,"up",26.0248336907706,"up",27.819688539103,"up"
"ENST00000361131",-5.48231619284696,"not",3.94332316032052,"not",-3.98047261274338,"not",0.408144766558379,"not",1.02542376018951,"not",-3.9589546752744,"not",11.5041544089459,"up",13.312066073943,"up",13.3297126849221,"up"
"ENST00000696526",9.88712681011975,"not",6.74057646043608,"not",0,"not",0,"not",0,"not",11.0244252519727,"up",18.3659689554964,"up",18.1127398319627,"up",19.3394307929125,"up"
"ENST00000367257",0,"not",0,"not",0,"not",0,"not",0,"not",0,"not",27.3953686561577,"up",26.217765658142,"up",26.6602776216786,"up"
"ENST00000414563",-24.7355718492304,"down",-25.1203243502524,"down",-1.59646214383209,"not",-24.9056239469374,"down",-24.6379876183366,"down",-1.37563261881434,"not",5.09905473329606,"not",8.19554798866402,"not",8.38705648974376,"not"
"ENST00000275262",0,"not",0,"not",0,"not",7.98079523234709,"not",0,"not",11.32190183992,"up",17.8871712519304,"up",20.0006956771761,"up",19.0194393593815,"up"
"ENST00000354536",0,"not",8.72213202105772,"not",11.1514762382262,"up",4.41975055488551,"not",0,"not",0,"not",18.8045508556113,"up",19.6915451557134,"up",18.8144210647691,"up"
"ENST00000356284",0,"not",0,"not",0,"not",0,"not",0,"not",0,"not",20.4807871118781,"up",19.771802804777,"up",18.8920343453206,"up"
"ENST00000437615",-2.41460157758505,"not",2.44009216450904,"not",-0.920732314720593,"not",2.75456453155292,"not",4.45299468140578,"not",3.21704128727436,"not",13.6629283527348,"up",13.3372403652476,"up",12.6207263146412,"up"
"ENST00000648769",0,"not",0,"not",0,"not",2.96586366003344,"not",0,"not",7.58417162975467,"not",14.6228458291899,"up",15.866566200347,"up",15.6530054212623,"up"
"ENST00000366756",0,"not",0,"not",0,"not",0,"not",0,"not",11.0239407175261,"not",21.2944809594795,"up",20.6057887044335,"up",20.0378858739288,"up"
"ENST00000389574",2.37158100616301,"not",0.913969833144613,"not",0.683891553549022,"not",2.37864011993644,"not",4.12186744909012,"not",3.25104336200293,"not",-17.750451891451,"down",3.4448421697807,"not",1.78470454785559,"not"
"ENST00000905052",-0.126996455750914,"not",1.76409590528217,"not",4.49513500432173,"not",0.651222599809035,"not",1.44109062193788,"not",4.31134271025756,"not",-2.98080411091063,"not",-21.4080166578287,"down",-21.6501718937487,"down"
"ENST00000608012",0,"not",0,"not",19.2231029416125,"up",0,"not",20.8437757684238,"up",21.3307154453254,"up",26.1271723028574,"up",26.8612798120126,"up",25.5966157134199,"up"
"ENST00000265849",-0.143366345959466,"not",1.57309470622052,"not",2.34880654662667,"not",2.98142401146746,"not",3.48246972201779,"not",2.70350136110886,"not",-3.79521344605082,"not",2.83745104390179,"not",-3.56727204371984,"not"
"ENST00000456174",-8.61782606911201,"not",-9.68194074410881,"not",-7.14422614983687,"not",-8.31916598542863,"not",-8.01646354254169,"not",-7.12270827583115,"not",7.6238558465699,"not",8.69964399371101,"up",7.8868256263312,"not"
"ENST00000448353",0,"not",0,"not",0,"not",0,"not",20.7027702339908,"up",21.9511569767542,"up",24.4200496651092,"up",26.9566133001734,"up",27.3509646750996,"up"
"ENST00000462546",-22.3296376493968,"down",-2.52133954105211,"not",-18.7261776008825,"down",-20.3254877398847,"down",-20.193151221895,"down",-18.6762985309452,"down",6.81643065320511,"not",8.13398702713018,"not",8.49121404475707,"not"
"ENST00000645220",9.7957312255809,"up",0,"not",8.45801751190237,"up",9.35628948967585,"up",12.3399568558108,"up",12.9077125392255,"up",17.6558993569156,"up",17.7244334374253,"up",17.3868215270826,"up"
"ENST00000643460",0,"not",0,"not",0,"not",0,"not",0,"not",0,"not",16.9412672458699,"up",14.996941001192,"up",12.6736021876435,"up"
"ENST00000355633",0,"not",0,"not",0,"not",0,"not",0,"not",0,"not",18.3228356540579,"up",16.2029803230734,"up",14.744203372517,"up"
"ENST00000851235",-1.60044571180376,"not",-2.67061820913843,"not",-0.132905931654554,"not",-1.30784469459354,"not",-1.0051425280566,"not",-0.111388077293412,"not",15.4139036331175,"up",15.6996300663443,"up",15.014568239809,"up"
"ENST00000517635",0,"not",0,"not",0,"not",0,"not",0,"not",0,"not",27.9727329089354,"up",26.8994741775467,"up",27.5265190225604,"up"
"ENST00000360046",0,"not",0,"not",0,"not",0,"not",0,"not",0,"not",14.2623897601681,"up",15.5009422524817,"up",15.6780888112173,"up"
"ENST00000222726",1.81210247484249,"not",-3.87531057874646,"not",2.86702877859132,"not",-0.0843699636998979,"not",-2.20982895381672,"not",-1.31607131336991,"not",13.8988576814647,"up",13.1438079374554,"up",12.3750623154762,"up"
"ENST00000871702",0,"not",0,"not",22.3309153474264,"up",22.7785989626333,"up",24.558935709728,"up",22.2424454496164,"up",27.3745796321381,"up",28.2822749739363,"up",26.6153906924062,"up"
"ENST00000317020",0,"not",0,"not",21.6110942933825,"up",0,"not",23.3627932613237,"up",24.04513367094,"up",27.2148199673872,"up",28.7525487943738,"up",27.5285486975229,"up"
"ENST00000396045",2.88454633824026,"not",2.2795595133905,"not",8.48938228776517,"up",7.12227247675152,"up",8.01608925994491,"up",8.76332934247116,"up",16.7694610083544,"up",18.426175636572,"up",18.6680876748046,"up"
"ENST00000613132",0,"not",0,"not",5.79308953013729,"not",9.14486297946243,"up",14.75794418852,"up",16.6964169528837,"up",19.0460130859866,"up",19.2280906881975,"up",19.1073063999547,"up"
"ENST00000311160",0,"not",0,"not",0,"not",0,"not",14.2405023162894,"up",15.6618057807996,"up",20.1917995878196,"up",20.9372784445646,"up",20.6086202599979,"up"
"ENST00000457718",-2.81150246191392,"not",-3.87791946863497,"not",-1.34020572413847,"not",-2.51514516629157,"not",-2.21244282476714,"not",1.78279366502088,"not",8.80167154809687,"not",13.7420222259168,"up",15.1789077932378,"up"
"ENST00000357936",0,"not",0,"not",0,"not",0,"not",0,"not",6.35529303018864,"not",19.5561960321472,"up",18.0740302429537,"up",18.4511617860354,"up"
"ENST00000622873",0,"not",0,"not",0,"not",0,"not",0,"not",0,"not",27.2775688775585,"up",27.1407092750112,"up",27.4718653098526,"up"
"ENST00000700146",0,"not",0,"not",5.28632581030111,"not",0,"not",0,"not",11.2138322399848,"not",17.4334566373871,"up",18.1010340154392,"up",16.7817843783561,"up"
"ENST00000472837",0,"not",0,"not",0,"not",0,"not",0,"not",0,"not",29.043935464303,"up",29.9435239942599,"up",29.0160695108944,"up"
"ENST00000611835",0,"not",0,"not",0,"not",0,"not",0,"not",0,"not",15.522910750215,"up",15.3159736524865,"up",15.8680483676626,"up"
"ENST00000901288",0,"not",0,"not",23.5781804856406,"up",23.5431492711543,"up",23.7531559039175,"up",24.8779532452935,"up",29.1512883296278,"up",29.217504529288,"up",28.1904956030447,"up"
"ENST00000901291",0,"not",0,"not",24.9796617914623,"up",21.0970516056496,"up",20.710805637367,"up",24.7825302918818,"up",28.1620614786707,"up",29.9018847915258,"up",26.5254173632638,"up"
"ENST00000932170",-0.0957714084933683,"not",-22.3394320568107,"down",4.87472093911557,"not",-19.5203605681059,"down",-19.2728536276596,"down",-16.9818366454081,"down",10.4126187340485,"not",9.76207695969692,"not",10.2200584639358,"not"
"ENST00000394905",3.89900224255837,"not",5.35148768305975,"not",8.53966488833618,"up",5.89564078632288,"not",3.50988186852533,"not",2.02144239903432,"not",3.12654269578919,"not",3.11093377791859,"not",0.0946303875941471,"not"
"ENST00000435749",0,"not",4.5769891040987,"not",0,"not",0,"not",0,"not",9.90343880213816,"not",15.1537008225054,"up",15.2130933102722,"up",17.0484141434569,"up"
"ENST00000452320",-0.184554561519673,"not",-3.61768870149834,"not",-3.97972446570228,"not",2.29579389324274,"not",0.564824449539151,"not",-0.619996259854614,"not",11.099828910949,"up",11.635725800566,"up",11.413005633003,"up"
"ENST00000878446",0,"not",0,"not",0,"not",0,"not",0,"not",0,"not",23.7448586847662,"up",29.7177135478839,"up",23.2550180746318,"up"
"ENST00000265361",0,"not",0,"not",0,"not",0,"not",0,"not",0,"not",20.4077359434119,"up",20.6493629940461,"up",21.2317992059148,"up"
"ENST00000331536",0,"not",0,"not",22.7465830703974,"up",19.4252642100414,"up",21.9009282840555,"up",24.0268683837044,"up",26.9712195714459,"up",27.055320160582,"up",27.0428048789956,"up"
"ENST00000859638",-22.2363135067226,"down",-22.5269885322212,"down",-18.617867641207,"down",-0.766728761855377,"not",-19.9921309865031,"down",-18.5797596757084,"down",7.39177239567472,"not",9.2931266276711,"not",7.30705030447469,"not"
"ENST00000406263",2.83415190371395,"not",0,"not",0,"not",0,"not",5.32380679273693,"not",5.03180564707847,"not",12.0801694940016,"up",18.3781916082274,"up",17.2393608044712,"up"
"ENST00000341723",0,"not",0,"not",0,"not",0,"not",0,"not",0,"not",24.5136136963529,"up",27.6937315454092,"up",28.8831291056851,"up"
"ENST00000394468",0,"not",1.65822101707134,"not",0,"not",7.16920542319209,"not",4.70824013231426,"not",0,"not",17.7349103426988,"up",19.6966569674812,"up",19.2596809118935,"up"
"ENST00000005178",0,"not",0,"not",0,"not",0,"not",0,"not",0,"not",18.7728838138394,"up",19.8346656408034,"up",18.322753355585,"up"
"ENST00000543273",0,"not",0,"not",22.5877091151425,"up",0,"not",23.0105752561477,"up",21.8629179894295,"up",28.1431657702922,"up",27.3610743650256,"up",27.4766307090189,"up"
"ENST00000687616",-20.2140610747272,"down",-19.8134364053751,"down",-15.8608399622841,"down",-1.4691502956103,"not",-17.743584693317,"down",-15.7954379709651,"down",6.58264214212812,"not",11.4908060055776,"not",11.5777448544265,"not"
"ENST00000895660",11.5713667346167,"not",0,"not",0,"not",14.108760435256,"not",0,"not",0,"not",27.0866937529576,"up",24.4650656181038,"up",27.0309691066249,"up"
"ENST00000878870",0,"not",0,"not",0,"not",0,"not",0,"not",19.7757469423967,"up",22.2903882140458,"up",29.6583291816343,"up",28.543010592357,"up"
"ENST00000421101",0,"not",0,"not",0,"not",0,"not",0,"not",0,"not",24.6526793386752,"up",27.0133110376033,"up",28.4706234815528,"up"
"ENST00000308478",0,"not",0,"not",0,"not",0,"not",0,"not",0,"not",26.1059347621396,"up",29.8425327290633,"up",29.6805460613563,"up"
"ENST00000652298",1.08711870915622,"not",-1.99738999532993,"not",-6.07770146671861,"not",-2.87689182732341,"not",-0.943103501934981,"not",0.990110917777919,"not",-20.4568175851239,"down",-20.5691153029074,"down",-20.4832103150136,"down"
"ENST00000668382",2.19245654117212,"not",-1.48310538145174,"not",1.91749189593234,"not",2.31747623209395,"not",1.95392354122359,"not",1.20249192427193,"not",-18.9257290227726,"down",3.84955699922446,"not",-18.5591540683297,"down"
"ENST00000769347",0.587521790971197,"not",1.16096091647733,"not",3.14427695151595,"not",3.13999417331524,"not",0.229435598269956,"not",-0.957212662178011,"not",-17.916626989473,"down",-18.4502320384989,"down",-18.1825755374425,"down"
"ENST00000769325",1.76290201449996,"not",2.62102090091144,"not",6.5036960691857,"not",4.61463201713925,"not",3.04747009359744,"not",1.76292247537067,"not",-1.65110950765719,"not",-1.20355696979109,"not",-1.42316744137319,"not"
"ENST00000464848",0,"not",0,"not",0,"not",0,"not",23.5210248453534,"up",23.1645026246459,"up",28.6225077278128,"up",27.7769283833033,"up",26.7705267729236,"up"
"ENST00000477922",0,"not",8.03351355999967,"not",6.39789676951626,"not",0,"not",0,"not",0,"not",14.73916372077,"up",17.433979561984,"up",15.0430884009087,"up"
"ENST00000302017",0,"not",0,"not",0,"not",0,"not",0,"not",0,"not",15.2390895970625,"up",16.7006537152025,"up",16.1378454695949,"up"
"ENST00000416793",0,"not",0,"not",0,"not",0,"not",0,"not",0,"not",18.7748695757633,"up",28.5388940842626,"up",30,"up"
"ENST00000360937",0,"not",0,"not",0,"not",0,"not",0,"not",0,"not",27.5222374857676,"up",29.2912446444203,"up",30,"up"
"ENST00000945646",1.60571837530035,"not",-1.33955641094298,"not",-2.34929386953981,"not",1.40535454180191,"not",2.13979242547261,"not",-6.69766335018194,"not",-2.75683258902734,"not",-2.30927935096793,"not",-2.52889016612932,"not"
"ENST00000713710",-21.5143776996168,"down",-21.6720155798013,"down",-16.105027126269,"not",-18.7603130277625,"down",-18.4164808230794,"down",-16.0336112350263,"down",8.65390189192968,"not",11.1177329446638,"not",10.5019765222985,"not"
"ENST00000908206",0,"not",0,"not",0,"not",0,"not",0,"not",0,"not",27.6681098872035,"up",28.0996320928307,"up",25.7781153379253,"up"
"ENST00000866404",-23.2807776135067,"down",-24.2957671263082,"down",-19.1093596008095,"down",-21.5366590072296,"down",-21.0595261837154,"down",-19.0536372792566,"down",5.79456737003639,"not",6.66573967987237,"not",7.16113300927953,"not"
"ENST00000332007",0,"not",7.19891964403925,"not",0,"not",0,"not",8.82738834250355,"not",10.2377525903878,"up",20.1270202346915,"up",18.894384915,"up",17.7061623506963,"up"
"ENST00000297261",0,"not",0,"not",0,"not",0,"not",0,"not",0,"not",18.364961153001,"up",21.0864093830974,"up",20.9330433922161,"up"
"ENST00000886854",0,"not",0,"not",11.6964145302468,"up",10.3959951337495,"up",11.3308361280249,"up",13.3283341760084,"up",17.1267607867286,"up",17.8382770453497,"up",17.2052986855206,"up"
"ENST00000678242",0,"not",0,"not",24.7186654099889,"up",24.1768659034609,"up",24.9074515334029,"up",25.6149576980617,"up",29.0511873619469,"up",30,"up",29.7225742992348,"up"
"ENST00000524500",0,"not",0,"not",0,"not",0,"not",22.5062876112832,"up",23.5836942410113,"up",26.1722145720131,"up",27.7864541230323,"up",28.0568180703877,"up"
"ENST00000251630",10.3324707351629,"not",0,"not",0,"not",9.69572349368037,"up",10.5329236188635,"up",11.5416501191428,"up",16.867695779255,"up",17.6424293283101,"up",16.8769708215254,"up"
"ENST00000520982",0,"not",0,"not",14.0845529271173,"up",0,"not",22.5554690038053,"up",23.5231690587637,"up",28.6005879093772,"up",27.5822787180123,"up",27.8104311115064,"up"
"ENST00000306385",0,"not",0,"not",0,"not",0,"not",10.1254610683023,"not",12.5040364210855,"up",16.9283657734479,"up",18.0800727651328,"up",16.7239981164924,"up"
"ENST00000970378",1.01481370497445,"not",4.20918617184271,"not",-14.9082088559828,"not",-17.5598541151387,"down",-17.3366971549917,"down",-14.8291187668026,"not",12.3788550850477,"not",11.7506026209886,"not",11.9145343536006,"not"
"ENST00000616834",0,"not",0,"not",0,"not",0,"not",0,"not",0,"not",0,"not",28.8911258130561,"up",27.9998682265096,"up"
"ENST00000520262",0,"not",0,"not",0,"not",0,"not",0,"not",0,"not",28.5960592714989,"up",28.5855067211245,"up",25.5850824539784,"up"
"ENST00000887928",0,"not",0,"not",0,"not",0,"not",0,"not",0,"not",26.0717210969906,"up",26.0670022401403,"up",28.0006904606604,"up"
"ENST00000671254",0.0181423177561877,"not",-2.67342777635072,"not",-14.5487350591186,"down",-17.4892666024858,"down",-17.2497911223917,"down",-14.4631385420964,"down",11.3462154126869,"up",11.7490533029474,"up",13.228820672669,"up"
"ENST00000665390",14.4275670685874,"not",0,"not",0,"not",0,"not",0,"not",0,"not",27.6507110803449,"up",28.3895016788154,"up",29.3394699783979,"up"
"ENST00000685732",-0.573931067550402,"not",-3.78740439029556,"not",-4.1666639933392,"not",0.10618515357531,"not",-5.03890450306104,"not",0.999909505258859,"not",9.20166447401082,"up",9.70476770042482,"up",11.1731874298775,"up"
"ENST00000276571",0,"not",0,"not",0,"not",0,"not",0,"not",0,"not",9.80156299622308,"not",18.3397278506479,"up",17.4801224930143,"up"
"ENST00000660308",0,"not",0,"not",0,"not",0,"not",0,"not",0,"not",16.4447439295822,"up",14.7323603518542,"up",14.0600495521375,"up"
"ENST00000912626",0.37473379137932,"not",-4.84294734842366,"not",-1.97943686526193,"not",-3.95836663923431,"not",-6.332802094512,"not",-3.08247375087473,"not",-8.50607857377904,"down",-8.0585258628409,"down",-8.27813641934807,"down"
"ENST00000723787",0.536525721308348,"not",-2.58462494602526,"not",-0.448079681951335,"not",-1.98051998760412,"not",-2.64442807157586,"not",-1.96187714694734,"not",-5.09689713542887,"not",-4.64934358640796,"not",-4.86895455415568,"not"
"ENST00000519840",0.37634048129425,"not",-3.46290048322608,"not",-1.63548415450092,"not",-2.40943669692363,"not",-2.5481000811442,"not",-1.53376712539479,"not",-2.25494003943316,"not",-3.61748046942043,"not",-4.45282977963687,"not"
"ENST00000466821",-1.79385959761859,"not",-2.09067945312677,"not",-0.30074301812474,"not",0.855570125843933,"not",1.42399619281859,"not",0.297925129066235,"not",-1.88293415850944,"not",-0.0189259392202585,"not",-1.86670864458304,"not"
"ENST00000285381",-1.51121640306585,"not",-4.28646744267377,"not",-6.7114068065963,"not",-3.76623028508211,"not",-1.53123821963415,"not",-0.480890592453242,"not",7.19824628119072,"up",10.5243743418356,"up",9.58783659503435,"up"
"ENST00000684089",0,"not",11.4967537926459,"not",0,"not",20.765024718155,"up",20.1513989172133,"up",23.0377145508356,"up",25.7566065101327,"up",28.0186201349651,"up",26.4106477695229,"up"
"ENST00000220763",0,"not",0,"not",0,"not",0,"not",9.25689731218554,"not",0,"not",17.7288922326125,"up",18.541785632836,"up",18.6867104616789,"up"
"ENST00000318528",-22.6727434961866,"down",-21.7128592495547,"down",-18.8753797790045,"down",-19.7445917330767,"down",-19.9204093833066,"down",-18.8337631871918,"down",8.87751508045976,"not",8.93845291664884,"not",9.33071287521378,"not"
"ENST00000254898",0,"not",0,"not",0,"not",0,"not",0,"not",0,"not",25.9768772701003,"up",28.2663748865555,"up",27.6047422242478,"up"
"ENST00000430223",-21.6198168377472,"down",-20.7670064126307,"down",-16.5402596079319,"down",4.14726784364777,"not",6.95322857406387,"not",7.65068197962056,"not",8.53907751692112,"not",10.192849870039,"up",11.5074569283587,"up"
"ENST00000220931",0,"not",0,"not",0,"not",0,"not",0,"not",0,"not",18.9380772971734,"up",18.9996512658683,"up",20.5549666651875,"up"
"ENST00000309982",0,"not",6.51306247514931,"not",0,"not",7.71255439149743,"not",5.41070711103623,"not",8.82860553380089,"not",20.2202504035218,"up",19.5545263865747,"up",18.8352215239492,"up"
"ENST00000297447",15.4488647738102,"up",16.7299073776498,"up",0,"not",19.7192704674276,"up",21.2124023231302,"up",21.9047178308198,"up",24.9243941058182,"up",27.0561137002796,"up",26.7829627081197,"up"
"ENST00000297459",0.867301971182928,"not",0.794602874552054,"not",2.82010947942227,"not",1.23338179365649,"not",-9.11496330724349,"down",1.50669207496956,"not",-4.28037798101997,"not",-3.83282533534271,"not",-4.05243585982689,"not"
"ENST00000276646",0,"not",14.8472878854785,"not",0,"not",0,"not",0,"not",0,"not",25.2741863007689,"up",27.6077015007891,"up",27.6507117290615,"up"
"ENST00000529175",2.57728352231796,"not",3.17875358378923,"not",0,"not",0,"not",0,"not",0,"not",13.5689688250261,"up",16.7347337849973,"up",16.497574041794,"up"
"ENST00000409003",-22.7848611590784,"down",-22.367798365743,"down",-18.2052627497351,"down",0.787399961432605,"not",1.22638562893919,"not",-18.1385257972655,"down",10.9357012050031,"not",10.9914570816904,"not",11.4669169524778,"up"
"ENST00000286234",4.5075336939297,"not",-5.56821207454215,"not",1.61034473506149,"not",-4.2054345135965,"not",3.18541238418705,"not",5.74308264919194,"not",13.2494280267485,"up",13.0677550111478,"up",12.4587158529512,"up"
"ENST00000303924",2.38187785826091,"not",5.14703648338286,"not",6.9778243896401,"up",6.10732563386107,"not",6.79094621358278,"up",7.5493296808619,"up",-20.1021658083676,"down",3.04457282041834,"not",-19.3576534289408,"down"
"ENST00000696633",2.18678471760058,"not",-0.913165741138098,"not",-0.960358079657843,"not",-1.03040625515471,"not",-1.2094893127094,"not",-0.724393524934213,"not",-1.67363152140551,"not",-2.04229739329541,"not",-1.80057500748119,"not"
"ENST00000323851",2.5462779087661,"not",3.19018645963545,"not",2.58782207748193,"not",1.2699751592326,"not",1.29748157425525,"not",-3.13001924518205,"not",12.6067252097015,"up",11.7215157781571,"up",12.7581382734872,"up"
"ENST00000691704",0.661808826642139,"not",-1.96138453062719,"not",0.922328688595227,"not",1.59196271800766,"not",-2.17324076414129,"not",-6.81504205213821,"not",-2.87423900943539,"not",-2.42668891931193,"not",-2.64629818980617,"not"
"ENST00000357248",0,"not",0,"not",0,"not",18.5397988443018,"up",0,"not",0,"not",26.9012920746892,"up",29.2801198114046,"up",29.3265671373767,"up"
"ENST00000636559",-22.8406467764375,"down",-23.024058572624,"down",-19.6389761678514,"down",-20.9646937856608,"down",-20.7702943284372,"down",-19.6098140070999,"down",7.36158330838419,"not",7.52760050226635,"not",7.80477699740933,"not"
"ENST00000427722",0,"not",0,"not",0,"not",0,"not",17.3362190231667,"up",0,"not",25.9457406814798,"up",27.2294809141407,"up",26.5655535253168,"up"
"ENST00000959913",16.8125192764647,"up",0,"not",0,"not",19.9582964664864,"up",25.2601462720374,"up",24.7976643335021,"up",28.877714956396,"up",28.6872339590398,"up",24.3088955771445,"up"
"ENST00000380911",2.31295462377299,"not",4.75115612130995,"not",7.49594530665028,"up",5.66989865274365,"not",1.57401462022103,"not",1.60680860619916,"not",-1.14220734993537,"not",-1.82851619070714,"not",-20.646869804493,"down"
"ENST00000896634",3.38868387625918,"not",0.856560664574906,"not",3.92311905486858,"not",4.21389539690287,"not",3.31026502547453,"not",3.84081604533385,"not",-3.38264581609812,"not",-2.9350944010325,"not",-3.15470432166533,"not"
"ENST00000470744",0,"not",0,"not",0,"not",0,"not",0,"not",0,"not",0,"not",28.8234504052346,"up",28.4208499358771,"up"
"ENST00000303068",-1.13778198833421,"not",-0.224472360023118,"not",2.21085711025212,"not",0.527325530670493,"not",1.17851881893973,"not",-7.39648950510504,"not",-3.45565920142208,"not",-3.00810601531692,"not",-3.22771680498477,"not"
"ENST00000715875",0.230777428906622,"not",-3.81626905950202,"not",-3.85732370492813,"not",-4.18754106336066,"not",-4.13918633755023,"not",-3.15059748476483,"not",-3.56131268649484,"not",-4.02191495975735,"not",-7.95137395717889,"down"
"ENST00000442371",0,"not",0,"not",0,"not",0,"not",0,"not",19.7743958247644,"up",21.0736068283531,"up",27.7430747196218,"up",26.0211058366684,"up"
"ENST00000347159",1.58310082562263,"not",-0.487252697602478,"not",-1.30064654402688,"not",1.21405200757369,"not",1.00479493468362,"not",0.472657944362426,"not",1.70058852235186,"not",-19.8156039856614,"down",0.622515455382957,"not"
"ENST00000375751",-24.1174708939802,"down",-24.0238893172519,"down",-20.1956810425311,"down",-22.0403833002377,"down",-21.8459033786144,"down",-20.1412745354308,"down",9.26408984353523,"not",9.13765210781792,"not",6.14923881805866,"not"
"ENST00000375512",19.8553169321733,"up",0,"not",0,"not",0,"not",0,"not",0,"not",27.2561395795802,"up",28.3355984055615,"up",27.2424915734997,"up"
"ENST00000854365",11.4907129825421,"not",0,"not",0,"not",0,"not",0,"not",0,"not",26.8841202932356,"up",26.7812359143984,"up",25.1750678030657,"up"
"ENST00000375472",-1.45439873596602,"not",1.56515591917043,"not",4.1101319104499,"not",1.75163119460638,"not",-1.05188407050749,"not",2.72922348011606,"not",-2.87294813978341,"not",-2.42539609252714,"not",-2.64500632337089,"not"
"ENST00000427277",0,"not",0,"not",0,"not",0,"not",0,"not",0,"not",24.2030211580321,"up",27.9062941836011,"up",28.4160879895031,"up"
"ENST00000801375",-0.111047623472774,"not",-2.42560282746137,"not",-1.37813858780079,"not",-2.15092001004126,"not",-2.54000418906947,"not",-1.96468857154089,"not",0.389638996138067,"not",-1.52652018391175,"not",-4.8016833133318,"not"
"ENST00000374736",0,"not",8.01300932223297,"not",0,"not",11.439671835764,"up",16.0397883529533,"up",17.2125114283589,"up",20.7424268243288,"up",21.3959810820129,"up",19.9969978689009,"up"
"ENST00000374270",0,"not",0,"not",0,"not",0,"not",22.0922209125188,"up",22.4371436425696,"up",26.8173022383451,"up",26.0440304960461,"up",28.2648631089465,"up"
"ENST00000928183",0,"not",0,"not",0,"not",0,"not",18.9501962841927,"up",22.893377685269,"up",28.0456370778379,"up",24.823113925846,"up",25.7047291500914,"up"
"ENST00000373808",0,"not",0,"not",20.7275786890487,"up",21.7276934169048,"up",23.9451489756316,"up",24.924095191607,"up",26.6252677720016,"up",29.1726719482935,"up",28.4085923209786,"up"
"ENST00000972594",-4.22052267633603,"not",-6.2963946749187,"not",-3.18896572647747,"not",-0.0122060001913908,"not",4.71266638733945,"not",1.45854896221365,"not",10.664331557033,"up",12.2790395576088,"up",11.8548228245621,"up"
"ENST00000373818",0,"not",0,"not",0,"not",11.6595257980936,"up",11.0747688031281,"up",14.7558662347027,"up",16.5183012899793,"up",16.6981685474092,"up",17.9823999202434,"up"
"ENST00000896215",0,"not",0,"not",0,"not",0,"not",0,"not",0,"not",29.99343660993,"up",30,"up",29.9932542686833,"up"
"ENST00000352480",0.653031572538549,"not",-2.02409475709448,"not",1.05743859269516,"not",1.93298085605351,"not",3.37845206601764,"not",3.01550244534618,"not",-20.468664496431,"down",-19.0269117578747,"down",2.36856713318539,"not"
"ENST00000361069",1.01337750655259,"not",3.59226889592893,"not",5.01582647802278,"not",5.60512188246548,"not",5.15692106485586,"not",-25.8825884927916,"down",-15.2023804012584,"down",-14.1242329577726,"down",-14.6080701294618,"down"
"ENST00000891838",0,"not",0,"not",17.6895111011905,"up",16.1347186659054,"up",17.8608929430752,"up",0,"not",25.3508234819309,"up",26.2765194801043,"up",27.2952100289103,"up"
"ENST00000468019",2.62172413400488,"not",-0.0191816087235413,"not",1.69091965617295,"not",0.691284062670028,"not",-0.281751223522616,"not",3.96621825010277,"not",0.511359947046264,"not",-21.3150681306899,"down",-21.2841115870512,"down"
"ENST00000277537",7.02239666458186,"not",0,"not",4.2188207493735,"not",0,"not",0,"not",5.33564212323502,"not",13.9171845951731,"up",16.4215131801064,"up",15.278051005792,"up"
"ENST00000399012",2.27303371722725,"not",1.32784942458866,"not",3.66825185423793,"not",3.40035797712699,"not",2.77417033394104,"not",4.1863212633315,"not",-18.6050416766925,"down",3.79181192608436,"not",-19.6062154493441,"down"
"ENST00000381095",1.8345891450784,"not",0.129682905091286,"not",1.72302835467573,"not",0.953389102699904,"not",1.0603693868917,"not",-0.696155421709727,"not",-0.820798134661355,"not",4.31576871985308,"not",-2.49698940289045,"not"
"ENST00000380787",0,"not",0,"not",0,"not",0,"not",0,"not",0,"not",19.8871919870218,"up",19.1712548293563,"up",18.2700637071979,"up"
"ENST00000380289",1.10765714614398,"not",-1.94190729894483,"not",1.64804845466525,"not",0.264963977195993,"not",0.0839689309967462,"not",0.42990212400626,"not",0.917182777141654,"not",-8.70230963993757,"down",-8.92192022649761,"down"
"ENST00000871544",0,"not",5.10045281329876,"not",10.656780375607,"up",10.9860025549356,"up",11.242097213443,"up",12.0045205198443,"up",16.0973264560838,"up",16.7917037824442,"up",16.0385353890062,"up"
"ENST00000949205",12.3844006851092,"not",0,"not",0,"not",0,"not",0,"not",14.8929022781824,"up",29.346355142413,"up",28.9178718467792,"up",28.066848963374,"up"
"ENST00000379145",0,"not",0,"not",0,"not",0,"not",20.8380059308116,"up",0,"not",27.3734604957713,"up",26.5565432844002,"up",26.1751612864752,"up"
"ENST00000379044",0,"not",0,"not",0,"not",0,"not",0,"not",0,"not",26.6758440938453,"up",29.4242156373732,"up",30,"up"
"ENST00000377073",0,"not",0,"not",0,"not",0,"not",0,"not",18.8951762827533,"up",25.342105777672,"up",25.8418698447858,"up",26.2093687048837,"up"
"ENST00000498425",1.67175417409235,"not",0.414303338792717,"not",3.97714181386001,"not",1.577295567181,"not",1.69213659832886,"not",3.87595945962043,"not",5.14314189178689,"not",-16.7205794594692,"down",-17.2026654810453,"down"
"ENST00000374299",2.3632058846136,"not",0.289167282495797,"not",3.51820977457893,"not",2.58613310402489,"not",3.2822897824913,"not",3.30152896949101,"not",4.45716232553445,"not",-1.76986746736936,"not",-18.2018680500015,"down"
"ENST00000298085",2.05242323594355,"not",-0.798735851945399,"not",3.11876501439135,"not",1.6393950005887,"not",1.71650750995281,"not",2.77124427863856,"not",-18.2542052561962,"down",4.9244360304383,"not",-18.9867438755631,"down"
"ENST00000536169",0,"not",0,"not",0,"not",0,"not",20.2854427516929,"up",0,"not",26.7501395389419,"up",27.2458869540793,"up",25.8235491598497,"up"
"ENST00000358741",0,"not",0,"not",0,"not",17.3424279585896,"up",20.959112390898,"up",22.2959027530087,"up",26.6640130997471,"up",26.9540638788848,"up",25.3340917177748,"up"
"ENST00000644024",0.935209574235006,"not",-6.53425207133083,"not",0.667825048824539,"not",-1.20429555735722,"not",-0.893695142136354,"not",-0.178917913014045,"not",11.1717904450375,"up",11.7233403470436,"up",12.5485586700911,"up"
"ENST00000755579",-0.545928439642968,"not",-3.03416765529896,"not",-4.0205678528923,"not",0.11609379244649,"not",-0.756437028527637,"not",-6.88113400040897,"down",-5.92258589236567,"down",-5.47503270508638,"not",-5.69464349533037,"down"
"ENST00000755598",0.682884957873858,"not",-2.18985244880002,"not",0.0208129495985224,"not",-4.66265790015667,"not",-4.09577887395534,"not",-2.34229140814509,"not",-1.50697258155856,"not",-2.98622896507363,"not",-8.16977838175966,"down"
"ENST00000420881",0,"not",0,"not",0,"not",0,"not",0,"not",0,"not",20.7317227424569,"up",20.9186350038846,"up",20.07410920645,"up"
"ENST00000255531",0,"not",0,"not",0,"not",0,"not",0,"not",0,"not",20.5833236137084,"up",20.6764749438104,"up",19.8895539353718,"up"
"ENST00000909758",0,"not",0,"not",0,"not",0,"not",0,"not",0,"not",16.3845410783583,"up",12.2395894702727,"up",16.9985096278795,"up"
"ENST00000243298",-23.3380185224593,"down",-20.1999279768714,"down",-20.9418164518004,"down",-19.4165910402404,"down",-20.3342556812217,"down",-20.9405083247904,"down",8.7662686232481,"not",9.38252747508916,"not",9.40131082592434,"not"
"ENST00000674403",2.41385716122928,"not",1.67372253843688,"not",4.31914929425439,"not",2.66646804059313,"not",1.71687214328462,"not",0.654915194947292,"not",-0.902027796925041,"not",-4.34372788783746,"not",-1.27112961170304,"not"
"ENST00000324342",0,"not",0,"not",0,"not",0,"not",6.0856643820086,"not",7.06594961301082,"not",16.2667529458193,"up",17.4063102752484,"up",17.5461324126155,"up"
"ENST00000336803",0,"not",0,"not",0,"not",0,"not",0,"not",0,"not",16.0212069839761,"up",15.0697347471626,"up",14.0240815414781,"up"
"ENST00000851044",1.63398654458672,"not",1.10860663279787,"not",3.78940365665766,"not",1.7190220972448,"not",2.22358803957085,"not",1.16101057092521,"not",-1.70154476910928,"not",-1.54935235493609,"not",-5.54606421203852,"not"
"ENST00000893585",-19.8457081014615,"down",-19.8276923788495,"down",-13.3487952730327,"not",-16.3017956788792,"down",-15.9833074852321,"down",-13.2676949094765,"not",13.453004997192,"up",13.6045018256945,"up",12.6374562396138,"not"
"ENST00000635795",-21.8314074585527,"down",-21.8428922366279,"down",-15.7140666758395,"down",-17.9001914706689,"down",-17.6705138779359,"down",2.4166842764194,"not",12.7193038768199,"up",13.5577033389614,"up",13.9407299941569,"up"
"ENST00000371993",-9.02137103337589,"not",-0.993361470920844,"not",-7.54280395284631,"not",-8.71774455341752,"not",-8.41504191344718,"not",-7.52128606483072,"not",9.66460930609824,"up",9.11164665191739,"up",9.99861821466084,"up"
"ENST00000680476",0,"not",0,"not",0,"not",0,"not",0,"not",0,"not",20.112887021391,"up",16.9901577663052,"up",19.4971570722645,"up"
"ENST00000371959",4.30168028056777,"not",-4.66984198759379,"not",11.4722572895004,"up",10.1887785283396,"up",13.255603221358,"up",13.8624031553816,"up",16.8925806672195,"up",17.6529177928791,"up",16.8862401598915,"up"
"ENST00000371962",0,"not",5.89711875849723,"not",12.9192047630193,"up",10.879599674816,"up",13.8645412241805,"up",15.2838420448496,"up",19.2697549482267,"up",18.9880366648823,"up",19.7811417094607,"up"
"ENST00000743915",-2.03281681283912,"not",-1.29107446652968,"not",1.49188748670464,"not",-6.07910803690137,"not",-2.117684986615,"not",0.570005946793909,"not",-4.57442313019615,"not",-4.12687032413392,"not",-4.34648092731772,"not"
"ENST00000842009",-0.114601664696788,"not",-2.6469764465989,"not",-0.527610142386995,"not",-0.438117082080956,"not",-1.53953246010243,"not",-1.62274568092551,"not",-0.21730142425513,"not",-5.13779439562482,"not",-2.77527752087958,"not"
"ENST00000414769",0,"not",0,"not",0,"not",14.8210267557876,"up",0,"not",0,"not",26.0932004807016,"up",26.9080170987906,"up",25.3112503254441,"up"
"ENST00000394155",0,"not",0,"not",0,"not",0,"not",0,"not",0,"not",28.2099561246536,"up",28.8526448409014,"up",21.9524574753678,"up"
"ENST00000287538",-2.00315466361863,"not",0.0106943027305722,"not",3.65084438059889,"not",3.52350538498151,"not",2.90798005747228,"not",2.60336756829508,"not",-6.1222985262376,"not",-5.67474692218489,"not",-5.89435693555218,"not"
"ENST00000478471",0.659483476839455,"not",1.49753717373224,"not",1.93690937157093,"not",4.05451674174215,"not",2.72542711058854,"not",3.16372058239728,"not",-1.39509256884874,"not",-0.947539164353856,"not",-1.1671500611838,"not"
"ENST00000370536",-2.21429157530838,"not",-11.135078474146,"down",-2.58801816088477,"not",-1.68660370488027,"not",-1.73321568846029,"not",-0.509086347279979,"not",8.12842289743533,"up",7.97894369774551,"up",7.91331528181503,"up"
"ENST00000338017",-8.3838754475366,"not",-9.42045720209382,"not",-6.88273526198103,"not",1.38854723902801,"not",-0.503473196303631,"not",-6.8612173256882,"not",8.88837848177706,"up",8.78875884973892,"up",8.24224474035582,"up"
"ENST00000966679",0,"not",0,"not",22.4592984327096,"up",0,"not",0,"not",0,"not",29.0995829440142,"up",29.2084679370849,"up",27.786655007519,"up"
"ENST00000422081",0,"not",0,"not",0,"not",0,"not",0,"not",0,"not",15.0871334132037,"up",10.9963162764314,"not",16.6169693140398,"up"
"ENST00000902931",0,"not",0,"not",0,"not",0,"not",0,"not",0,"not",23.0222580759452,"up",27.8462890606441,"up",27.2600691158467,"up"
"ENST00000370401",0,"not",0,"not",0,"not",0,"not",0,"not",0,"not",25.1070924115729,"up",27.8584475804969,"up",26.5505739853548,"up"
"ENST00000342782",-5.54523320277576,"not",-6.61372508863848,"not",-4.07601212812885,"not",-5.25095120730283,"not",-4.94824895929354,"not",5.02718015387564,"not",12.5316007312223,"up",12.3412118553035,"up",11.4740876652676,"up"
"ENST00000350060",0.65004145665178,"not",0.0669139015137464,"not",2.86434188791526,"not",1.33656944942799,"not",2.04266389468608,"not",1.95280073462949,"not",-19.6598850868482,"down",4.11153757791114,"not",-19.5141098820947,"down"
"ENST00000696579",0.188291442266219,"not",-2.42994949654874,"not",0.464295412371891,"not",-1.25449945994065,"not",0.965908250977355,"not",1.74148242698232,"not",-19.3447763462931,"down",-18.1015659342373,"down",-18.6543271318529,"down"
"ENST00000692053",0.911128760411302,"not",-1.00815384994935,"not",3.22443749776911,"not",2.88186713511639,"not",3.15410231296248,"not",4.36566443185163,"not",1.99836293118052,"not",-1.94886774982562,"not",-2.16847854910085,"not"
"ENST00000844172",1.02647652125111,"not",-3.34504053746844,"not",0.134629023821471,"not",-1.80862089066537,"not",-2.33209161191902,"not",-4.24949498675909,"not",-4.10392486443475,"not",-3.65637248775061,"not",-3.875982880242,"not"
"ENST00000779634",4.80414761016214,"not",2.54459068469799,"not",4.29684599000616,"not",1.6874444118667,"not",0.278222116177423,"not",2.16609092154106,"not",-0.553091022270339,"not",-0.105537897010165,"not",-0.325148656821862,"not"
"ENST00000336152",2.84143736094192,"not",-0.0721592150364146,"not",4.30618493693826,"not",0.777195037349769,"not",2.14301486317137,"not",2.40286147696103,"not",-2.80082693084432,"not",-2.35327464558199,"not",-2.57288499321342,"not"
"ENST00000325980",-3.25097280564961,"not",0.169418416112287,"not",3.05537733974606,"not",1.4839207129177,"not",2.01131685845641,"not",2.21989679394662,"not",1.81004930900152,"not",-3.38033484453382,"not",-3.59994566016292,"not"
"ENST00000539009",1.71386666004462,"not",0.885639673370422,"not",4.05879907441936,"not",2.55988373570522,"not",1.3200682063877,"not",0.622533150867525,"not",-2.43546045077466,"not",-1.98790745953689,"not",-2.20751815358486,"not"
"ENST00000689432",1.05321055872037,"not",1.65491898180488,"not",3.14197979678394,"not",1.98865706550894,"not",0.105195223117038,"not",-6.00949046744706,"not",-2.06865633193155,"not",-1.62110271065189,"not",-1.84071371385641,"not"
"ENST00000723640",1.71582389315719,"not",4.56721924305974,"not",7.4552173123396,"up",7.45555343866545,"up",4.69760512638929,"not",3.67038080167327,"not",0.129347168822756,"not",3.54932261493924,"not",0.357289266612086,"not"
