"","logFC_D1","sig_D1","logFC_D2","sig_D2","logFC_D3","sig_D3","logFC_D4","sig_D4","logFC_D6","sig_D6","logFC_D8","sig_D8","logFC_D10","sig_D10","logFC_D12","sig_D12","logFC_D18","sig_D18"
"ENST00000304952",-0.56307136773092,"not",-5.07104624203749,"not",-7.14990985192166,"not",-0.354135574010409,"not",2.6547477836673,"not",-0.343185338417076,"not",-0.379552044808635,"not",-0.569168935671648,"not",-0.747756454948383,"not"
"ENST00000659124",0,"not",0,"not",0,"not",0,"not",0,"not",0,"not",4.11879043122204,"not",4.37931258206338,"not",3.53968740471565,"not"
"ENST00000511072",0,"not",0,"not",0,"not",0,"not",0,"not",0,"not",4.64572920191067,"not",5.84972017085707,"not",7.25660180625031,"not"
"ENST00000868561",0.381600190561006,"not",1.95248015330775,"not",0.0813559845657975,"not",-0.38273540443421,"not",-22.4026587162499,"down",-28.1818137581879,"down",-27.7857462044609,"down",-28.5926313366284,"down",-28.4849431633534,"down"
"ENST00000496676",0,"not",5.40660723531335,"not",0,"not",0,"not",4.94601543111773,"not",5.01921473276619,"not",5.2791134402184,"not",4.66998882959535,"not",5.160647687789,"not"
"ENST00000647408",0,"not",0,"not",0,"not",0,"not",0,"not",0,"not",19.6012079920638,"up",20.2474197080092,"up",19.9107594170553,"up"
"ENST00000377298",0.163639722668171,"not",0.728773493718904,"not",5.00702509928654,"not",-1.81360828904894,"not",-1.38901706737839,"not",4.71103091928967,"up",3.55704544084201,"not",4.13365282937336,"not",4.74839212960984,"up"
"ENST00000377263",-1.44768585191769,"not",0.454748717233696,"not",-3.77623752401474,"not",-3.63611336287972,"not",-25.8899872698215,"down",-29.3745857129354,"down",-29.0425998756151,"down",-30,"down",-29.6953774279292,"down"
"ENST00000911712",-0.451776490666836,"not",0.188513261099412,"not",-4.75194591226216,"not",-5.25896906757651,"not",-13.0754618286378,"down",-7.37949913113507,"not",-16.1146717173046,"down",-16.3710203732073,"down",-16.4237688966701,"down"
"ENST00000376480",-0.625648333046555,"not",1.38137733509907,"not",-0.951890831255242,"not",-0.378957427009197,"not",-0.403233959756365,"not",1.45118239570204,"not",2.59827943428801,"not",1.9804426394941,"not",1.43080894372119,"not"
"ENST00000711098",-11.9913063403033,"down",-11.4324061418062,"down",-13.5112688426829,"down",-13.9945114144335,"down",-13.5549241951616,"down",-4.5010161611279,"not",-3.6957187091738,"not",-4.39476692647851,"not",-4.21341307330357,"not"
"ENST00000442459",1.3463067925127,"not",1.52294487910543,"not",-0.200087904234136,"not",-0.624401282835151,"not",2.5360884101374,"not",3.40028109232367,"up",4.44641815878943,"up",4.97818014103041,"up",4.80968528716854,"up"
"ENST00000411503",4.2582948516845,"not",4.49981995500255,"not",3.74928604016356,"not",0,"not",0,"not",0,"not",4.03164510011545,"not",5.77803153319939,"not",4.95525371663955,"not"
"ENST00000375142",3.12928190932366,"not",0,"not",0,"not",0,"not",0,"not",6.64036705891252,"not",7.42470778139291,"not",7.7813005897058,"not",7.74217886299285,"not"
"ENST00000674432",0,"not",19.0769476810634,"up",0,"not",16.7474920699025,"up",0,"not",16.131024585616,"up",18.3599623071239,"up",18.1504192286684,"up",17.8145036075851,"up"
"ENST00000540617",-3.03157950052126,"not",-2.03349347062641,"not",-5.06721552835695,"not",-1.19880180493633,"not",-26.8715504088077,"down",-30,"down",-29.7220106685031,"down",-30,"down",-30,"down"
"ENST00000374630",-6.22488264519755,"not",-1.38346990025263,"not",-3.19054686267781,"not",-0.858148807183654,"not",2.69136736866682,"not",-1.58532845065324,"not",-2.0029453438794,"not",-3.09706316812665,"not",-1.86510308214194,"not"
"ENST00000374619",-1.40351767635386,"not",-2.34115998944878,"not",-6.06350680043511,"not",-2.68997818633961,"not",-4.93240073380202,"not",-9.93606416623891,"not",-28.1119377839313,"down",-28.5659216984123,"down",-28.5214847479908,"down"
"ENST00000471849",-1.35879465356888,"not",0.363379020381555,"not",-3.38355018951724,"not",-2.53511862856459,"not",-3.52064610492703,"not",-6.24621747309648,"down",-12.9322692462201,"down",-15.030588925532,"down",-13.2958376288619,"down"
"ENST00000859603",0,"not",0,"not",0,"not",0,"not",0,"not",0,"not",4.69031619433056,"not",5.50817490100801,"not",3.16503258397976,"not"
"ENST00000374272",0,"not",0,"not",0,"not",0,"not",0,"not",4.35377950102278,"not",5.43313876678348,"not",6.28226021314572,"not",6.64652758664538,"not"
"ENST00000373921",0.0311467366113968,"not",0.549413690041127,"not",-1.48446749162937,"not",-2.70739933552299,"not",-4.31433796194317,"not",-27.9677293106097,"down",-27.6617560291462,"down",-28.285686824668,"down",-28.203211278398,"down"
"ENST00000373713",-0.148060298571929,"not",-0.420960094476791,"not",-6.8919003054418,"down",-9.72525013151054,"down",-3.08900550849357,"not",-2.67691056226396,"not",-1.49592361877299,"not",-1.1196726721537,"not",-1.36318576570788,"not"
"ENST00000342280",0,"not",0,"not",0,"not",0,"not",19.6295908185365,"up",17.6420651031957,"up",17.2502555969859,"up",14.3231320648535,"not",10.0716860148289,"not"
"ENST00000359858",-0.479732947496642,"not",0.664945266667023,"not",-2.51483451795759,"not",-2.70223209070649,"not",-5.54820365645663,"not",-6.51210237004972,"not",-29.1387228168734,"down",-29.9997766506737,"down",-29.7691398233888,"down"
"ENST00000373075",0,"not",0,"not",0,"not",0,"not",0,"not",4.06910533863221,"not",2.97658040201718,"not",3.57257047770886,"not",3.32712047500722,"not"
"ENST00000372708",4.58831860099781,"not",4.57274313850476,"not",1.01267439315795,"not",4.04575075903153,"not",5.52811941381279,"not",0.489827207742777,"not",5.67977649702315,"not",6.4958387092692,"not",5.81574646414159,"not"
"ENST00000470271",-1.25886229357436,"not",-2.28767692034612,"not",-4.24649188243595,"not",-5.45934676325606,"not",-8.13329980493832,"not",-8.7134538579458,"not",-29.0302616980623,"down",-11.5836923933257,"down",-13.5899268453268,"down"
"ENST00000883345",-3.01810721634876,"not",-2.31803914815429,"not",-3.33141787872809,"not",-3.87625827956311,"not",-5.4934943342519,"not",-15.3575604182755,"down",-29.4070820406245,"down",-30,"down",-29.874573668778,"down"
"ENST00000928355",0,"not",0,"not",0,"not",0,"not",22.8049638663004,"up",18.4168954762681,"up",18.7412850233484,"up",17.4535335863878,"up",15.9579353347189,"up"
"ENST00000680483",0,"not",20.435517810026,"up",0,"not",0,"not",0,"not",16.4164988442436,"up",16.7734668014092,"up",16.3195205597608,"up",16.0297810456641,"up"
"ENST00000371566",0.275043075102522,"not",0.336043168159439,"not",-3.5797622756489,"not",-1.12337225431384,"not",-2.11227300833346,"not",-7.69824500866857,"down",-15.5107996000368,"down",-15.7671490864003,"down",-15.819897780746,"down"
"ENST00000907006",15.7892925920607,"not",0,"not",0,"not",0,"not",20.7077229208616,"up",16.8671263344118,"up",16.2287591702843,"up",17.4317208317137,"up",17.3728027802282,"up"
"ENST00000498273",0.642502646522287,"not",3.20793892207258,"not",0.92143086059432,"not",-0.0281731331730311,"not",-2.33498840350926,"not",-28.7233749859118,"down",-7.14058103338402,"down",-29.0527275646234,"down",-28.9969852370338,"down"
"ENST00000450606",0.519291022185211,"not",1.14786655099834,"not",-0.947706585980058,"not",-3.93142238683226,"not",-7.14915825449802,"down",-9.55088438568182,"down",-8.17753777730588,"down",-14.3509537951406,"down",-11.7283339861168,"down"
"ENST00000635253",-3.04378033742677,"not",-0.306839144356035,"not",-1.11501564714988,"not",-3.13629316829792,"not",4.29062676087373,"not",1.26846950167516,"not",1.6156565512815,"not",0.534722583683881,"not",0.0896563058347212,"not"
"ENST00000616738",-2.77426635851488,"not",-2.21537319213219,"not",-4.29420973663923,"not",-2.7613546371943,"not",-4.33786453984386,"not",2.63077183530117,"not",1.35258406219744,"not",-0.376780289650832,"not",1.33291553116708,"not"
"ENST00000370976",0,"not",19.2323864887634,"up",0,"not",18.7069938330469,"up",18.7019701747458,"up",17.4975668967522,"up",16.1818582830193,"up",15.1241684252503,"up",15.2445143273616,"up"
"ENST00000885094",0,"not",0,"not",6.40852360456706,"not",0,"not",8.53450567614393,"not",5.58286723613597,"not",1.98298468570637,"not",3.45006138969165,"not",3.28616665346302,"not"
"ENST00000370742",-9.13872672783332,"not",-5.83692846494186,"not",-10.658687373284,"down",-5.42862493880472,"not",0.847499321528576,"not",-2.94907389636262,"not",-3.49042561419688,"not",-5.19498931958925,"not",-6.22487388553381,"not"
"ENST00000674208",0,"not",19.0951484467145,"up",0,"not",19.1667563166634,"up",18.4329806423623,"up",17.4917375399123,"up",14.5198337554015,"up",16.7320238952888,"up",15.3808080274688,"up"
"ENST00000370225",-3.69257658607852,"not",5.29428433868805,"not",1.55921686445452,"not",3.55016100729899,"not",4.62994609260031,"not",2.59286052828467,"not",3.27045526246683,"not",1.89301037961647,"not",1.81675401831166,"not"
"ENST00000370185",0,"not",0,"not",0,"not",0,"not",6.65894563735509,"not",3.83124592276388,"not",3.35629137837215,"not",0,"not",5.11826087879329,"not"
"ENST00000370163",0,"not",0,"not",18.5236284211037,"not",0,"not",0,"not",17.5509863177365,"not",18.1056545401341,"not",16.0739837472293,"not",16.6700850218369,"not"
"ENST00000294728",-2.81915181428947,"not",-2.26025258844132,"not",-4.33911167149238,"not",-4.82235340226043,"not",-4.38276694799815,"not",3.98215920256907,"not",5.87243726123236,"not",6.75392722896316,"not",7.39979404947789,"up"
"ENST00000603679",2.92367496009005,"not",1.00124435429222,"not",-2.67409219032106,"not",-3.15733461085516,"not",1.95057411836811,"not",0.653512157252769,"not",3.40051969625332,"not",3.37942887626154,"not",4.3862543390813,"not"
"ENST00000894821",0,"not",0,"not",0,"not",0,"not",2.68149292971688,"not",4.77439429842855,"not",5.61836371349295,"not",6.332446759821,"not",3.08892340726865,"not"
"ENST00000967206",20.0065700480838,"up",0,"not",0,"not",0,"not",0,"not",14.6404447854601,"not",15.3512357452853,"up",15.8020761769009,"up",16.0628960563699,"up"
"ENST00000864986",0,"not",0,"not",0,"not",0,"not",8.69108329477076,"not",6.35019614935835,"not",5.5521967746749,"not",4.87766117038976,"not",0,"not"
"ENST00000768352",0,"not",0,"not",0,"not",0,"not",0,"not",0,"not",4.78391975875783,"not",3.90069668113984,"not",4.65894755416363,"not"
"ENST00000734639",4.71567400501184,"not",2.10614419160539,"not",4.1284758080774,"not",0,"not",-0.0377212933528855,"not",2.99016658533461,"not",5.23332294699677,"not",4.49332211982059,"not",5.02862344374563,"not"
"ENST00000685012",0,"not",2.09903836652696,"not",3.06141108188952,"not",1.19496059123951,"not",4.7448991974444,"not",5.1147517326837,"not",4.44175810395194,"not",6.71756985623163,"not",5.32504481327565,"not"
"ENST00000695769",0,"not",0,"not",0,"not",0.985362385265679,"not",0,"not",3.15560958793111,"not",4.61135696320849,"not",6.72800147503995,"not",5.97653673754907,"not"
"ENST00000526445",0,"not",0,"not",0,"not",0.0981275420190711,"not",0,"not",-0.0877579887826725,"not",4.31822920122172,"not",5.14747912630734,"not",4.54224911335218,"not"
"ENST00000369347",0,"not",0,"not",0,"not",0,"not",0,"not",3.83371321459117,"not",5.26239237230149,"not",5.72900801612457,"not",5.07559305448647,"not"
"ENST00000545683",0,"not",0,"not",0,"not",0,"not",0,"not",0,"not",3.96018085275861,"not",5.05676084051765,"not",7.95288041381207,"not"
"ENST00000368378",0,"not",0,"not",0,"not",18.9482923735267,"up",21.496428075639,"up",17.4285925009224,"up",16.1500469629511,"up",17.2845275395368,"up",16.4924295741353,"up"
"ENST00000471876",-0.877240348141633,"not",0.480316254852504,"not",-6.08248273305136,"not",-1.29342350769123,"not",-2.75687348263026,"not",-8.04688453775528,"down",-11.4782202574886,"down",-14.7929079329187,"down",-14.8456565282875,"down"
"ENST00000873828",-0.347799255556679,"not",-0.163029645652097,"not",-2.36158407700538,"not",-3.01085036184541,"not",-25.5012511943119,"down",-29.1111634530597,"down",-28.8515141836696,"down",-29.2883599125712,"down",-29.289540426914,"down"
"ENST00000608007",0.370195589764864,"not",3.62557261682346,"not",2.04757930933607,"not",-1.30924666646728,"not",-5.94614052583477,"down",-8.11994637204124,"down",-10.4292329838029,"down",-8.42478910701192,"down",-13.1566038159457,"down"
"ENST00000488498",-0.198152006989893,"not",3.03895264223042,"not",1.78080189080526,"not",-1.4235154862086,"not",-4.01758061403092,"down",-9.19536449517957,"down",-9.73713456601671,"down",-12.4216282018158,"down",-8.85732973121516,"down"
"ENST00000368195",-2.67468802364483,"not",-2.11578807756246,"not",-1.29985679169924,"not",4.34745682415578,"not",4.16745162132289,"not",1.91070145862039,"not",1.81970200055609,"not",-0.0262854991723287,"not",0.829782107418737,"not"
"ENST00000368108",3.35321607937412,"not",5.15738112762705,"not",2.78222845262712,"not",1.76725024286649,"not",1.12210683458323,"not",-22.826809619177,"down",-22.5838332891733,"down",-23.0823652427377,"down",-23.0155296854767,"down"
"ENST00000883984",4.50831623254527,"not",4.83879859890645,"not",0,"not",0,"not",0,"not",0,"not",4.60624460967593,"not",5.63441860559691,"not",4.1463319767117,"not"
"ENST00000368078",-6.62251246124075,"not",2.48545138704025,"not",-8.14247626718086,"down",-3.29419621005414,"not",-8.18613165709963,"down",-2.13116533735526,"not",-1.19736608354944,"not",-1.87010914270599,"not",-1.27992335337499,"not"
"ENST00000368012",0,"not",4.42868247008158,"not",0,"not",0,"not",0,"not",1.79546722168893,"not",0,"not",4.60667341538432,"not",5.38781200691197,"not"
"ENST00000680688",-9.39857258372348,"not",-4.271544593326,"not",-10.9185258402491,"not",-9.45006610497009,"not",-7.61969260047369,"not",-2.5205128101629,"not",-1.37505385965929,"not",-3.7667613164432,"not",-3.46360792800549,"not"
"ENST00000495447",0,"not",0,"not",0,"not",0,"not",0,"not",0,"not",4.34054151350951,"not",2.94387658270433,"not",5.18385821558269,"not"
"ENST00000443333",0,"not",0,"not",0,"not",0,"not",0,"not",4.59074005197921,"not",3.56023141383207,"not",5.44113440847624,"not",5.36601171041791,"not"
"ENST00000691753",0,"not",0,"not",0,"not",0,"not",0,"not",0,"not",-1.36324893626797,"not",5.88848932304977,"not",5.45736074349383,"not"
"ENST00000333360",0,"not",0,"not",0,"not",0,"not",7.68867376204685,"not",5.37076220764683,"not",4.75765529675401,"not",1.51235735855626,"not",0.746012720714024,"not"
"ENST00000209929",0,"not",0,"not",0,"not",0,"not",0,"not",0,"not",4.48728933968939,"not",4.40149814588149,"not",4.81728766747445,"not"
"ENST00000367725",0,"not",0,"not",0,"not",0,"not",2.69988903150558,"not",2.74658691295566,"not",5.23486214568655,"not",5.17109164857868,"not",5.11205164101685,"not"
"ENST00000361833",0,"not",0,"not",0,"not",0,"not",0,"not",4.87439609608302,"not",6.09109684968115,"not",6.68066652552708,"not",6.16877165489908,"not"
"ENST00000287713",-0.234563118632782,"not",-1.45062499432802,"not",-7.28899279018024,"not",-5.27029267226087,"not",-8.12230846402295,"not",-10.5639135788969,"down",-12.8677547330888,"down",-13.7591093424832,"down",-30,"down"
"ENST00000460780",4.71385827506084,"not",0,"not",0,"not",0,"not",7.60213067306088,"up",7.18747495170692,"up",7.96401810020108,"up",8.79388860076564,"up",8.97695941025193,"up"
"ENST00000671234",-2.40668247780501,"not",-1.84778394248512,"not",-3.92664045707503,"not",-4.40988159079076,"not",-3.97029567964406,"not",2.25176699335467,"not",2.35160203882921,"not",3.11542692428514,"not",2.93218545476105,"not"
"ENST00000515042",0,"not",0,"not",0,"not",0,"not",4.72399943088779,"not",3.60643146073576,"not",4.81521175318052,"not",4.30332643575583,"not",4.72415715977019,"not"
"ENST00000445079",-1.54331008561347,"not",-0.984410650385711,"not",-3.06327051223672,"not",-3.54651242404091,"not",4.54162987654847,"not",3.32974463950714,"not",5.71909441476961,"not",6.0434173225948,"not",6.27626891617028,"not"
"ENST00000361379",-0.607553630028447,"not",0.205492610803178,"not",-2.67407989073014,"not",-3.13219311366329,"down",2.25142420577791,"not",2.17229009093653,"not",2.63597288095556,"up",2.29555298117519,"up",2.48126393607336,"up"
"ENST00000367312",3.69044974689183,"not",0,"not",0,"not",0,"not",6.76551123519873,"not",6.81309617902274,"up",7.60096648492544,"up",6.65711267177595,"up",7.22002827089968,"up"
"ENST00000634903",2.69693577657969,"not",4.65253355977789,"not",0,"not",0,"not",0,"not",5.91828389025399,"not",5.29608161973479,"not",2.19831007709574,"not",1.8981546085217,"not"
"ENST00000969198",-4.45899864186172,"not",-3.90010527428651,"not",-5.97894256714114,"not",3.49495239076442,"not",-6.02259738606079,"not",1.79211952104899,"not",2.02749418329477,"not",1.3794934430643,"not",2.35795747536942,"not"
"ENST00000969199",-21.3252109455962,"down",-20.3456793308842,"down",-23.9462220283276,"down",-24.7946467339986,"down",-24.0528174847823,"down",-2.15983591002304,"not",-2.41564968024959,"not",-0.584093708874947,"not",-1.06550411542902,"not"
"ENST00000391959",8.9792296605229,"up",9.08647981051806,"up",5.59138062579126,"not",2.23335494978549,"not",5.18464126874657,"not",8.42620023574226,"up",9.77217030465729,"up",7.25032334036544,"up",9.16775393730337,"up"
"ENST00000608999",-23.4223322688551,"down",-22.2362108129439,"down",-26.1225960852807,"down",-26.9363701404946,"down",-26.2179903974209,"down",-2.50621584326654,"not",-1.0197853437127,"not",-1.67046420455501,"not",-2.20220917046842,"not"
"ENST00000341360",0,"not",0,"not",19.6949528884478,"up",0,"not",0,"not",17.6086944724925,"up",17.3462685891437,"up",19.3356440357458,"up",19.2243573406908,"up"
"ENST00000713653",0,"not",0,"not",0.213326324865884,"not",7.09249098787357,"not",11.497264047284,"up",6.326477579074,"not",5.84800644632525,"not",5.27939168060796,"not",6.3331076507681,"not"
"ENST00000713656",0,"not",0,"not",0,"not",0,"not",0,"not",0,"not",6.67066669913499,"not",3.01473807203743,"not",5.16964886544405,"not"
"ENST00000579436",-6.94553671751436,"not",-6.38664557731341,"not",-8.4654745853163,"not",-8.94870932498118,"not",-8.50912923025712,"not",-3.30933582199761,"not",-3.73121385002866,"not",-0.374897558484471,"not",-1.80915650400574,"not"
"ENST00000636182",0,"not",0,"not",0,"not",0,"not",0,"not",2.85228181505493,"not",5.24957659188743,"not",3.76267513138482,"not",3.43054716669784,"not"
"ENST00000943400",0,"not",0,"not",0,"not",0,"not",0,"not",5.85873781461194,"not",5.000715845345,"not",7.3409174510689,"not",4.33162524284139,"not"
"ENST00000476590",3.76937315136566,"not",3.56891320345995,"not",0.536669387608705,"not",-0.411455108399362,"not",-22.2406298121516,"down",-26.0559966307118,"down",-25.8556813477566,"down",-26.2001682350656,"down",-26.1955247368253,"down"
"ENST00000310833",-4.57338921179181,"not",-4.01449260377721,"not",-6.09334194963986,"not",-6.57658141694723,"not",4.90241746804028,"not",3.46990289336949,"not",1.72520404527669,"not",-1.63530151129264,"not",-1.14680002862629,"not"
"ENST00000356522",0,"not",0,"not",0,"not",0,"not",10.2467311867892,"not",6.35005372705219,"not",7.05360255385403,"not",3.38826908045241,"not",3.87633759263174,"not"
"ENST00000881022",7.34673771812284,"not",0,"not",0,"not",0,"not",7.05234340499556,"not",6.84969999963134,"not",6.82288059264519,"not",7.08095336841425,"not",7.96690894998198,"not"
"ENST00000881026",0,"not",0,"not",0,"not",0,"not",0,"not",0,"not",5.57087456552564,"not",6.93004828524076,"not",5.88479543845165,"not"
"ENST00000366930",-0.192069946823976,"not",-1.55930307682193,"not",-1.00364099177206,"not",-2.93706403863721,"not",6.35568301655746,"up",4.14495001817017,"not",4.5992057058255,"not",3.98522188735558,"not",4.30614185552889,"not"
"ENST00000789554",-2.31003512850577,"not",0.127330343974149,"not",-2.49657626775011,"not",-6.48277207837121,"down",-7.48743085980692,"down",-10.9003236201455,"down",-11.3436944219542,"down",-13.1590719288999,"down",-12.753977855896,"down"
"ENST00000949083",0,"not",3.90209963805853,"not",0,"not",-0.543377255868342,"not",1.55905549542104,"not",-3.23973541915875,"not",5.56429143311274,"not",6.06709437991079,"not",5.76104159702676,"not"
"ENST00000366684",0,"not",0,"not",0,"not",0,"not",19.9452170528751,"up",17.2612544298335,"up",15.6833368621523,"up",16.4189704268551,"up",10.5901281956,"not"
"ENST00000812164",0.623398736172633,"not",0.883063905575712,"not",-3.07152038995074,"not",-6.72541108160169,"not",-7.16568272264326,"not",-10.3370434275704,"down",-11.341447940489,"down",-27.4396811257526,"down",-27.3490827367073,"down"
"ENST00000679854",-3.14758551732109,"not",-2.58868555839687,"not",-4.66754736816816,"not",0.209622666134723,"not",1.04253674033573,"not",-0.14037145520241,"not",1.48431805284768,"not",2.12525987517897,"not",1.71875717180672,"not"
"ENST00000733246",-1.82104057711289,"not",0.0586182796965634,"not",-3.44501638853908,"not",-6.52078402056349,"not",-6.13906188938639,"not",-15.7282985014769,"down",-10.1534803420479,"down",-11.4363727873639,"down",-15.8459439597514,"down"
"ENST00000930083",0,"not",0,"not",0,"not",0,"not",21.5859978068345,"up",15.569644223653,"up",0,"not",17.3652833824364,"up",16.229057674302,"up"
"ENST00000366624",-2.53351395296842,"not",-0.486745065356416,"not",-3.26416213374621,"not",-4.97165407012843,"not",-5.47348897783631,"not",-29.5931557914386,"down",-29.3996563239965,"down",-30,"down",-29.7857230195734,"down"
"ENST00000366578",0,"not",0,"not",0,"not",0,"not",0,"not",20.1709050700201,"up",20.8720937101576,"up",20.5806656836137,"up",21.556957941032,"up"
"ENST00000684050",0,"not",0,"not",0,"not",4.22528222364823,"not",0,"not",4.47975621447505,"not",6.54534769730665,"not",6.94199521472525,"not",7.49660617473514,"not"
"ENST00000651786",0,"not",0,"not",0,"not",0,"not",0,"not",5.44615789323316,"not",7.48875236688462,"not",8.10614154796229,"not",7.25229830679694,"not"
"ENST00000348581",-0.188979629145214,"not",-1.93460134312736,"not",-4.11124021652689,"not",-2.30944905328653,"not",-4.65476273868155,"not",-15.5110097011521,"down",-15.3195576570427,"down",-10.3054054287084,"down",-15.6286549834201,"down"
"ENST00000407071",-0.285469181114317,"not",0.477905729977319,"not",0.597231291768981,"not",2.07063555796763,"not",4.26726021384116,"up",1.67600872995099,"not",2.32262619087095,"not",2.15938613105182,"not",2.67007878800003,"not"
"ENST00000397962",-19.1948059567105,"down",-17.9668711470154,"down",-22.8206633225815,"down",-0.723440091662592,"not",3.74831520884456,"not",-0.819460707466951,"not",-3.20242556873227,"not",-3.38981840168055,"not",-1.21787833229791,"not"
"ENST00000380872",-20.1283973497542,"not",-19.3009688246298,"not",-22.9789313741911,"not",-24.1431481762819,"not",-2.58068017104984,"not",-0.50782755420258,"not",-1.63355358142674,"not",-0.819127138820749,"not",-1.9049865364877,"not"
"ENST00000830110",-3.62305648690415,"not",-0.472774030534354,"not",-5.83269461789284,"not",-8.2750475876189,"not",-25.4144031130371,"down",-29.6716450274518,"down",-29.370861819762,"down",-30,"down",-29.9038226854269,"down"
"ENST00000304267",0,"not",0,"not",0,"not",0,"not",7.08436749441734,"not",3.21478979888827,"not",3.75105446727967,"not",0,"not",3.32660602862327,"not"
"ENST00000378614",-0.267769506378264,"not",-0.795932112208785,"not",-3.67188076038286,"not",-5.99781138820902,"not",-3.30339010292555,"not",-27.919577428597,"down",-27.6362194900499,"down",-28.2017924206467,"down",-28.1369292872794,"down"
"ENST00000881961",-16.0304110582542,"down",0.311339762018479,"not",0.848316491888783,"not",6.03107168016826,"not",6.68827211347146,"not",8.43708104854457,"not",8.73551886835423,"up",5.51671422704807,"not",6.9012505427855,"not"
"ENST00000377315",0,"not",0,"not",0,"not",0,"not",0,"not",0.387373030085714,"not",4.42581996753204,"not",6.2598497568907,"not",1.58507165183135,"not"
"ENST00000863063",0,"not",0,"not",0,"not",0,"not",7.33785475904295,"not",3.35557626736328,"not",5.87060716266658,"not",5.31365005935786,"not",1.98468865569914,"not"
"ENST00000458595",0,"not",0,"not",0,"not",0,"not",8.59297157907285,"not",6.46843082298748,"not",2.60702769323294,"not",3.88751613172682,"not",0,"not"
"ENST00000881135",0,"not",0,"not",0,"not",0,"not",10.2769899232438,"not",4.41176931555362,"not",7.17497272711593,"not",0,"not",4.68306765816235,"not"
"ENST00000754649",0,"not",0,"not",0,"not",0,"not",0,"not",4.41169775977863,"not",3.83381259197649,"not",4.73181431095784,"not",5.31066993849561,"not"
"ENST00000320985",0,"not",0,"not",20.1774762766102,"up",19.4600107837778,"up",20.9230126448873,"up",18.2048046913318,"up",18.1067628572953,"up",16.9322573288305,"up",17.1900022746708,"up"
"ENST00000424869",0,"not",0,"not",0,"not",0,"not",9.06931814017319,"not",6.97095120364414,"not",6.74753632540486,"not",5.20896322361661,"not",7.08612821473065,"not"
"ENST00000423113",0,"not",0,"not",0,"not",0,"not",0,"not",3.3925262684137,"not",6.01047859489313,"not",7.34947279362411,"not",7.14297276256811,"not"
"ENST00000374867",0,"not",0,"not",15.2711284302744,"up",0,"not",20.5393472802313,"up",18.5624086807271,"up",18.2230981562565,"up",18.7018712795819,"up",17.7054024914488,"up"
"ENST00000395995",0,"not",0,"not",0.0520509660925049,"not",0,"not",0,"not",-0.603442273634681,"not",2.96016421397989,"not",6.61678069812098,"not",4.85635435823825,"not"
"ENST00000683007",-0.242118146656435,"not",0.484662266784089,"not",-3.42680891954083,"not",-3.39712878984642,"not",-4.52932151118795,"not",-7.90854357254893,"down",-14.9222605930976,"down",-9.4317940761458,"down",-15.231358423898,"down"
"ENST00000340258",-9.46313620922362,"down",-8.90423635321996,"down",-10.9830977801721,"down",-11.4663400557923,"down",-11.0267531058989,"down",-4.7382178877005,"not",-3.71972542093093,"not",-4.3633746386384,"not",-4.08754619428392,"not"
"ENST00000581492",0,"not",0,"not",0,"not",0,"not",0,"not",4.43800053354784,"not",5.63413185192493,"not",5.93819273899072,"not",5.82373303803072,"not"
"ENST00000374144",0,"not",0,"not",0,"not",0,"not",0,"not",0,"not",4.82747346227636,"not",3.62409236687112,"not",4.07006318953907,"not"
"ENST00000862410",0,"not",0,"not",0,"not",6.15446867050799,"not",6.46100891294109,"not",4.8398704117112,"not",4.39199813358463,"not",4.23305256752802,"not",2.88931957246356,"not"
"ENST00000433211",0,"not",0,"not",0,"not",0,"not",3.29970435238472,"not",7.68806478513387,"not",8.45724433419208,"not",8.6007253479069,"not",9.2698597372468,"not"
"ENST00000752870",0,"not",4.07284186556603,"not",0,"not",1.98737056826874,"not",0,"not",4.30603442510419,"not",6.40859004479164,"not",6.57616749340745,"not",6.66321073011251,"not"
"ENST00000874400",0,"not",0,"not",0.0515864603612187,"not",4.38215056835607,"not",7.57957537087636,"not",6.77588458170506,"not",4.78676326677636,"not",2.85584594370065,"not",4.52937473124215,"not"
"ENST00000491557",0,"not",0,"not",0,"not",0,"not",0,"not",0,"not",3.59769124815163,"not",5.48035592197351,"not",5.05872847039645,"not"
"ENST00000467529",-0.69888819300143,"not",-1.41127637176034,"not",-2.11789350964594,"not",-3.67937029607473,"not",-23.419408375092,"down",-27.9268753143373,"down",-27.6122863405416,"down",-28.1676307678645,"down",-28.1499619612299,"down"
"ENST00000623007",0,"not",0,"not",0,"not",0,"not",2.48393512554088,"not",4.79820230321737,"not",2.9544173503559,"not",5.40125578753234,"not",4.28954131577707,"not"
"ENST00000687598",0,"not",0,"not",0,"not",0,"not",2.06454965206061,"not",3.03594734952853,"not",3.92018449299842,"not",4.21951781895459,"not",4.21700154242885,"not"
"ENST00000361175",-0.155638495832542,"not",0.256648016362717,"not",-3.01172992344431,"not",-3.52700194576846,"not",-29.8069817612282,"down",-29.8001123551889,"down",-29.5951180968246,"down",-30,"down",-29.956302231418,"down"
"ENST00000224784",0,"not",0,"not",0,"not",0,"not",11.3987717976753,"up",11.5889918015699,"up",9.33027321631914,"up",10.1068875562427,"up",9.40261058956045,"up"
"ENST00000480297",-1.9009075953445,"not",-6.03184879071158,"not",-1.92305976344669,"not",-2.57947640568305,"not",2.0957164167377,"not",3.15749992274111,"not",3.7565376188207,"not",2.66639974093527,"not",2.73560304285962,"not"
"ENST00000624358",0,"not",0,"not",2.5293038418745,"not",0,"not",7.85759341569553,"not",5.45654446919351,"not",2.51189028269214,"not",0.583723638571305,"not",3.91508749325405,"not"
"ENST00000371418",0,"not",0,"not",0,"not",0,"not",0,"not",4.34318473549827,"not",5.68535422331639,"not",6.45035268287623,"not",5.20351940182664,"not"
"ENST00000626307",0,"not",7.02543376699592,"not",3.5543518695103,"not",0,"not",3.8703188482563,"not",3.42391840267306,"not",3.64893815801534,"not",4.60190125198231,"not",5.94104484276963,"not"
"ENST00000875452",0,"not",20.4204120360022,"up",0,"not",0,"not",0,"not",17.5029990606229,"up",16.8185548066877,"up",14.1113835252945,"not",15.7251845402862,"up"
"ENST00000370992",-1.55161892247151,"not",-0.150887652779285,"not",-4.21786722468409,"not",-4.2938076917293,"not",-4.61728776477231,"not",-30,"down",-29.9295184428251,"down",-30,"down",-30,"down"
"ENST00000905878",0,"not",0,"not",0,"not",0,"not",0,"not",5.81640479999652,"not",5.91040521835007,"not",1.07055703538249,"not",5.88716710050248,"not"
"ENST00000344586",0,"not",0,"not",0,"not",0,"not",9.85571435478247,"up",6.68905711886638,"not",6.2519680836463,"not",5.28495708936706,"not",5.28053422504094,"not"
"ENST00000452494",0,"not",0,"not",0,"not",0,"not",7.20939291246231,"not",3.75343924950499,"not",3.8649884035689,"not",2.98010373381477,"not",1.60104820433888,"not"
"ENST00000370196",0,"not",0,"not",0,"not",0,"not",2.20349750520206,"not",4.55890973907686,"not",5.15564018733175,"not",4.21038824291505,"not",5.46370658351408,"not"
"ENST00000369847",0.479047195372059,"not",1.3625711406745,"not",-3.38831200862752,"not",-1.4776451933786,"not",-3.45796711089881,"not",-4.98719091764469,"not",-15.6617380210957,"down",-15.9180864794116,"down",-15.9708349622172,"down"
"ENST00000358187",0,"not",0,"not",0,"not",0,"not",6.58600502020957,"not",5.11981406560297,"not",5.54432513032414,"not",0,"not",2.88101052036501,"not"
"ENST00000369774",3.18736811166132,"not",-18.1886426477432,"down",-20.1104935736122,"down",-21.6326021926034,"down",-20.4202291158058,"down",-6.45256182567116,"not",3.2610162402688,"not",3.00569914691845,"not",3.9204956433057,"not"
"ENST00000369701",-1.72192298460168,"not",-0.528851321292123,"not",-4.8361845796089,"not",-3.63832925032504,"not",-10.4803887462054,"down",-5.27001065272662,"not",-2.41198884790509,"not",-1.66828199618139,"not",-1.33425730579463,"not"
"ENST00000263054",0,"not",0,"not",0,"not",0,"not",0,"not",0,"not",6.19461739694711,"not",7.18717722556702,"not",8.09022597630472,"not"
"ENST00000901329",0,"not",0,"not",2.2601682100225,"not",-0.549813321761158,"not",3.31341674853183,"not",0,"not",2.15279818476711,"not",6.73199466616109,"not",4.4461218257882,"not"
"ENST00000369519",0,"not",0,"not",0,"not",0,"not",10.871900176871,"up",7.39445130770933,"not",8.25813003235861,"not",7.18881542150113,"not",7.61203610891585,"not"
"ENST00000439649",0,"not",0,"not",0,"not",0,"not",0,"not",1.75593861896428,"not",3.13269446347977,"not",5.40342787263941,"not",1.74260012361978,"not"
"ENST00000369236",0,"not",0,"not",0,"not",0,"not",0,"not",19.1171014065911,"up",20.5993397405822,"up",19.2542470073425,"up",18.1806581853022,"up"
"ENST00000451024",-0.508150437802784,"not",0.54969134567036,"not",-4.89631236159293,"not",-2.97281971379077,"not",-8.4468647842729,"down",-12.7627213050854,"down",-11.5263057998065,"down",-12.937133089048,"down",-13.9635420125352,"down"
"ENST00000649536",0.548453490202327,"not",0.76340456870938,"not",-3.76774832910556,"not",-3.88244672204004,"not",-23.3213862971714,"down",-27.1591148912019,"down",-26.8554890456491,"down",-27.4614215637468,"down",-27.3924385362357,"down"
"ENST00000623953",1.55060084244411,"not",0.44898425583034,"not",-1.31277903490899,"not",3.63821499429794,"not",6.32472895106407,"up",2.49093696585532,"not",1.13426962580015,"not",0.993704197132875,"not",-0.023941401346751,"not"
"ENST00000388920",0,"not",0,"not",2.76473509306651,"not",11.6542165798462,"up",13.9623345775366,"up",9.28131592357224,"up",7.3755439305224,"up",7.47157156434281,"up",7.23674976084108,"up"
"ENST00000654872",0,"not",0,"not",0,"not",0,"not",0,"not",1.90754793732984,"not",5.00088214835042,"not",4.87676195718554,"not",3.58016550319492,"not"
"ENST00000381153",0,"not",0,"not",0,"not",0,"not",0,"not",-1.35511151545459,"not",4.62023886567524,"not",4.94799143378847,"not",5.25893425470499,"not"
"ENST00000416167",18.0279117041438,"up",0,"not",17.5536189035308,"up",20.1605716694398,"up",24.0288113024868,"up",22.9697708211471,"up",21.6077295694505,"up",23.6104755560398,"up",22.5090778585014,"up"
"ENST00000335475",0,"not",0,"not",0,"not",0,"not",0,"not",0,"not",4.52332396771613,"not",5.05662185620106,"not",4.84561372422655,"not"
"ENST00000311051",17.1806305614505,"not",0,"not",0,"not",19.9699705399434,"up",0,"not",16.6755518927874,"up",18.817238803923,"up",17.1545703367922,"up",18.3614765369803,"up"
"ENST00000689128",-0.878603362316337,"not",-0.441456108329062,"not",-4.62650898027145,"not",-3.73460620011061,"not",-4.07827158170931,"not",-14.1246058604358,"down",-10.9156333268757,"down",-11.167974115982,"down",-12.5980030294847,"down"
"ENST00000531732",0,"not",0,"not",0,"not",0,"not",3.70172736057414,"not",3.36690621533118,"not",5.0479493691131,"not",4.89089925442649,"not",5.23661560303946,"not"
"ENST00000909716",-1.13210681179363,"not",-0.573212858052107,"not",-2.65205233118738,"not",-3.13528950352733,"not",-2.69570719589213,"not",3.26618925872149,"not",1.69228269741627,"not",4.65469830447183,"not",2.94934326615406,"not"
"ENST00000909720",0,"not",0,"not",0,"not",0,"not",0,"not",0,"not",3.78065387801191,"not",3.86877750740443,"not",2.99676162221674,"not"
"ENST00000265968",0,"not",0,"not",0,"not",0,"not",0,"not",5.09523381336178,"not",4.9134991513428,"not",7.58611670237034,"not",7.01358098372823,"not"
"ENST00000529533",3.54566732631161,"not",0,"not",0,"not",0,"not",2.6323262600499,"not",2.60985739975466,"not",4.76728448220207,"not",4.77498266386556,"not",5.06880887268759,"not"
"ENST00000312319",3.69861440691111,"not",0,"not",0,"not",0,"not",4.40817554976515,"not",3.14699449810588,"not",3.73902980337063,"not",3.75604851511992,"not",4.41837027794185,"not"
"ENST00000528989",-0.348631022435661,"not",4.0043802638987,"not",-2.04790506399593,"not",-1.51875144183374,"not",-1.61234774585939,"not",-25.3900490705434,"down",-25.1525359095536,"down",-25.603875267202,"down",-25.5684144161377,"down"
"ENST00000227155",-21.6506089413093,"down",-20.7471563046625,"down",-23.1180455080799,"down",-23.6011150172388,"down",1.78162242025857,"not",-0.667316495887729,"not",-2.15536849990555,"not",-3.30628297495113,"not",-3.24286783900643,"not"
"ENST00000395629",2.09355224179328,"not",-2.28619364629564,"not",1.82168550403585,"not",6.27011473505336,"not",5.64112841908025,"not",0.911497470763646,"not",2.72351373969774,"not",2.91952437311694,"not",3.26377411355806,"not"
"ENST00000908710",0,"not",0,"not",0,"not",0,"not",0,"not",4.68032338451503,"not",2.76426265231028,"not",3.97419534497043,"not",3.52737589624731,"not"
"ENST00000945131",0,"not",0,"not",0,"not",0,"not",0,"not",4.83117758349244,"not",2.79025985452532,"not",4.22130738558386,"not",2.94223771714732,"not"
"ENST00000922732",0,"not",0,"not",0,"not",0,"not",0,"not",4.11211460443904,"not",2.4423519623954,"not",5.63707105653984,"not",2.99287340874082,"not"
"ENST00000389602",0,"not",0,"not",0,"not",0,"not",5.00480375052842,"not",5.2536223315453,"not",5.16860632921171,"not",6.61738754875498,"not",6.43003077562828,"not"
"ENST00000346178",15.2661018781182,"not",19.2148630460939,"up",0,"not",0,"not",0,"not",17.073040740155,"up",16.2350520240989,"up",16.5582527639992,"up",12.8219119831076,"up"
"ENST00000909124",0,"not",4.09831494109194,"not",0,"not",0,"not",0,"not",2.62989451675321,"not",3.88607040415844,"not",3.86126142943037,"not",4.23027047787458,"not"
"ENST00000908662",-1.05035542628751,"not",-0.381703494777505,"not",-2.5823783627717,"not",-3.40876702802633,"not",-2.96291974151137,"not",-29.6977485144107,"down",-29.3081962846567,"down",-29.9640520125188,"down",-29.9663710872386,"down"
"ENST00000908664",-0.149359877791834,"not",1.26424204260931,"not",-4.54104132582337,"not",-2.76184226560601,"not",-8.44848593489228,"not",-29.7612871272136,"down",-29.4066460839651,"down",-30,"down",-30,"down"
"ENST00000538084",-1.19696189975965,"not",0.0160799720060843,"not",-1.96920220308695,"not",-4.30889606549484,"not",-12.9872055455447,"down",-16.2178771315478,"down",-16.026424601041,"down",-16.2827740301396,"down",-16.3355227127018,"down"
"ENST00000377891",-0.927735565859392,"not",0.511598525767157,"not",-3.0173439767719,"not",-4.28094757541719,"not",-12.1021897565747,"down",-15.3328495038852,"down",-15.1413976749501,"down",-15.3977461646643,"down",-15.4504946539308,"down"
"ENST00000164139",0,"not",0,"not",0,"not",0,"not",18.6431711136166,"up",20.1727396245814,"up",20.6750150860281,"up",20.4483973820994,"up",20.5018410194029,"up"
"ENST00000279259",0,"not",0,"not",0,"not",0,"not",0,"not",6.24202761370057,"not",5.37427589701592,"not",5.01657223646837,"not",5.73252204156732,"not"
"ENST00000252268",0,"not",0,"not",0,"not",0,"not",0,"not",4.64598710185204,"not",0,"not",5.10400822093551,"not",5.72688930191627,"not"
"ENST00000532932",-4.88136204055375,"not",-5.81230710082718,"not",-7.89116418979016,"not",-0.893938946414963,"not",1.88405736846461,"not",-3.73373282860727,"not",-1.81943018478097,"not",0.205701445410957,"not",-1.87681759319034,"not"
"ENST00000698129",0,"not",0,"not",0,"not",25.9515690842297,"up",26.1512610843486,"up",23.8998751784779,"up",26.4855025327069,"up",21.3174725037797,"up",24.314714094672,"up"
"ENST00000710864",-21.3056926920428,"down",0.979793421551043,"not",-22.9765200159779,"down",2.16402219999695,"not",4.49882299102862,"not",-1.44512407123822,"not",-1.06759957100282,"not",0.425871564318124,"not",-0.622766161441805,"not"
"ENST00000526258",0.569842915854333,"not",0.900844817087201,"not",-3.35601909618895,"not",-1.09176189477537,"not",-21.9180329877998,"down",-6.38721757689731,"not",-27.0047219800495,"down",-27.5930951167832,"down",-27.5454660355814,"down"
"ENST00000263674",5.86521041631,"not",7.32229666170887,"up",11.3422026403135,"up",11.2017398384328,"up",12.0748453342322,"up",10.1361516070433,"up",10.1928884113508,"up",9.19854396370132,"up",9.71394406114427,"up"
"ENST00000336898",0,"not",0,"not",0,"not",0,"not",19.4053859235085,"not",16.6891729334129,"not",16.5488652177918,"not",15.1992126331187,"not",0,"not"
"ENST00000322563",0,"not",0,"not",0,"not",0,"not",0,"not",2.90748993107429,"not",3.62697706978335,"not",5.48180864491988,"not",5.42594616510803,"not"
"ENST00000884906",0,"not",0,"not",0,"not",15.2990267303447,"not",20.299966399919,"up",11.8402232954954,"not",12.6214447979606,"not",11.0914353090696,"not",15.5878306455913,"up"
"ENST00000886046",4.86188185597807,"not",0,"not",0,"not",0.563808504905471,"not",0,"not",0,"not",6.60075203456678,"not",5.38740605969318,"not",6.35272788022887,"not"
"ENST00000533655",-0.911782304723796,"not",-0.318288607107384,"not",-3.14200768381918,"not",-2.47700008441445,"not",-3.27563935705225,"not",-29.5931242260027,"down",-29.5366264277897,"down",-30,"down",-29.7229540033506,"down"
"ENST00000533880",0,"not",0,"not",0,"not",0,"not",0,"not",2.62156906475084,"not",4.59945386777397,"not",3.27753081478077,"not",2.99659073712574,"not"
"ENST00000532572",0,"not",0,"not",0,"not",0,"not",6.83734501174126,"not",4.88726558621396,"not",3.91035226696342,"not",3.02595994099027,"not",1.80644734666602,"not"
"ENST00000893186",0.332972156859072,"not",0.798658562429549,"not",-8.3811638707788,"not",-8.86440248549473,"not",-2.95386795951436,"not",-1.25480227228175,"not",-3.92691959840914,"not",0.620251448488335,"not",0.469436813606204,"not"
"ENST00000418526",0,"not",0,"not",0,"not",0,"not",0,"not",0,"not",5.25352336065769,"not",4.86694065600698,"not",5.40811083761314,"not"
"ENST00000650687",0,"not",0,"not",0,"not",0,"not",0,"not",2.20959648901072,"not",4.65279987225294,"not",4.71085873435255,"not",4.74670089820783,"not"
"ENST00000335953",-2.67969586345242,"not",-0.141273158687498,"not",-0.966240733759298,"not",3.17722766448359,"not",5.43209405987784,"up",1.62515361934401,"not",1.11371571132125,"not",1.35064023508149,"not",0.723538468099149,"not"
"ENST00000683554",0,"not",0,"not",0,"not",2.29311343399718,"not",8.93457547464607,"not",5.87311351384033,"not",4.75301378431898,"not",4.09301090848976,"not",3.64906176414492,"not"
"ENST00000714289",2.16561335511466,"not",0.787992533239351,"not",-4.18288189470182,"not",-3.4283933163071,"not",-6.31261555975098,"down",-13.1825400404442,"down",-9.99149092918713,"down",-13.2474369707052,"down",-13.3001856790085,"down"
"ENST00000884477",-6.17841171953887,"not",-5.61952007323671,"not",-7.69835096371332,"not",-8.18158614096911,"not",-7.74200564818539,"not",-1.54232304070209,"not",-0.680065818936362,"not",0.464546515327492,"not",-0.0498264548324497,"not"
"ENST00000529823",0,"not",0,"not",0,"not",0,"not",0,"not",5.72336712841282,"not",5.15800848557319,"not",6.48013267908164,"not",4.9000850959608,"not"
"ENST00000531381",0,"not",0,"not",0,"not",0,"not",0,"not",0,"not",6.32394088762295,"not",7.49625824619386,"not",6.90603783532502,"not"
"ENST00000780503",0.520292257058349,"not",-1.29581106799806,"not",-3.37466869888937,"not",-1.89883804038025,"not",1.03653150404336,"not",-1.27087426724856,"not",2.82568400582713,"not",3.66782136435058,"not",3.56262635269453,"not"
"ENST00000638157",0,"not",0,"not",0,"not",0,"not",0,"not",0,"not",2.11241801515844,"not",5.28854894541456,"not",4.22938698779602,"not"
"ENST00000278927",0,"not",0,"not",0,"not",0,"not",9.42265921873279,"not",5.94706617530559,"not",5.47437725225702,"not",2.70734386262495,"not",3.83649904617576,"not"
"ENST00000527786",0,"not",0,"not",0,"not",0,"not",19.7106529210825,"not",16.5565304242322,"not",15.9856374988463,"not",15.6414466468361,"not",0,"not"
"ENST00000239830",-1.40077349550506,"not",0.60458706698301,"not",-2.22108961469561,"not",-2.83972715877388,"not",-2.97169946557208,"not",-7.05771367248357,"down",-15.3415615574526,"down",-15.5979110031886,"down",-15.6506596891744,"down"
"ENST00000916653",0.838288442460194,"not",3.49675568929938,"not",-0.0486538508881817,"not",0.296717157861618,"not",-23.6066415193751,"down",-27.0800429009932,"down",-26.7881672323385,"down",-27.4885047803898,"down",-27.3273892660937,"down"
"ENST00000535350",3.89044875181541,"not",4.99056244165001,"not",1.6130000065878,"not",1.7112945029415,"not",1.56295453469461,"not",-23.4967301242428,"down",-22.9756135618519,"down",-7.03979305211651,"down",-23.8824148610586,"down"
"ENST00000360168",-0.406284114088419,"not",1.06212715137296,"not",-3.28206347918517,"not",-2.02066091713292,"not",-7.38613746318692,"down",-11.7474511227322,"down",-12.0820338835965,"down",-15.4914617360525,"down",-19.1900107698332,"down"
"ENST00000428824",-0.788010525339551,"not",0.436649838463264,"not",-3.02901039788896,"not",-5.19402960825722,"down",-8.41343732757653,"down",-11.7939720173752,"down",-11.5820422113862,"down",-12.1666553587802,"down",-12.8007411179668,"down"
"ENST00000318602",0,"not",0,"not",0,"not",0,"not",20.7637139256451,"up",18.7355302902258,"up",19.3597173450269,"up",19.1080001177449,"up",17.8931726952664,"up"
"ENST00000956132",0,"not",0,"not",0,"not",0,"not",0,"not",-2.15630109691123,"not",-1.98166145673094,"not",6.27423167441614,"not",6.60427125387179,"not"
"ENST00000266397",0,"not",0,"not",0,"not",2.31736588448682,"not",6.31228097569174,"not",3.73592908276584,"not",2.54783617282665,"not",5.29522612607161,"not",3.87717437030638,"not"
"ENST00000786854",-2.92087595673444,"not",-0.976509658278267,"not",-6.25444593515102,"not",-6.94405837918749,"not",-13.6297231407418,"down",-12.1866476834373,"down",-16.668936805331,"down",-16.9252857797219,"down",-16.9780343687196,"down"
"ENST00000240662",0,"not",0,"not",0,"not",0,"not",18.649038428336,"not",16.9945886122293,"not",16.7771738400699,"not",17.0298032554153,"not",16.5256109324946,"not"
"ENST00000261178",0.120068574527796,"not",1.53503951559995,"not",-1.11222399959089,"not",-0.58408429340043,"not",-1.96274001382856,"not",-14.5721379706966,"down",-14.3806855478048,"down",-14.6370348328099,"down",-14.6897834857223,"down"
"ENST00000939868",0.0679556623878822,"not",0.125047332932173,"not",-3.24159681135694,"not",-1.99261427281407,"not",-24.171012812509,"down",-27.394569602101,"down",-27.1803738170688,"down",-27.6431296651793,"down",-27.5666602817187,"down"
"ENST00000948240",0,"not",0,"not",0,"not",3.69582053831455,"not",6.23263007669472,"not",3.97394912012105,"not",4.47025453681307,"not",0,"not",3.5108290393918,"not"
"ENST00000920053",0,"not",0,"not",0,"not",7.45700720420785,"not",7.51616935156376,"not",3.41802253715695,"not",3.35766950873683,"not",5.14675495484352,"not",0,"not"
"ENST00000679360",14.8768413864913,"not",0,"not",0,"not",0,"not",0,"not",9.35577949361705,"not",13.2739158153731,"not",18.8788369852201,"not",14.4294891022718,"not"
"ENST00000337299",-5.35261422230295,"not",-2.07451331612983,"not",-6.87257541280585,"not",4.39055180259599,"not",5.8541840568666,"not",1.514288805395,"not",1.16616910756205,"not",-0.274590047884633,"not",-4.33132732071331,"not"
"ENST00000380518",-4.62731314574329,"not",-0.737933414156453,"not",-2.37644110960736,"not",7.45733818437384,"up",9.49392469986825,"up",7.13242921005693,"up",7.29467348544543,"up",5.12815290927326,"up",5.65395113085522,"up"
"ENST00000928357",-2.31840795866952,"not",-0.790448413544889,"not",-1.26488601544683,"not",1.74167308703192,"not",3.88489096450824,"up",1.34090703713114,"not",0.676765919430177,"not",0.318574288576407,"not",0.512973700233892,"not"
"ENST00000493991",0,"not",0,"not",0,"not",6.85712142900484,"not",8.14640140567257,"not",4.46216272619252,"not",5.66461613630386,"not",4.69612134792374,"not",3.55352537103479,"not"
"ENST00000466884",-4.06571889602884,"not",0.789932984745334,"not",0.691497359599583,"not",4.08892871799169,"not",5.46581150063705,"up",3.06126738263739,"not",2.66189472943531,"not",1.37564888822006,"not",1.71300123128915,"not"
"ENST00000490609",-3.50060944170419,"not",-0.282159328521591,"not",-0.263270921724677,"not",4.5062394228274,"not",5.50433105373989,"up",2.87295881770402,"not",2.49259115354885,"not",1.30916334033077,"not",1.62044569868843,"not"
"ENST00000932999",0,"not",22.2083096312673,"up",0,"not",0,"not",0,"not",16.0901820852939,"up",17.3390520516898,"up",15.7123599061893,"up",16.3823384163442,"up"
"ENST00000869771",1.75896657176395,"not",2.53121739350466,"not",-0.562818626145648,"not",0.504509760384934,"not",-8.64330764228724,"down",-28.6252044578691,"down",-12.7990642247738,"down",-12.4248637079254,"down",-11.5139146602557,"down"
"ENST00000508564",0,"not",0,"not",2.52713086312568,"not",0,"not",0,"not",2.25850521765946,"not",4.44328367619503,"not",5.01273070087973,"not",4.1420695494012,"not"
"ENST00000551103",0,"not",19.806688551828,"up",0,"not",18.2123568932936,"up",19.9441548701026,"up",15.8426044511767,"up",16.9788803816493,"up",16.7576300457305,"up",15.7284972413254,"up"
"ENST00000546485",-1.20752885522257,"not",-0.430550706832392,"not",-2.30620805054656,"not",-3.52527812437931,"not",-2.82810572651792,"not",-12.8255383680343,"down",-10.5756959828782,"down",-14.1177015107817,"down",-29.3007016737282,"down"
"ENST00000358888",-1.03365158657203,"not",0.100303080105481,"not",-0.0983949576196101,"not",-4.6882411184639,"not",-4.98911791759306,"not",-10.8126990986347,"down",-27.9499552306884,"down",-9.88139643346198,"down",-28.5175397691882,"down"
"ENST00000678322",0.294402177522178,"not",-1.19751653637676,"not",-1.01627028551293,"not",-1.14232475922908,"not",-24.8825412316365,"down",-28.5747463580371,"down",-28.3655006108005,"down",-28.7348293366907,"down",-28.7212034169605,"down"
"ENST00000905555",0,"not",0,"not",0,"not",0,"not",0,"not",6.59478607849368,"not",0,"not",6.1820564882911,"not",4.98233377926421,"not"
"ENST00000308259",0,"not",0,"not",0,"not",0,"not",6.55255397248677,"not",7.43056093653103,"not",8.08796115824402,"not",8.31308286143982,"not",7.92316340508274,"not"
"ENST00000361484",0,"not",0,"not",0,"not",0,"not",1.45483278472294,"not",3.89997538290443,"not",6.8118437542634,"not",9.30094108124215,"up",8.80457441099812,"not"
"ENST00000547103",-21.0611597574525,"down",-20.4006491526794,"down",-4.23835198954081,"not",-24.2719427465884,"down",4.122069873621,"not",1.03134477361166,"not",1.25475585214292,"not",-0.591838087113145,"not",-4.64736955833025,"not"
"ENST00000684924",0,"not",0,"not",0,"not",0,"not",0,"not",1.23069486531866,"not",4.42400150432912,"not",6.46053860853436,"not",6.96623935402911,"not"
"ENST00000256010",-0.964240968753112,"not",3.68629622654881,"not",1.46422022470849,"not",-2.08036662370228,"not",-25.5469722063306,"down",-29.7858543813198,"down",-12.6073666937463,"down",-10.8918830451465,"down",-12.7258637076167,"down"
"ENST00000875100",0,"not",0,"not",1.54445269551699,"not",0,"not",0,"not",6.91156555919185,"not",7.89784363108729,"up",7.47756828069295,"not",6.89549943069381,"not"
"ENST00000551917",0,"not",0,"not",0,"not",0,"not",0,"not",9.00969701177352,"not",8.60162836900458,"not",8.89872066024837,"not",9.34231269857166,"not"
"ENST00000228318",0,"not",0,"not",0.969448335477353,"not",0,"not",0,"not",7.52651856581983,"up",8.14972538987657,"up",7.63105536462802,"up",7.19804269988474,"not"
"ENST00000261637",-0.315504657323845,"not",0.429695768115257,"not",-2.8316977336551,"not",-3.77104054049398,"not",-7.32222465194996,"down",-11.1492186087771,"down",-12.8537360155031,"down",-9.38274534538047,"down",-11.1521568700923,"down"
"ENST00000967999",2.25515371297411,"not",1.21227586710295,"not",1.5230814140154,"not",0.744865470751691,"not",-8.42548023347852,"not",-5.09532892640908,"not",-11.4646847006681,"down",-10.4424151795926,"down",-11.7737813286524,"down"
"ENST00000308664",-0.86161678800976,"not",-2.86320714029841,"not",-1.63450440271864,"not",-0.183463343095091,"not",3.25722172897715,"not",0.22570902926536,"not",0.282355538162073,"not",0.174169539669279,"not",0.553661630820234,"not"
"ENST00000895618",1.71433804179223,"not",3.75887960835438,"not",2.18840360965762,"not",-0.268713598561925,"not",-0.499318652796849,"not",-28.344049946536,"down",-28.0995602854718,"down",-28.7525579466218,"down",-28.5575504760319,"down"
"ENST00000879864",0,"not",0,"not",0,"not",0,"not",0,"not",0,"not",4.19218784443085,"not",4.7242007849512,"not",5.93830226698734,"not"
"ENST00000405440",0,"not",0,"not",0,"not",0,"not",0,"not",16.4077961418393,"not",16.9293796097764,"not",18.9480666778502,"not",18.7361608892805,"not"
"ENST00000926852",-0.966420083080317,"not",-0.926741233233204,"not",-5.06431263053994,"not",-5.12585312505072,"not",-9.82005373118209,"not",-28.2211564759223,"down",-27.9627579859004,"down",-28.4571048952525,"down",-28.4128156753647,"down"
"ENST00000874747",0.676789449914821,"not",-0.327989329582733,"not",-3.61190069536696,"not",-3.10133343317899,"not",-2.26264608050815,"not",-7.81304558786043,"not",-29.5694572102063,"down",-30,"down",-29.8846354260604,"down"
"ENST00000337174",0.883502667431707,"not",3.21418247580369,"not",2.37913889803375,"not",-0.556937222430626,"not",-24.9554224034448,"down",-29.1643319454137,"down",-28.8482999047378,"down",-29.4942568961995,"down",-29.4074001331584,"down"
"ENST00000360564",-2.95641015889183,"not",-0.379825742014824,"not",-4.11054536955328,"not",-4.22835438382384,"not",-7.82483324185559,"down",-11.8856818122524,"down",-12.6457279736522,"down",-11.2295575116171,"down",-29.1107179157119,"down"
"ENST00000535004",-2.23202009259216,"not",-0.00845540526382745,"not",-5.50550028872207,"not",-2.88150146685344,"not",-23.6323413945293,"down",-29.3290279862241,"down",-28.9606187238214,"down",-29.588887423388,"down",-29.5839147614093,"down"
"ENST00000937600",1.61431525642916,"not",1.7988314940755,"not",-1.26352375253705,"not",-1.07542854729755,"not",-2.25390758593629,"not",-28.7896531862737,"down",-28.5717965962222,"down",-29.0069429254913,"down",-28.9567774193894,"down"
"ENST00000241125",0.150838240404415,"not",-6.24014725236161,"not",-8.31900321286068,"not",-8.80224421777509,"not",-8.36265842379401,"not",-1.03301284771248,"not",0.92424249311823,"not",2.71851952864038,"not",2.17144266182179,"not"
"ENST00000382263",0,"not",0,"not",0,"not",22.4992221149345,"up",20.9347323182623,"up",17.6891133909003,"up",18.4958001086387,"up",16.624765491097,"up",15.3573896781314,"up"
"ENST00000403372",0,"not",0,"not",0,"not",0,"not",0,"not",-2.96817894620424,"not",4.65526966030436,"not",5.29835281036058,"not",6.73711409545933,"not"
"ENST00000536792",0,"not",7.12284691782326,"not",0,"not",0,"not",0,"not",3.15438979441214,"not",3.44470199164237,"not",3.41478139229213,"not",4.80753931163294,"not"
"ENST00000380808",0,"not",0,"not",0,"not",0,"not",5.25754698097445,"not",1.23710875757528,"not",3.54197701409841,"not",4.9301405991409,"not",4.68626235515185,"not"
"ENST00000379705",-2.86064455648041,"not",-0.683117091169814,"not",-1.59376092465598,"not",-0.866382169313313,"not",-2.46477192996454,"not",-29.5835123135796,"down",-29.2326589954192,"down",-30,"down",-29.8653694904074,"down"
"ENST00000379747",3.97939473277061,"not",-3.9231886759854,"not",-6.00204989270277,"not",-6.48529211945277,"not",0.481647013138248,"not",-0.870442607327099,"not",2.02958451726309,"not",2.5464478211007,"not",2.39621153558711,"not"
"ENST00000497145",-1.97100577479476,"not",-2.42889969623659,"not",-5.86360989129919,"not",-6.34685065126106,"not",-5.90726508010389,"not",-4.12279769100071,"not",0.0817255923140452,"not",0.355858181970276,"not",-0.122413391428938,"not"
"ENST00000945014",3.5454529317982,"not",0,"not",0,"not",0,"not",5.02454292129042,"not",4.36888602463095,"not",3.91231598491221,"not",4.15791026182274,"not",3.89944435946605,"not"
"ENST00000355854",0,"not",0,"not",0,"not",0,"not",0,"not",5.12438342117637,"not",0,"not",5.42961196169911,"not",6.07496522068353,"not"
"ENST00000615498",-1.83378975314965,"not",-0.89484246394937,"not",-3.67388569609967,"not",-3.52704758085325,"not",-6.98406497592349,"down",-10.5707803164699,"down",-16.2258724809957,"down",-14.0053988182828,"down",-16.5349706350877,"down"
"ENST00000322475",-1.99464859763769,"not",-0.489050254412431,"not",-2.49650854617495,"not",-2.42688590956198,"not",-7.23690872257292,"not",-10.0409106667783,"down",-18.7805135093392,"down",-11.4204564948999,"down",-19.0896112455563,"down"
"ENST00000876241",0,"not",0,"not",0,"not",0,"not",6.57099770853229,"not",4.54583299969528,"not",5.11855931342821,"not",4.27702122771062,"not",0,"not"
"ENST00000613252",0,"not",3.43756746148824,"not",0,"not",0,"not",0,"not",6.14902902419194,"not",6.35540651782917,"not",7.49881083380398,"not",6.97155071895996,"not"
"ENST00000581816",0.657816382148804,"not",1.14128499326132,"not",-1.3320693371167,"not",-1.31728444298902,"not",-1.08415300237593,"not",-5.03470112904799,"down",-15.9191100956759,"down",-16.1754601333078,"down",-16.2282089410871,"down"
"ENST00000376747",0,"not",0,"not",0,"not",20.0220021268603,"up",19.391724604447,"up",16.9301859708892,"up",16.1098121200333,"up",15.4832595254181,"up",15.9884499126667,"up"
"ENST00000704373",0,"not",0,"not",0,"not",0,"not",0,"not",0,"not",6.34857726640493,"not",5.41712668172735,"not",7.29063892340566,"not"
"ENST00000682017",0,"not",0,"not",0,"not",15.5890822700335,"up",21.4617382340486,"up",19.3159502062685,"up",18.8937401708658,"up",18.6238674007078,"up",18.1704328224906,"up"
"ENST00000267294",-1.40968597387396,"not",-0.97073164926649,"not",-3.49721585726348,"not",-6.56006147171495,"down",-7.47286418531379,"down",-10.4631338968012,"down",-10.4117949282254,"down",-13.1832014680344,"down",-20.04576465507,"down"
"ENST00000376335",-0.855042468886114,"not",0.158843419810571,"not",-2.10567480932344,"not",-5.79630742395752,"not",-7.02708704993242,"not",-10.4585246163093,"down",-11.4730381439386,"down",-12.4864637784408,"down",-12.6879779064988,"down"
"ENST00000636475",-6.23442506523443,"not",-5.6755349138686,"not",-7.75436024384017,"not",-8.2375941285273,"not",-7.79801481154367,"not",-3.61745510200452,"not",-1.88410818954267,"not",-2.83246736650633,"not",-3.51530494202909,"not"
"ENST00000909470",0,"not",0,"not",0,"not",0,"not",0,"not",0,"not",5.21252862359074,"not",4.9581172287457,"not",3.38308619315969,"not"
"ENST00000535094",0,"not",0,"not",0,"not",0,"not",4.56441038392028,"not",4.84409604907325,"not",4.3401357885504,"not",6.13261880864273,"not",6.1708021249072,"not"
"ENST00000375604",0,"not",0,"not",0,"not",0,"not",5.41759458790529,"not",4.66702080697651,"not",4.52966718558608,"not",6.91858598696883,"not",6.01046146540474,"not"
"ENST00000612156",0,"not",0,"not",0,"not",0,"not",0,"not",0,"not",4.96545106288075,"not",7.53163104983177,"not",5.35867406455229,"not"
"ENST00000375418",1.20179125877129,"not",2.03441103082391,"not",-0.16998285774444,"not",-0.27641148007085,"not",-0.302666227828738,"not",1.33268590473861,"not",2.5845627433472,"not",2.17745465405443,"not",2.60553258769383,"not"
"ENST00000905563",-2.90959261522901,"not",-0.383046530000504,"not",-4.82593194642987,"not",-5.01230409793593,"not",-24.6880760425021,"down",-29.3154355864522,"down",-28.9652970367837,"down",-29.6651283276568,"down",-29.5794967639009,"down"
"ENST00000560410",-1.81863553930155,"not",-0.711818383253021,"not",-4.34935412439589,"not",-3.46473396148187,"not",-4.9932514423693,"not",-28.7380477773361,"down",-28.3498307126841,"down",-29.1040462048614,"down",-29.0295344880795,"down"
"ENST00000699886",-3.31200100895416,"not",-2.58166382512094,"not",-2.28301920202558,"not",-2.02871103145438,"not",-8.43720009054393,"down",-28.7672337035866,"down",-28.334040357555,"down",-29.0797476661237,"down",-29.0702322323926,"down"
"ENST00000699888",1.27945185040169,"not",-1.78922142300233,"not",-3.21729588334066,"not",1.31614980240216,"not",-23.1206066929426,"down",-26.5420682972583,"down",-26.3009848622181,"down",-26.7530870821811,"down",-26.7189505709303,"down"
"ENST00000968258",0,"not",0,"not",0,"not",0,"not",0,"not",11.1328213737923,"not",20.6996227973385,"up",20.6494783272531,"up",17.3468600557317,"up"
"ENST00000405093",0,"not",0,"not",0,"not",0,"not",0,"not",0,"not",21.4503290549283,"up",24.7910029004598,"up",24.4603056995709,"up"
"ENST00000968267",0,"not",0,"not",0,"not",0,"not",0,"not",24.2798591851153,"up",24.8231566522378,"up",22.7381670519925,"up",22.3469307762033,"up"
"ENST00000968284",0,"not",0,"not",0,"not",0,"not",0,"not",21.3156782385007,"up",20.9957542654427,"up",20.4927289238188,"up",21.9884599958635,"up"
"ENST00000553750",2.83344599718712,"not",1.89578428190902,"not",0.147146842926178,"not",-3.41296860693729,"not",2.08112077931635,"not",1.02174497082379,"not",3.31593099073469,"not",2.84604879709666,"not",4.15414573487823,"not"
"ENST00000968259",0,"not",0,"not",0,"not",0,"not",0,"not",19.9637577490284,"up",21.6770478373159,"up",20.4772586281362,"up",18.0979794376017,"up"
"ENST00000968253",0,"not",0,"not",0,"not",0,"not",0,"not",10.6752563010641,"up",11.8214807309657,"up",9.63068194444674,"up",7.29496474632208,"not"
"ENST00000968261",2.4226339041514,"not",0.514681069045014,"not",-0.832512372955037,"not",-1.71286027206215,"not",5.01058258456301,"up",5.95370414874046,"up",6.58598322266685,"up",6.43594128991893,"up",8.08392909187237,"up"
"ENST00000968262",0,"not",0,"not",0,"not",0,"not",0,"not",5.93148806936333,"not",6.29203626281441,"not",5.21767019050926,"not",6.74508255879002,"not"
"ENST00000651452",3.13929377109474,"not",0,"not",0,"not",0,"not",3.61487040078666,"not",6.20531240642805,"not",7.6630233444252,"up",8.02988838971624,"up",8.46270939779614,"up"
"ENST00000968290",0,"not",0,"not",0,"not",0,"not",13.7980973300962,"up",11.2227481700912,"up",9.1438385666514,"up",10.0870939342078,"up",9.65064607731808,"up"
"ENST00000968274",0,"not",0,"not",0,"not",0,"not",0,"not",21.5398891022428,"up",22.4767210644782,"up",20.4467437694083,"up",23.9694971807521,"up"
"ENST00000968282",0,"not",0,"not",0,"not",0,"not",0,"not",11.3049736414557,"up",12.6652178077021,"up",11.965737444756,"up",10.8930082571278,"up"
"ENST00000968289",0,"not",0,"not",0,"not",0,"not",10.6893879064884,"not",20.265290021894,"up",16.7644035273411,"up",19.7887240977655,"up",17.5005623137906,"up"
"ENST00000702194",3.68201803864473,"not",2.56593188523777,"not",-2.67837705219995,"not",-3.16161973835656,"not",5.24675535824723,"not",5.30766927798173,"not",6.38404935648259,"up",6.19011832065433,"up",6.78468174651205,"up"
"ENST00000557461",4.54662165010973,"not",0,"not",0,"not",1.84021343940804,"not",6.93197994069381,"up",6.91245337293148,"up",8.30802695641706,"up",8.12595890054238,"up",8.59812096774612,"up"
"ENST00000965941",-0.727849843755691,"not",0.0625593387030915,"not",-5.6181645414124,"not",-6.10140642863621,"not",4.55042535941111,"not",2.81194367861735,"not",4.90931102534662,"not",5.72481464425905,"not",4.96780206022921,"not"
"ENST00000972013",0,"not",0,"not",0,"not",0,"not",0,"not",6.18740004258662,"not",5.08035577751512,"not",2.56090312810672,"not",4.26637593602532,"not"
"ENST00000729137",0,"not",0,"not",0,"not",1.81373691469552,"not",8.952980012927,"up",5.96013032837968,"not",5.7822510987612,"not",3.86899913717928,"not",2.4023134633017,"not"
"ENST00000725092",-0.859058850340591,"not",-1.15043255250556,"not",-2.7358893866659,"not",-8.077940585233,"not",-25.2716628905365,"down",-28.8441972350673,"down",-28.5955265723657,"down",-29.0603821656583,"down",-29.0263327124646,"down"
"ENST00000396165",-0.709858873632508,"not",-6.2589739200836,"not",-8.337830949177,"not",-4.84693361507431,"not",-8.38148618255041,"not",-0.847333679793252,"not",-2.63362010625419,"not",-2.31526122550991,"not",-1.95610682782266,"not"
"ENST00000532462",0,"not",0,"not",0,"not",0,"not",0,"not",0,"not",2.57628144718657,"not",3.00325734826509,"not",4.94384676886561,"not"
"ENST00000645694",-5.01715127010989,"not",0.266455084335284,"not",-3.62166459398193,"not",3.81168686374694,"not",6.07886336584553,"up",3.9924753105107,"not",3.9935935086141,"not",2.5495484936235,"not",2.241409967945,"not"
"ENST00000853904",0,"not",0,"not",0,"not",0,"not",7.10835251724423,"not",6.2405876204147,"not",6.27796288345321,"not",3.09308581049429,"not",0,"not"
"ENST00000853903",0,"not",0,"not",0,"not",0,"not",8.65032853234993,"not",6.17170623858185,"not",6.22103336718055,"not",3.43847423608121,"not",-0.412264900948607,"not"
"ENST00000361956",0,"not",0,"not",0,"not",0,"not",8.93985316917633,"not",7.33336277354891,"not",6.56806721798533,"not",5.24034094287058,"not",5.82753581422146,"not"
"ENST00000381280",0,"not",0,"not",0,"not",0,"not",9.32545590700208,"not",7.30377815436631,"not",6.44253131603383,"not",5.22296797120536,"not",5.61956666510799,"not"
"ENST00000557704",-3.37574532375408,"not",-2.81684675075007,"not",-4.89570340550831,"not",-5.37894457180691,"not",-1.50146389937532,"not",2.62970246489593,"not",1.01230065439907,"not",2.71302933864063,"not",1.13245758694308,"not"
"ENST00000381216",0,"not",0,"not",0,"not",0,"not",0,"not",0,"not",6.00910741789505,"not",4.41026995700668,"not",4.27536500653741,"not"
"ENST00000925860",2.21770719918441,"not",-0.00344841371617204,"not",-3.30336344384119,"not",-3.04953841703241,"not",-25.9897829626401,"down",-28.266379626855,"down",-28.1538169387848,"down",-28.3334467040808,"down",-28.3421300117665,"down"
"ENST00000256362",-0.221136618395472,"not",2.86500118063532,"not",0.993940195382429,"not",-1.44082786596385,"not",-3.14187160105946,"not",-17.8699957555688,"down",-8.43297722987982,"down",-17.9348927071596,"down",-17.9876414327999,"down"
"ENST00000925861",1.63833717528602,"not",-1.11527438302728,"not",-0.248268138576605,"not",-0.419375115657411,"not",-2.7061778123722,"not",-28.9445392874837,"down",-28.6072422021565,"down",-11.3067801462246,"down",-10.3989688371752,"down"
"ENST00000553716",-5.93738962121918,"not",-5.37849011409395,"not",-7.45735024337194,"not",1.02652230611021,"not",3.8219212255977,"not",0.573542164163621,"not",-1.19869068085842,"not",-1.59806110208067,"not",-1.61876619044127,"not"
"ENST00000238682",0,"not",0,"not",4.34970391784183,"not",0,"not",0,"not",4.29267825412027,"not",5.5923448624791,"not",5.50307839869212,"not",6.30898288457143,"not"
"ENST00000880024",0,"not",0,"not",0,"not",0,"not",6.68549433782352,"not",4.19643162898931,"not",5.52413597039179,"not",0,"not",4.23028085396393,"not"
"ENST00000864005",-0.263207396853997,"not",-0.911746632513621,"not",-5.07097449765871,"not",-2.06573397275216,"not",-3.87590732247948,"not",-27.8831126214674,"down",-27.5143949761182,"down",-28.271410305588,"down",-28.1681992035063,"down"
"ENST00000330753",0,"not",0,"not",0,"not",0,"not",11.492821028257,"not",7.61432934435898,"not",5.9410822556626,"not",5.40112835452998,"not",6.21816620415602,"not"
"ENST00000887122",0,"not",19.3725647575798,"not",0,"not",0,"not",0,"not",14.908063562402,"not",15.4171333728664,"not",15.2817379219232,"not",15.4565976000241,"not"
"ENST00000887121",0,"not",0,"not",0,"not",0,"not",0,"not",0,"not",4.79781413223008,"not",3.75978289531893,"not",4.83273505397993,"not"
"ENST00000216492",-1.77891159937211,"not",-1.45675927795261,"not",-4.43587070806179,"not",-6.61721672417279,"not",-26.2890174135384,"down",-30,"down",-30,"down",-30,"down",-30,"down"
"ENST00000315988",0.0822674161239079,"not",-4.52992461523652,"not",-4.29749574099364,"not",-7.09202525244337,"not",-1.07209778698555,"not",-0.888778558933419,"not",0.616608458207828,"not",1.29662429157171,"not",0.0388673212981843,"not"
"ENST00000866514",0,"not",3.50899279714313,"not",0,"not",0,"not",0,"not",0.756590896540419,"not",2.11214904861022,"not",6.23612716738884,"not",6.88679141350044,"not"
"ENST00000866518",-1.80277781446239,"not",3.0334726122867,"not",-3.32272522985974,"not",-3.80596300499723,"not",0.511462864352494,"not",-0.335122712883882,"not",3.27871906555936,"not",4.33314601051996,"not",4.76012803804897,"not"
"ENST00000331224",0,"not",0,"not",0,"not",0,"not",18.0797591540078,"up",19.302568412047,"up",18.7891638685817,"up",16.6366900994244,"up",0,"not"
"ENST00000341267",0,"not",0,"not",0,"not",9.23498583922876,"up",12.6860688095947,"up",10.9086065807384,"up",10.7172882117304,"up",9.51018825823199,"up",8.1606036090175,"up"
"ENST00000547643",-23.3751820072546,"down",0.162368359166343,"not",-6.91945564495503,"not",-4.99505044581757,"not",-4.40598127780579,"not",-3.4817705214293,"not",-2.60394130378268,"not",-1.61296156673209,"not",-1.97440270367147,"not"
"ENST00000299267",-1.28322109772755,"not",-0.812558425551888,"not",-5.05456881947973,"not",-6.38897666275655,"not",-7.95973570750162,"down",-19.8581853382142,"down",-14.1706172873758,"down",-14.9197885927824,"down",-19.9758307574334,"down"
"ENST00000541819",-0.374921475844798,"not",-16.0539306179291,"down",-19.4007597850655,"down",-20.7790470595702,"down",5.38794578436286,"not",1.37951036551611,"not",0.477111226847836,"not",0.218384157551042,"not",-0.245009139178908,"not"
"ENST00000311550",-1.81392228587748,"not",-0.147104223695087,"not",-2.99383268308967,"not",-4.26781569473585,"not",-7.09434582606594,"down",-13.3005992430769,"down",-14.1862455237696,"down",-15.1590393482528,"down",-14.0683246019211,"down"
"ENST00000614355",-24.9433524505127,"down",-25.2691937812579,"down",-27.4045373988462,"down",-28.1392992475389,"down",-27.42895330413,"down",-3.13506868547045,"not",-3.2360597435534,"not",-3.61482225098321,"not",-3.57771107913407,"not"
"ENST00000934392",0,"not",0,"not",0,"not",0,"not",0,"not",0,"not",8.7568739646287,"not",8.02641068076093,"not",7.62961395703797,"not"
"ENST00000934394",-6.19176291170568,"not",-4.2646090560144,"not",-7.71172530431324,"not",-8.19496784116398,"down",-7.75538065363922,"down",-4.60547883202045,"not",2.63229776869255,"not",1.75821918657162,"not",1.49536657347859,"not"
"ENST00000713610",19.8667269691694,"not",0,"not",0,"not",0,"not",0,"not",15.3287129321545,"up",16.992050156036,"up",17.4542149949974,"up",17.7635811331123,"up"
"ENST00000713607",6.00028419619275,"not",0,"not",0,"not",0,"not",3.42259245743309,"not",4.4283142213945,"not",4.25055712669144,"not",4.28154897700804,"not",4.80535376967409,"not"
"ENST00000868405",0.0531970137153735,"not",1.63016959681624,"not",-3.87253343411643,"not",-1.34815458789319,"not",2.20902762544605,"not",0.21790243442383,"not",0.59392070495367,"not",0.227174820364438,"not",1.86048964762213,"not"
"ENST00000557860",0,"not",2.90994619242209,"not",0,"not",0,"not",4.20458516605643,"not",4.18557114022683,"not",3.70801998762819,"not",3.58123835320301,"not",4.38208117008075,"not"
"ENST00000648556",0,"not",0,"not",0,"not",0,"not",5.13127477384578,"not",4.08811742960195,"not",4.719727750172,"not",5.0217891810844,"not",4.96415753357177,"not"
"ENST00000808239",0,"not",0,"not",0,"not",0,"not",4.68808453787106,"not",3.36295649411144,"not",4.30837005814163,"not",4.29292585933036,"not",5.11741852264896,"not"
"ENST00000951937",0,"not",13.8987324170599,"not",0,"not",0,"not",19.5362394382585,"not",13.3561704042651,"not",14.7664141886191,"not",15.2146286980384,"not",0,"not"
"ENST00000771076",0,"not",0,"not",3.34473643430422,"not",5.85839653366562,"up",8.37053400578761,"up",6.42236854810985,"up",6.50609253335388,"up",6.69276490316634,"up",6.44430107611245,"up"
"ENST00000771073",4.4546113331898,"not",2.226130198711,"not",3.16656448081745,"not",5.42041308249664,"up",8.24469545246405,"up",6.96313692116763,"up",7.48192087064091,"up",7.48327028061042,"up",6.94789777783162,"up"
"ENST00000561100",-0.983905125039129,"not",-0.76133763773039,"not",-2.20995762339263,"not",-3.89796609263854,"not",-4.59121581634911,"not",-19.081428429175,"down",-18.8899757399539,"down",-10.7399364256692,"down",-19.1990741078574,"down"
"ENST00000397536",0,"not",0,"not",0,"not",0,"not",0,"not",0,"not",0.0523910196126016,"not",6.2263794079949,"not",5.74624598360272,"not"
"ENST00000249749",2.68578598627066,"not",-3.24737613779882,"not",-5.32623860372844,"not",2.10325210271214,"not",5.59305998456129,"not",2.85972482742425,"not",1.87227926739416,"not",0.610603741258992,"not",-0.410606757926623,"not"
"ENST00000869538",1.02489365233345,"not",0.955936349645469,"not",-2.31957662473655,"not",-0.777326778235129,"not",-1.92670626442268,"not",-18.2341500078711,"down",-18.0426971751882,"down",-18.2990470088919,"down",-18.3517957747093,"down"
"ENST00000505373",0,"not",0,"not",0,"not",0,"not",7.23789768734114,"not",2.82185197221308,"not",6.98023459168258,"not",0,"not",2.7197157486402,"not"
"ENST00000349748",0,"not",0,"not",0,"not",0,"not",0,"not",2.75546312401773,"not",5.72714007895824,"not",2.28904134581513,"not",3.86306518135905,"not"
"ENST00000318023",0,"not",0,"not",0,"not",0,"not",0,"not",2.81431402633129,"not",4.19226732491256,"not",4.73811214149934,"not",4.01362844893108,"not"
"ENST00000397163",0,"not",0,"not",0,"not",0,"not",0,"not",4.89793735494988,"not",5.43799471152522,"not",4.99046956511499,"not",5.08935055667193,"not"
"ENST00000674139",0,"not",0,"not",0,"not",0,"not",0,"not",2.96051659155696,"not",3.73349277599841,"not",4.86963464019684,"not",3.25435806920054,"not"
"ENST00000913682",-0.98660692572481,"not",1.0132409626632,"not",-3.32942134824289,"not",-4.42628645485626,"not",-23.3944231005506,"down",-27.2228305846901,"down",-8.51422351492198,"not",-27.4063473389547,"down",-27.4031728262615,"down"
"ENST00000441322",0.288936614825873,"not",-1.83577557761666,"not",-3.23067629543475,"not",-5.36131092376688,"not",-5.17248400514166,"not",-7.11899447178385,"not",-28.1745694176063,"down",-28.8505882266475,"down",-28.7716547608971,"down"
"ENST00000220478",0.96371213742561,"not",0.932542476417629,"not",-2.83886875829987,"not",-4.73926470869674,"not",-5.65062985437156,"down",-10.8013544910042,"down",-12.5985825761537,"down",-11.034079688164,"down",-11.6319920652649,"down"
"ENST00000654059",-1.58605218287154,"not",0.101682968304962,"not",-4.29095225110988,"not",-6.28733943717404,"not",-22.850244680288,"down",-28.715353694393,"down",-28.2556651452055,"down",-29.0285819962907,"down",-29.0341014881168,"down"
"ENST00000267853",0,"not",0,"not",0,"not",0,"not",0,"not",4.71424801032034,"not",4.75273397553124,"not",8.28154051650062,"not",7.27231913760395,"not"
"ENST00000396064",-2.05024986763984,"not",0.139358591341212,"not",-2.36412717237409,"not",-2.79092759308706,"not",-2.26262674877881,"not",-7.38263160246904,"not",-27.3309458465282,"down",-27.6318475572743,"down",-27.6623442171944,"down"
"ENST00000439052",0,"not",0,"not",0,"not",6.90333311579264,"not",0,"not",5.34664557429267,"not",6.32775946329541,"not",5.78598489255774,"not",6.71958104189647,"not"
"ENST00000534939",-6.99385619477387,"not",-3.7611231132129,"not",-8.51382006005145,"not",-2.06446512195654,"not",-5.80892354723422,"not",-2.14379229818771,"not",-2.05223612908864,"not",-2.97747853774959,"not",-2.54315654166285,"not"
"ENST00000714013",5.7012424213241,"not",0,"not",0,"not",0,"not",0,"not",6.84618428448798,"not",6.4271624368595,"not",6.17124917477986,"not",6.50127977896854,"not"
"ENST00000940176",18.222436081864,"not",0,"not",0,"not",0,"not",0,"not",20.578646826182,"up",19.1782940655831,"up",19.2883135146637,"up",20.0338908810871,"up"
"ENST00000357980",21.1455726705138,"up",0,"not",0,"not",0,"not",0,"not",21.164755487965,"up",19.9946577811976,"up",17.9992573748944,"up",18.4361743124319,"up"
"ENST00000267996",4.43847056257234,"not",2.6027005903459,"not",-0.318321712723927,"not",-0.981698317121642,"not",3.72176668994499,"not",2.1531092399405,"not",3.14379934218094,"not",3.31139886759285,"not",3.52094382228505,"not"
"ENST00000651590",0,"not",0,"not",0,"not",0,"not",5.02573147762297,"not",5.59644258469578,"not",4.16750815320599,"not",5.36386032369621,"not",6.64266312947737,"not"
"ENST00000268043",-1.15840942745249,"not",0.117535739339028,"not",-3.1172502363825,"not",-3.89414762397634,"not",-2.76034500661046,"not",-8.99376294730366,"not",-28.5792395607654,"down",-29.2519055125596,"down",-10.1507784123583,"not"
"ENST00000261881",-1.08713698314861,"not",-2.26088832690195,"not",-1.71777863343971,"not",-1.66182307395985,"not",-23.7750410531869,"down",-8.36747618559989,"not",-28.3985638429476,"down",-29.0495581912693,"down",-28.9733764978145,"down"
"ENST00000352331",0.0176408362048467,"not",1.55625422720024,"not",-3.3124399552004,"not",-1.06205012115054,"not",-1.99004470366535,"not",-6.57676870964055,"down",-9.05134512670955,"down",-15.1053577362362,"down",-15.1581064978948,"down"
"ENST00000379727",0,"not",0,"not",0,"not",0,"not",0,"not",5.82536714152186,"not",7.04523706531373,"not",3.57977636824345,"not",3.94057075201496,"not"
"ENST00000684509",-0.754200460806007,"not",-0.0107481413288411,"not",-1.83328194244817,"not",-3.10776909530288,"not",-5.24700871510816,"not",-13.9494464578713,"down",-13.7579938601548,"down",-14.0143433792452,"down",-14.067092080325,"down"
"ENST00000961202",0,"not",0,"not",0,"not",0,"not",0,"not",4.19263252685996,"not",0.983146856988609,"not",3.3433120989413,"not",4.24839682762301,"not"
"ENST00000558018",0.741900616360495,"not",3.81400331705852,"not",-1.46123583749457,"not",-1.9684990540451,"not",-21.5973422327842,"down",-25.5919514243743,"down",-25.31489489014,"down",-25.8940651254313,"down",-25.8073561642362,"down"
"ENST00000310775",1.2038215017076,"not",-0.231059866133374,"not",-0.463120795435564,"not",-2.20678272801796,"not",-2.38422685540554,"not",-28.2633636337685,"down",-27.9741943094611,"down",-28.5345081421189,"down",-28.478522091569,"down"
"ENST00000355112",-0.0418689414052368,"not",1.41461572402353,"not",-2.0750592350191,"not",-1.35739017453361,"not",-3.88649191358148,"not",-5.21879631192603,"not",-29.4063224330024,"down",-30,"down",-29.7690076098475,"down"
"ENST00000268164",0,"not",10.5203540835561,"up",0,"not",0,"not",10.9312297413979,"up",7.73182782754731,"up",5.39653217488858,"not",7.38500941368823,"up",7.13275901551211,"not"
"ENST00000961130",3.26562959021108,"not",6.41220148386274,"not",3.94916157338789,"not",5.805422678841,"not",7.01821699894871,"up",5.90046058710368,"up",6.92193048601664,"up",8.30839279519612,"up",7.80373055002649,"up"
"ENST00000421109",0,"not",0,"not",0,"not",0,"not",5.93284456882333,"not",6.71982762340433,"not",7.4235237618569,"not",7.17922535634653,"not",7.65672242339898,"not"
"ENST00000453270",0,"not",0,"not",0,"not",0,"not",0,"not",3.38617062706307,"not",4.73970959757763,"not",5.14543909691267,"not",4.15526982727114,"not"
"ENST00000889129",0,"not",0,"not",0,"not",0,"not",6.00184667151129,"not",7.01331560066187,"not",6.23061290271273,"not",6.41529092099398,"not",7.28409857392617,"not"
"ENST00000889135",21.2435912268939,"up",0,"not",0,"not",0,"not",0,"not",18.0415881330513,"up",16.8991847419225,"up",15.9315692013464,"up",16.6958518597788,"up"
"ENST00000705985",0,"not",0,"not",0,"not",0,"not",0,"not",2.45296318176117,"not",5.25987823802628,"not",3.37059080397171,"not",2.34876227033166,"not"
"ENST00000293894",-21.1918540051955,"not",-20.2129957776268,"not",-23.6618350246081,"not",-24.480466937792,"not",-23.764459995294,"not",-2.71378094851707,"not",-2.73705060089428,"not",-3.06280594498729,"not",-2.86042732664835,"not"
"ENST00000562684",-2.16556642733061,"not",-1.46601354408428,"not",-3.11168448512743,"not",-2.29392367715573,"not",-7.65394731772812,"down",-12.8015595883249,"down",-7.90926708201653,"down",-15.6437275967944,"down",-15.4788471430968,"down"
"ENST00000483320",-3.16815599861881,"not",-0.968960222126379,"not",-4.50279377870189,"not",-2.17292846275228,"not",-5.51004658387703,"not",-11.3159109348299,"down",-15.3803933786208,"down",-10.8799232252176,"down",-15.6894908867905,"down"
"ENST00000576985",-1.81170197898143,"not",-1.7619130392994,"not",-3.83006704754544,"not",-3.59271702287589,"not",-3.95366518586544,"not",-11.9415023409858,"down",-9.13785386755998,"down",-16.6787803658054,"down",-16.7315289884343,"down"
"ENST00000252463",-1.35353431936597,"not",-2.26594457290924,"not",-4.1570027581674,"not",-4.30881556116153,"not",-6.23131542736514,"not",-9.02041673971597,"down",-9.85803381666109,"down",-18.8771579809643,"down",-18.9299066493194,"down"
"ENST00000399609",0,"not",0,"not",0,"not",0,"not",0,"not",6.62097999572397,"not",7.25810929818866,"not",5.22019127139073,"not",7.87274285203583,"not"
"ENST00000425191",0,"not",0,"not",0,"not",0,"not",0,"not",6.70190306883423,"not",5.79235890706075,"not",7.28888277829738,"not",5.99509292531566,"not"
"ENST00000907334",0,"not",19.3481408482606,"up",0,"not",0,"not",18.5651825319506,"up",15.5185950024656,"up",16.5174517488883,"up",13.0336708529547,"up",13.6286191820748,"up"
"ENST00000874415",-0.128684995615793,"not",0.451570100920062,"not",-2.67204514277193,"not",0.240421857916784,"not",-22.598981916855,"down",-7.2273340272106,"not",-27.2548036780508,"down",-27.332244018493,"down",-27.4300840361474,"down"
"ENST00000873752",-2.2590454674499,"not",-1.62595735399708,"not",-3.46305089228394,"not",-2.79615571216008,"not",-23.9524399410723,"down",-28.426703757781,"down",-28.116599810042,"down",-28.6888302208048,"down",-28.6482205606166,"down"
"ENST00000917718",-3.78873538616004,"not",-3.82981263925945,"not",-5.97076410393642,"not",-5.56937497877073,"not",-26.1995034266526,"down",-30,"down",-29.7399158347295,"down",-30,"down",-30,"down"
"ENST00000647876",0,"not",0,"not",7.5376756298128,"not",8.53885579682072,"not",9.49293310924873,"up",6.49230411044941,"not",4.24159367546456,"not",4.4595424315772,"not",3.8755138171257,"not"
"ENST00000346932",-0.487597745883547,"not",0.547644469113919,"not",-5.71013885757816,"not",-2.10267303487146,"not",-2.23663684238423,"not",-28.0786574933267,"down",-9.39023578605995,"not",-28.3746849560685,"down",-28.082611303477,"down"
"ENST00000876145",0.251635878082162,"not",0.767655115732078,"not",-5.67769029137849,"not",-1.45160498164674,"not",-1.82148146826357,"not",-27.941090013425,"down",-9.38804389505445,"not",-28.2154859779258,"down",-27.9869132108012,"down"
"ENST00000350605",-0.387168212667214,"not",0.37545749841032,"not",-3.24562113715335,"not",-5.27753068026728,"not",-5.01028068928607,"not",-14.0478612510033,"down",-13.8564096436389,"down",-14.1127578366764,"down",-14.165506264896,"down"
"ENST00000564731",0,"not",0,"not",3.57443032577505,"not",4.20727543855164,"not",7.20177812202692,"not",5.17488418471861,"not",5.90041418665617,"not",4.66076837111029,"not",5.4137970841085,"not"
"ENST00000254235",0,"not",0,"not",0,"not",18.9272083190806,"not",17.4183013704157,"not",15.2747796949369,"not",14.7294855067353,"not",16.4747895465628,"not",14.7276178382302,"not"
"ENST00000895068",6.29397786395437,"not",0,"not",0,"not",0,"not",0,"not",1.04575845225778,"not",4.72914403781715,"not",4.20216757965711,"not",4.77360081464508,"not"
"ENST00000880396",0,"not",0,"not",0,"not",0,"not",0,"not",19.532295152459,"up",0,"not",21.7924604334528,"up",20.2008197657911,"up"
"ENST00000698445",-0.545384194365917,"not",-0.669825361023859,"not",-2.03946815812377,"not",-3.73551453139244,"not",-3.38341932679068,"not",-27.4175217865996,"down",-27.2154931804671,"down",-27.5176525639398,"down",-27.5462425020798,"down"
"ENST00000268603",0,"not",11.9693331647599,"up",0,"not",12.8261221577809,"up",12.2475216469328,"up",9.71442078152265,"up",9.05332910263577,"up",8.15634686093117,"up",9.08362148882116,"up"
"ENST00000341529",0,"not",0,"not",0,"not",0,"not",22.677582967909,"up",19.8246463730123,"up",19.3985647330421,"up",17.4032638011645,"up",16.2466186010026,"up"
"ENST00000889788",0,"not",0,"not",0,"not",0,"not",1.96015079077284,"not",3.47836069811742,"not",4.4413645732727,"not",4.58984435082262,"not",4.15934687322197,"not"
"ENST00000299759",0,"not",0,"not",0,"not",0,"not",0,"not",0,"not",6.03459977492706,"not",4.79638383457852,"not",5.6365156799435,"not"
"ENST00000458121",-2.15105462079209,"not",-1.67417703118356,"not",-4.89532084270137,"not",-5.54862430511698,"not",-23.7490932158093,"down",-28.7452894313146,"down",-28.4085632796717,"down",-29.0084185658486,"down",-28.9832962255349,"down"
"ENST00000851819",-1.70725042639754,"not",-1.95432566887762,"not",-3.62743821243898,"not",-2.36068532317426,"not",-2.7015265820993,"not",-10.1425962117654,"down",-16.7606107675286,"down",-17.0169601989146,"down",-10.4918741067422,"down"
"ENST00000302628",0,"not",0,"not",0,"not",0,"not",0,"not",4.68179634764102,"not",7.33658184042102,"not",4.18768375161962,"not",5.23296571556371,"not"
"ENST00000268489",0,"not",15.0622421564134,"up",12.6603970346211,"not",13.6030850399274,"up",12.0455723134255,"up",19.0742093627735,"up",18.4373409103264,"up",13.2694257045317,"up",19.2223198040146,"up"
"ENST00000258169",-1.23587640110793,"not",-0.295630632605468,"not",-3.16851103875284,"not",-3.24796348813111,"not",-3.98577291260745,"not",-6.28362145788009,"not",-29.2663353193289,"down",-29.6837364390115,"down",-29.6709635267379,"down"
"ENST00000412692",0,"not",5.01111725768996,"not",0,"not",0,"not",0,"not",1.7557697510616,"not",4.33782801389801,"not",2.29731050263462,"not",6.74625637640403,"not"
"ENST00000649859",-4.70912658280687,"not",0.804569554633279,"not",-0.272515318630736,"not",5.61866435279915,"up",5.50868913227878,"up",2.01210616435737,"not",1.76975272261678,"not",0.581563888953373,"not",0.226366038982145,"not"
"ENST00000969714",-0.763547952774557,"not",1.86789492861746,"not",-3.48510888864839,"not",-1.93529790646333,"not",-1.83890698098235,"not",-6.49968705350727,"not",-13.5760061689002,"down",-13.8323539699359,"down",-13.8851023174938,"down"
"ENST00000618002",0,"not",0,"not",0,"not",5.14820592919478,"not",5.1335009002804,"not",5.03860172605564,"not",3.86916905806535,"not",4.94870011415417,"not",1.86817602681463,"not"
"ENST00000894530",-0.659376921223443,"not",-0.718348204700936,"not",-4.27889789330851,"not",-2.37282852497349,"not",-4.18676567498969,"not",-15.6036978340196,"down",-11.3527049455944,"down",-15.6685947129895,"down",-15.7213433796031,"down"
"ENST00000519584",0,"not",0,"not",0,"not",0,"not",0,"not",4.0031957749047,"not",4.07036783242603,"not",3.62688934094937,"not",0.285476613562979,"not"
"ENST00000315614",-1.06969524502151,"not",-0.408709250125061,"not",-3.02190872078248,"not",-4.59942699744922,"not",-24.8083114756224,"down",-28.5256509361493,"down",-28.3167057039936,"down",-28.6729289058359,"down",-28.670642631609,"down"
"ENST00000437099",0,"not",0,"not",0,"not",0,"not",0,"not",0,"not",2.31210543369766,"not",4.71303572435139,"not",6.78966448399409,"not"
"ENST00000443061",0,"not",0,"not",0,"not",0,"not",9.30148575891324,"not",5.87747838185412,"not",4.53650630021113,"not",2.58953697826946,"not",1.99132707649472,"not"
"ENST00000674673",0,"not",0,"not",0,"not",5.62690942560959,"not",9.16026421488013,"not",6.17280491075566,"not",5.86995993649805,"not",3.8012482799215,"not",3.68895530224693,"not"
"ENST00000226218",0,"not",0,"not",0,"not",0,"not",0,"not",16.17624167396,"not",0,"not",20.1143801815253,"not",17.9089979504542,"not"
"ENST00000621161",-1.24531849733082,"not",1.21114619557785,"not",-1.97534127751968,"not",-3.96912733532496,"not",-28.0526430923702,"down",-30,"down",-30,"down",-10.4216749500143,"not",-30,"down"
"ENST00000591048",0,"not",0,"not",0,"not",0,"not",0,"not",4.63947509083673,"not",5.10775834397844,"not",6.25216316577354,"not",6.88339299988903,"not"
"ENST00000394211",1.41762727942422,"not",0.198648176850641,"not",-3.81624630763569,"not",-1.9991653405016,"not",-11.0467719544643,"not",-14.2774204949432,"down",-14.0859693301351,"down",-14.3423169306024,"down",-14.3950652368897,"down"
"ENST00000674214",-0.976959595423571,"not",-0.146613403915727,"not",-3.65189071503702,"not",-5.29192056169154,"not",-6.32141666070736,"not",-15.3093691557065,"down",-15.1179170469804,"down",-15.3742659113268,"down",-15.4270144776808,"down"
"ENST00000543428",-3.14489331097986,"not",0.765539150035538,"not",-1.53216144783594,"not",-2.44337210546243,"not",-24.9437610069908,"down",-29.0941821187338,"down",-28.8071824892624,"down",-29.3607464349096,"down",-29.3080976870355,"down"
"ENST00000393664",-0.849414751687256,"not",-2.11127244849322,"not",-4.66486186547805,"not",-4.45495662238481,"not",-1.68906743786163,"not",-15.7747392975993,"down",-15.5832866520491,"down",-15.8396362351874,"down",-15.8923849494463,"down"
"ENST00000319349",0.555722224160821,"not",1.90869844006146,"not",0.298733946719883,"not",-1.40802535789097,"not",-25.9167044251106,"down",-29.1050892582933,"down",-28.9140504948133,"down",-29.1289803063281,"down",-29.2102230042266,"down"
"ENST00000571981",0,"not",0,"not",0,"not",0,"not",0,"not",4.94272627088455,"not",3.92813539418894,"not",3.17913320082594,"not",2.96882216957396,"not"
"ENST00000954750",0,"not",0,"not",5.39212314180604,"not",0,"not",0,"not",0.333077211249516,"not",8.81325217464742,"not",3.74103768569773,"not",6.79317616411714,"not"
"ENST00000393450",0,"not",0,"not",0,"not",6.33867403789362,"not",12.1152278384339,"up",10.0988411746683,"up",10.1868000966341,"up",10.7702592161821,"up",9.64367666065498,"up"
"ENST00000954751",0,"not",0,"not",1.2333818968617,"not",0,"not",5.62453212245632,"not",8.21128993170219,"up",7.83664454362343,"up",8.58286982771375,"up",7.78816496409275,"up"
"ENST00000869091",0,"not",0,"not",0,"not",0,"not",3.0800008467039,"not",1.92072080313307,"not",5.3547367918238,"not",3.62837415894686,"not",2.24321833173076,"not"
"ENST00000572303",0,"not",0,"not",0,"not",0,"not",1.62575530436644,"not",0,"not",8.72374903364139,"not",6.61442940126842,"not",8.55174247571551,"not"
"ENST00000806868",0,"not",0,"not",0,"not",0,"not",4.46119074042433,"not",3.34797193888977,"not",5.40179084334076,"not",4.61459821924,"not",5.6109684808811,"not"
"ENST00000717408",0,"not",5.42906273495556,"not",0,"not",0,"not",4.31380863508704,"not",3.79753493671319,"not",4.02728869996326,"not",4.05145774834296,"not",5.06780893382725,"not"
"ENST00000332503",0,"not",0,"not",0,"not",0,"not",1.62337672600913,"not",2.22951810619034,"not",2.40912966444046,"not",5.4499179194096,"not",4.98523276015329,"not"
"ENST00000892665",0,"not",0,"not",3.52437607362545,"not",0,"not",7.32972946485897,"not",5.4844616740867,"not",0.683619479168803,"not",5.03324291188574,"not",-0.539513361100438,"not"
"ENST00000952408",0,"not",0,"not",0,"not",0,"not",0,"not",2.5398286580358,"not",4.36373107832632,"not",2.03746432768384,"not",4.55967627305328,"not"
"ENST00000451037",0,"not",0,"not",0,"not",0,"not",9.56521973644969,"not",7.51894446412957,"not",7.09456427222735,"not",5.3265545305511,"not",1.03841344622081,"not"
"ENST00000424486",0,"not",0,"not",0,"not",3.33598970142696,"not",9.59149242260233,"not",7.08592397741919,"not",5.48701883634484,"not",2.27867214098685,"not",0,"not"
"ENST00000893798",0,"not",0,"not",0,"not",6.63660872382817,"not",8.11143869278312,"not",5.06138523676463,"not",3.99242503444157,"not",2.4759276375562,"not",2.41950516614136,"not"
"ENST00000885255",-1.83098527632464,"not",-1.28734615465891,"not",-3.04710176881411,"not",-3.37023085843419,"not",-5.42406404866398,"not",-28.9042411692377,"down",-28.5541287809472,"down",-29.2408371337207,"down",-29.1670284045124,"down"
"ENST00000591313",0,"not",0,"not",0,"not",0,"not",-0.0607572225727156,"not",1.71581937556215,"not",3.65594152775147,"not",4.87258020143312,"not",4.76656000011016,"not"
"ENST00000590421",0,"not",0,"not",3.06901177223257,"not",0,"not",0,"not",0.650595777004009,"not",3.91348945611381,"not",4.52333095393691,"not",5.43866410998637,"not"
"ENST00000477081",0,"not",0,"not",0,"not",0,"not",4.79124823241386,"not",4.13241230492796,"not",5.16572847773255,"not",7.14713810047418,"not",7.09329146060705,"not"
"ENST00000389520",0,"not",0,"not",0,"not",0,"not",0,"not",5.0559289623173,"not",3.53407852963852,"not",2.38022215013005,"not",4.28757550734507,"not"
"ENST00000563924",-5.80809486824261,"not",-5.24919432656603,"not",-2.33611605888794,"not",1.47500217431694,"not",4.28200797847413,"not",0.901217376360272,"not",0.625510909884031,"not",-0.433693365849818,"not",-0.877829107509971,"not"
"ENST00000581993",-0.152771688661185,"not",0.411578441840016,"not",-1.52506801170006,"not",-0.775107946672661,"not",-22.1194839877847,"down",-5.36913842195025,"not",-27.032235181029,"down",-27.3661490065671,"down",-27.4181312850455,"down"
"ENST00000589082",0.602904082222099,"not",-4.10709761077276,"not",1.03407176732922,"not",-6.66917907048451,"not",-6.22959593685794,"not",0.583372829347689,"not",-0.764503930142,"not",-0.386046927527246,"not",0.169379787539742,"not"
"ENST00000592951",0.777827222252826,"not",3.45591030431434,"not",0.604653665275123,"not",-4.74593199442126,"not",-4.30634813358104,"not",3.31197542552298,"not",5.84394677533403,"not",-1.58124609074571,"not",2.34715551897405,"not"
"ENST00000541152",0,"not",23.3169953670428,"up",0,"not",21.9556843009278,"up",23.3070228935197,"up",19.6819563577439,"up",19.4188341864246,"up",20.2957962197982,"up",18.2467131277015,"up"
"ENST00000579760",0,"not",0,"not",0,"not",0,"not",18.9558294999845,"not",16.5113574574102,"not",15.9038785371738,"not",0,"not",15.5088017917231,"not"
"ENST00000675386",7.35099097566705,"not",0,"not",0,"not",0.0655045871922021,"not",9.76261610149986,"up",6.22182954065653,"not",7.7410105207953,"not",6.14267804906787,"not",4.35384359995334,"not"
"ENST00000863046",1.90635899834897,"not",2.75373050180583,"not",0.917561772361641,"not",-2.98936306367081,"not",-1.24665741709433,"not",-4.21368843014285,"not",-27.6787378177639,"down",-10.5662409222512,"down",-10.5531851666967,"down"
"ENST00000573478",-0.13869700173475,"not",-0.241927222798614,"not",-2.62167475024465,"not",-3.92547211076662,"not",-3.89483124936291,"not",-7.75953286132004,"down",-8.6401976300697,"down",-28.7001588432405,"down",-28.6842165118589,"down"
"ENST00000858967",-1.35792856600813,"not",-5.33495781878664,"not",-7.41381854101748,"not",-5.02216663963913,"not",-7.45747385194542,"not",-1.80651735263444,"not",-0.511216718372027,"not",-0.41048099859837,"not",-0.392876397343596,"not"
"ENST00000941942",0,"not",0,"not",0,"not",0,"not",0,"not",0,"not",4.21461712846632,"not",3.94422298564667,"not",6.45728465825163,"not"
"ENST00000941945",0,"not",0,"not",0,"not",0,"not",0,"not",0.11980249553456,"not",4.8358057898508,"not",5.53327347378282,"not",5.21743680127907,"not"
"ENST00000356443",0,"not",0,"not",0,"not",0,"not",0,"not",9.99582772702893,"up",10.5436973937911,"up",10.8930863305668,"up",11.1673719637778,"up"
"ENST00000687483",-0.928229623848022,"not",0.79612693067904,"not",-2.56728649067837,"not",-3.36360859726135,"not",-6.42090284235327,"down",-13.6965285677337,"down",-13.505075898591,"down",-13.761425513319,"down",-13.814174234078,"down"
"ENST00000692104",-1.02152208279402,"not",0.0822599018333988,"not",-2.59449757359108,"not",-2.1062301263496,"not",-6.87158654606331,"down",-15.9068432104432,"down",-15.7153903606295,"down",-15.9717402172708,"down",-12.1253924173948,"down"
"ENST00000905718",-4.0884572660686,"not",3.33981096827189,"not",-5.60840964344293,"not",-6.09164899614468,"not",3.95301529305059,"not",1.21065706782641,"not",0.281755897885993,"not",-1.70777933354178,"not",0.232795848216064,"not"
"ENST00000866152",0,"not",0,"not",0,"not",0,"not",0,"not",0,"not",2.79041389037149,"not",4.26897411620191,"not",5.61274552927416,"not"
"ENST00000866143",-21.4136240228556,"not",-20.4073297791825,"not",-23.3396142962171,"not",-23.8872045296152,"not",-23.4001070117349,"not",-3.08984878047952,"not",-2.82318131252449,"not",-4.25292615921202,"not",-2.02797091757605,"not"
"ENST00000866158",0,"not",0,"not",0,"not",0,"not",0,"not",3.43080028898038,"not",2.56782042969383,"not",6.27193371331185,"not",5.23222815202073,"not"
"ENST00000866151",0,"not",0,"not",0,"not",0,"not",0,"not",3.46796833333165,"not",2.47474003298986,"not",5.7833465052464,"not",4.80984508328933,"not"
"ENST00000695635",-2.06330221903662,"not",0.880594903307021,"not",-1.11284562430888,"not",-1.4134587810752,"not",-27.9779499200217,"down",-6.32245228893504,"not",-29.3875011673788,"down",-29.6974449819975,"down",-29.7693723494788,"down"
"ENST00000423027",0.174868606598236,"not",3.17964668445751,"not",1.68604348111043,"not",-1.26466584753371,"not",-4.53606736606331,"not",-5.43269349302365,"not",-10.305392867996,"down",-15.6228607417381,"down",-15.6756093820874,"down"
"ENST00000579454",0,"not",0,"not",0,"not",20.7040605648507,"up",21.9785584650028,"up",19.4802181632672,"up",18.8635197329106,"up",16.8312199026147,"up",17.857469950266,"up"
"ENST00000424526",0,"not",0,"not",0,"not",21.5111132155728,"up",22.6611100172563,"up",17.8116285239497,"up",18.1694694027349,"up",16.2133336975903,"up",17.3974817733151,"up"
"ENST00000581072",0,"not",0,"not",0,"not",0,"not",0,"not",5.77449539335707,"not",0,"not",6.97252457859357,"not",7.36653941328931,"not"
"ENST00000642541",0,"not",0,"not",0,"not",0,"not",7.18600028283642,"not",1.90777600846615,"not",5.54947019244109,"not",4.39327790584505,"not",0,"not"
"ENST00000593195",0,"not",0,"not",0,"not",16.0770872406114,"not",19.9245317333409,"up",17.1618130863618,"up",17.9618247513342,"up",18.5581218137206,"up",18.2254309727861,"up"
"ENST00000863107",-4.09108902342323,"not",-3.53219747063445,"not",-5.61102801328243,"not",-6.09426310968362,"not",-5.65468269045023,"not",0.775594902444342,"not",3.53438657449372,"not",2.19717190187151,"not",1.6720883552614,"not"
"ENST00000257209",-5.58282224794648,"not",-21.077069289649,"down",-23.715670119197,"down",-24.693776124463,"down",-23.8733725164464,"down",-1.74616287712255,"not",-2.90781719836808,"not",-3.14584243174624,"not",-3.61826776747118,"not"
"ENST00000863114",4.28562705474822,"not",0,"not",0,"not",0,"not",0,"not",3.93381635093682,"not",5.54483551579896,"not",5.2881703175004,"not",4.67527744153001,"not"
"ENST00000269466",0.274372892515477,"not",-1.48933546485347,"not",-3.39681763151624,"not",-2.01760880514214,"not",-3.25964576286345,"not",-5.56584802080142,"not",-27.8289221928918,"down",-28.5861720461547,"down",-28.4908082755327,"down"
"ENST00000768702",0,"not",0,"not",0,"not",0,"not",0.369930488319934,"not",3.40257797573242,"not",3.47370752143037,"not",6.74520456430654,"not",7.36819447588446,"not"
"ENST00000361673",0,"not",0,"not",19.8298166682739,"up",22.2472566190848,"up",22.4044667235266,"up",16.6742411171638,"up",19.1188929950496,"up",18.4723447847439,"up",19.4176219787369,"up"
"ENST00000336078",-0.821820492531684,"not",-0.169083463490467,"not",-1.15477327536063,"not",-5.3290419897595,"not",-8.37303441620285,"down",-11.0086807064662,"down",-10.1874269285618,"down",-9.58360270566042,"down",-13.0896930513916,"down"
"ENST00000929495",-0.708335504692854,"not",-1.07593543838217,"not",-2.00449952339618,"not",-2.97718083740863,"not",-23.5689218350723,"down",-28.6515098355135,"down",-28.2909943672637,"down",-11.2126529688798,"down",-12.8265108934708,"down"
"ENST00000316660",0.662798285589136,"not",0.679509975127488,"not",-3.50262520398199,"not",-4.61975869562959,"not",-6.30988389846078,"down",-10.6899640140467,"down",-11.7385961459291,"down",-12.5370625237905,"down",-11.9114924558333,"down"
"ENST00000575389",2.88565138720194,"not",4.0916986937928,"not",-0.16815421668291,"not",-1.80372166690509,"not",-4.19977591347795,"not",-15.0128310449987,"down",-14.8213786241089,"down",-15.0777279064334,"down",-15.1304765587942,"down"
"ENST00000876944",-22.6376230004675,"down",-21.7794913479043,"down",-24.4247877583932,"down",-25.0163620272967,"down",-24.4991784493552,"down",-6.30308674343566,"not",-5.49352323010342,"not",-5.39060774898895,"not",-5.224317673859,"not"
"ENST00000262953",-5.51027894895955,"not",-2.187950491275,"not",1.86650094176026,"not",-7.51346512151894,"not",-3.06720478452886,"not",0.689049013758943,"not",0.98821006063133,"not",0.0295254476578316,"not",0.760010883248606,"not"
"ENST00000679828",0,"not",12.4739638481587,"not",0,"not",17.2629118227811,"not",18.4683826907744,"not",16.6972158375029,"not",16.7087094134678,"not",0,"not",14.8714439248239,"not"
"ENST00000262960",0.029548651142228,"not",0.769428752427502,"not",-1.96650122794999,"not",-1.78014518756452,"not",-2.21784088209126,"not",-7.09459326921989,"down",-17.1487578703038,"down",-17.4051073976502,"down",-17.4578561004288,"down"
"ENST00000703254",0,"not",0,"not",0,"not",1.27607509872236,"not",0.44545225803105,"not",0,"not",3.26830161624374,"not",5.42882416656739,"not",4.79608165526275,"not"
"ENST00000919619",-0.324655181480367,"not",-0.144618832543509,"not",-2.38290523831474,"not",-0.951524561265059,"not",-4.98157974634476,"not",-9.45238686783487,"not",-29.6780055290223,"down",-30,"down",-30,"down"
"ENST00000860153",0,"not",0,"not",0,"not",0,"not",6.25278583568947,"not",2.55971879198664,"not",4.52015888135898,"not",3.80333470929471,"not",0,"not"
"ENST00000595838",-1.4024233611917,"not",5.67997746095532,"not",-17.8312232853265,"not",-19.1391217270575,"not",-18.0151346279569,"not",2.19253834316355,"not",1.81528207168382,"not",0.804672418251098,"not",1.82247291921617,"not"
"ENST00000160262",0.396424775849921,"not",1.46111304914342,"not",-3.56487600760917,"not",-4.23957892400356,"not",-22.4585973958306,"down",-26.3106493175477,"down",-26.0226032266881,"down",-26.5758050205186,"down",-26.5265500669968,"down"
"ENST00000529370",-1.79609560164578,"not",-1.23720218975087,"not",-3.31603964745528,"not",4.86220548364572,"not",-3.35969446983672,"not",1.21444147002776,"not",1.99737404819371,"not",2.39509015421473,"not",3.30476625566862,"not"
"ENST00000924726",0,"not",0,"not",0,"not",0,"not",7.35666729481919,"not",4.75366509747808,"not",4.37506915773539,"not",5.0479952661243,"not",0,"not"
"ENST00000697576",0,"not",0,"not",5.79581114968431,"not",4.29215258389456,"not",0,"not",6.07871040852325,"not",6.74411545196903,"not",6.37533345760102,"not",6.00658013383235,"not"
"ENST00000588454",-1.14571049705064,"not",2.25050648880287,"not",-3.32200494992491,"not",-1.85709605600857,"not",-2.13889195915309,"not",-29.586436549731,"down",-29.355658550928,"down",-30,"down",-29.7991725995778,"down"
"ENST00000593114",0.490968139310289,"not",2.5594829351562,"not",-2.90795597514159,"not",1.2443255346825,"not",-1.51989009474411,"not",-27.2310721738655,"down",-27.0179554277481,"down",-27.4921461481865,"down",-27.3990319002262,"down"
"ENST00000589048",-2.01299302051658,"not",-0.239434158653207,"not",-3.96385874553189,"not",-3.48707172890694,"not",-3.95395782148593,"not",-8.46072936791717,"down",-16.3094542603147,"down",-9.41604978371776,"down",-16.6185519873639,"down"
"ENST00000643092",0,"not",13.9629288942881,"up",16.7100518952137,"up",16.6231092327175,"up",17.493589250092,"up",16.4335979390864,"up",15.2009499014251,"up",15.0564574873601,"up",14.8601888817467,"up"
"ENST00000198939",-1.96728401725344,"not",-0.562170453639456,"not",-3.67038722055179,"not",-2.35281679484354,"not",-3.32561035411609,"not",-10.5233772176527,"down",-9.29687076157027,"down",-12.5044437504547,"down",-13.6399715858216,"down"
"ENST00000252590",0,"not",0,"not",0,"not",0,"not",12.4650546942729,"up",8.99935546666028,"not",8.25865397930573,"not",6.7147952945285,"not",5.85333375368402,"not"
"ENST00000407280",-1.76905575057266,"not",0.436129648048705,"not",-2.34384390720652,"not",-2.52008505452964,"not",-4.10578366931998,"not",-7.50917433401785,"not",-28.1624805697945,"down",-28.9654393884781,"down",-28.9128518064743,"down"
"ENST00000600289",-0.833015360694449,"not",-0.71251511014756,"not",-1.20787153914243,"not",-1.52215639225778,"not",-2.92648329843549,"not",-11.2149653960295,"down",-10.8154001153756,"down",-11.5678651853487,"down",-9.05951000359713,"down"
"ENST00000392386",1.24878462985067,"not",3.23071005587556,"not",1.01009375431138,"not",-0.32179025637553,"not",-23.4276075877621,"down",-26.2716429818686,"down",-26.0495212883552,"down",-26.5084968911472,"down",-26.4454855109789,"down"
"ENST00000684169",-0.66448159727374,"not",1.57787585450257,"not",-0.445299293602435,"not",-0.252987328464072,"not",-23.6031334385517,"down",-27.4563288916475,"down",-27.1531857202205,"down",-27.8314180376391,"down",-27.7025318341926,"down"
"ENST00000590187",1.44932557748994,"not",3.33899022113543,"not",1.50599714589128,"not",-0.0298987957881378,"not",-8.09142309305755,"not",-11.3220859803798,"down",-11.1306339653647,"down",-6.67145867560707,"not",-11.4397312447695,"down"
"ENST00000310123",-21.2423263098285,"not",-20.6204035754351,"not",-6.80712381171521,"not",-24.534558627342,"not",-23.7071698542897,"not",-4.06448695493622,"not",-1.9575858996219,"not",-3.69919618505313,"not",-2.02599189448085,"not"
"ENST00000874908",0,"not",0,"not",0,"not",0,"not",1.96427493897885,"not",2.9407268987695,"not",3.50723516423192,"not",4.98507531535559,"not",5.90506880626971,"not"
"ENST00000351325",0,"not",0,"not",0,"not",0,"not",0,"not",5.11692233280129,"not",6.4572736790962,"not",6.97721530284118,"not",6.09344508268632,"not"
"ENST00000874918",0,"not",2.0988193678101,"not",1.54715847290905,"not",0,"not",0,"not",3.73401275155907,"not",5.35346277415915,"not",5.38533001254036,"not",4.92661199838863,"not"
"ENST00000334116",-21.8233463289923,"down",-20.8544788521131,"down",-24.0231785054431,"down",-24.65786844576,"down",-24.093137915903,"down",-2.07056147298562,"not",-2.92869741159782,"not",-3.73202830141352,"not",-3.37117026855944,"not"
"ENST00000402194",-2.21524881162336,"not",0.368677317645097,"not",-5.03447236250682,"not",-7.02768805777398,"not",-23.5991535037802,"down",-28.3533217261381,"down",-28.013195546049,"down",-28.687659235679,"down",-28.6102054016952,"down"
"ENST00000359191",-0.646981135748846,"not",-0.9500913135946,"not",-2.26539134058147,"not",-2.16087665597005,"not",-26.521701691821,"down",-30,"down",-30,"down",-30,"down",-30,"down"
"ENST00000359274",0,"not",6.51663202534787,"not",0,"not",3.27720951705357,"not",8.29776349737609,"not",4.78021128872984,"not",4.91488204923103,"not",4.45492091802129,"not",5.79146615015457,"not"
"ENST00000310054",-0.632995304960758,"not",-1.066425839601,"not",-4.82014758021599,"not",-6.79831943914109,"not",-6.65376853983296,"not",-9.95434650173308,"down",-14.1339708789471,"down",-16.1752571359721,"down",-30,"down"
"ENST00000221452",0,"not",0,"not",0,"not",7.60072298388757,"not",7.26107245321219,"not",1.90922746536485,"not",5.0853147293838,"not",4.43694603026221,"not",3.81351879265209,"not"
"ENST00000221476",0,"not",0,"not",0,"not",0,"not",0,"not",7.94895732248381,"not",8.57443186843697,"not",8.34045548028369,"not",8.36143381410213,"not"
"ENST00000590918",0,"not",0,"not",5.75497364037571,"not",4.82163890763894,"not",0,"not",3.98595120501941,"not",5.07788414229254,"not",4.2164809989603,"not",4.05000459240511,"not"
"ENST00000906414",-1.14075059811428,"not",-0.248794203167848,"not",-2.23556719782741,"not",-3.0799226441692,"not",-2.52097364449301,"not",-5.84640374481678,"down",-18.0751223702072,"down",-18.3314723564963,"down",-18.384221153711,"down"
"ENST00000718252",-2.38980130919138,"not",0.295642804696944,"not",-0.937618454430728,"not",-0.954385783019659,"not",-2.37526810616639,"not",-8.42258040247241,"not",-28.6435080276591,"down",-29.4732785587925,"down",-29.2088454965064,"down"
"ENST00000699873",1.83846397404118,"not",1.49726557149157,"not",-2.86883485360438,"not",-1.24877962060896,"not",-5.39956296590263,"not",-5.7835388218062,"not",-25.5658979115237,"down",-25.9926665095877,"down",-25.9745856681794,"down"
"ENST00000452087",1.59611535945449,"not",2.08437296249697,"not",0,"not",0.562679457640462,"not",0,"not",0,"not",6.97452982980111,"not",1.09681340629482,"not",2.49228840222692,"not"
"ENST00000252825",-20.9133011906919,"down",-19.9478714719288,"down",-23.9087725469618,"down",-24.8835609615583,"down",-1.68920714457561,"not",-0.220350057563058,"not",0.487443817348142,"not",-1.13341069746265,"not",0.2996874702331,"not"
"ENST00000334976",-0.114373546335189,"not",-1.0493261179068,"not",-0.54237729548579,"not",-3.61142128981014,"not",-3.17183580354636,"not",-1.10847500624115,"not",1.63607074681967,"not",5.69283267714587,"not",3.43653189344835,"not"
"ENST00000596399",0,"not",0,"not",0,"not",0,"not",0,"not",4.72967007670615,"not",4.36541311877912,"not",3.25814591599361,"not",2.49200938623597,"not"
"ENST00000221973",0,"not",0,"not",0,"not",0,"not",3.42674858654665,"not",2.70040613315067,"not",4.70891216043112,"not",4.39152275202371,"not",3.68135710361966,"not"
"ENST00000222212",1.80488322756378,"not",0.374486329421234,"not",-1.91350461114587,"not",-2.7328703628229,"not",-3.48530823022155,"not",-6.33998881157173,"not",-14.1889339142351,"down",-9.60446083068315,"down",-14.498031281332,"down"
"ENST00000376531",-4.25083791348498,"not",-1.95556239402545,"not",-7.1694361143876,"not",-5.39100810862673,"not",-5.76800680681319,"not",-29.275183136244,"down",-28.9183156681662,"down",-29.629597559628,"down",-29.5495430657989,"down"
"ENST00000587845",-1.61618840718116,"not",-2.40182441989034,"not",-2.44145024541854,"not",-3.79549636798562,"not",-4.59580849244854,"not",-28.6276821219105,"down",-28.4046260231917,"down",-28.7935828347381,"down",-9.28253145507286,"not"
"ENST00000334181",-0.283373941866789,"not",1.07724510337012,"not",0.413151322949762,"not",-2.44112726329224,"not",-1.28824834027186,"not",-6.60728116019021,"not",-26.3451089006031,"down",-27.4771024075309,"down",-27.3195229722655,"down"
"ENST00000597136",2.41155888515878,"not",0.459614740579114,"not",-2.11552236825574,"not",1.01005543360752,"not",-3.80014752459173,"not",-27.7699051306148,"down",-27.4031070670212,"down",-28.2895060322211,"down",-9.21374045226375,"not"
"ENST00000899121",0.532493649377097,"not",-3.89316601252912,"not",-1.39464416523808,"not",-2.76042145486204,"not",-1.91486300376419,"not",-28.3563663524036,"down",-28.0902201080978,"down",-28.5813333636167,"down",-28.5503357355836,"down"
"ENST00000899141",-2.02325113314612,"not",0.69546535986168,"not",-2.01169406169785,"not",-1.53660174296158,"not",-6.07951674778718,"not",-28.2096064903031,"down",-27.9093884057301,"down",-28.5276453117754,"down",-28.4398383880604,"down"
"ENST00000865593",0,"not",0,"not",0,"not",0,"not",0,"not",4.79532145485214,"not",0,"not",4.53618132990431,"not",3.05063491637782,"not"
"ENST00000380320",0,"not",0,"not",0,"not",0,"not",0,"not",5.34780832132147,"not",7.31904921425275,"not",5.45504786523259,"not",6.53889790980403,"not"
"ENST00000889860",0,"not",0,"not",0,"not",0,"not",0,"not",5.40272634895178,"not",0,"not",4.94902993270946,"not",5.75377410271803,"not"
"ENST00000884194",6.65586015010928,"not",0,"not",0,"not",0,"not",0,"not",2.34046038103253,"not",4.9412274716593,"not",4.58281260567011,"not",5.36482855547063,"not"
"ENST00000380075",-22.2276164436058,"down",-21.2425124638666,"down",-24.9490413794646,"down",-25.8384418266147,"down",-25.0586796132611,"down",-6.55862213681428,"not",-4.76109500305683,"not",-3.42811419453292,"not",-3.69985317882027,"not"
"ENST00000884675",-4.45446427983687,"not",3.71932132448689,"not",-0.567281723390766,"not",0.377587440867333,"not",5.82451813736684,"not",2.0310373032727,"not",2.00341195126602,"not",2.07436503024974,"not",1.08256534002156,"not"
"ENST00000952088",0,"not",7.5208642668715,"not",0,"not",0,"not",0,"not",2.93524640441338,"not",4.61499085335172,"not",1.41075976887882,"not",4.87560032077808,"not"
"ENST00000413479",5.60840098642683,"not",0,"not",0,"not",0,"not",0,"not",2.17062306107839,"not",7.07013431044403,"not",0.142353883190837,"not",3.64428467983857,"not"
"ENST00000686249",-2.72803830786863,"not",3.33888683450002,"not",-4.24799406418347,"not",-4.73123449115376,"not",0.168947818793471,"not",-0.646783474900926,"not",3.45527952606412,"not",1.50825436631714,"not",4.32199219706904,"not"
"ENST00000303077",0,"not",19.8337607223111,"up",0,"not",14.3235712003313,"up",0,"not",15.6465430920104,"up",15.3969869851196,"up",16.2568418941081,"up",16.131528945814,"up"
"ENST00000541738",-22.9934570007137,"down",-4.58971108965386,"not",-25.0883413496639,"down",-4.99456134125391,"not",-0.333691199259423,"not",-4.15385231038028,"not",-3.62174883871541,"not",-4.29427798697003,"not",-6.31096958425092,"not"
"ENST00000409957",0,"not",0,"not",0,"not",5.49248939927595,"not",0,"not",4.63679441871647,"not",6.51609545442566,"not",5.95607003385418,"not",5.25911808717636,"not"
"ENST00000306156",-0.616727745032743,"not",1.77719712011471,"not",-22.2132959052209,"down",-23.1471366624138,"down",-22.4218753013188,"down",-1.82101561070916,"not",-1.69993367481708,"not",-1.33751090420415,"not",-1.32629036623755,"not"
"ENST00000340553",-0.311927857858709,"not",-0.429626029424381,"not",-2.6586153594171,"not",-3.35805423370906,"not",-25.8508938454871,"down",-29.6204109116927,"down",-29.3363351050898,"down",-30,"down",-29.8556407170452,"down"
"ENST00000898762",0,"not",0,"not",0,"not",0,"not",13.210484452354,"up",11.0364210912963,"up",11.3187860595692,"up",10.8942926562683,"up",10.4280246500368,"up"
"ENST00000404735",1.42161378553601,"not",0.575332120699893,"not",-1.41620630103045,"not",-2.36711467587915,"not",-2.86486296259739,"not",-6.50724566961946,"not",-15.4419289152944,"down",-13.8441942385079,"down",-15.7510267030531,"down"
"ENST00000660923",0,"not",0,"not",6.02541127556396,"not",4.67004909291812,"not",8.30016181514002,"not",6.79858353099083,"not",5.70208574159048,"not",3.05017373677613,"not",0.987659758062151,"not"
"ENST00000766977",5.15721233955212,"not",3.52374586031104,"not",2.2300464032697,"not",-0.5116449134094,"not",8.79291997515902,"up",5.0768755422921,"not",5.20804019479526,"not",4.11277768898156,"not",2.33143553157399,"not"
"ENST00000366671",0,"not",0,"not",0,"not",0,"not",6.21478925298637,"not",4.4481022136645,"not",4.50374915891244,"not",2.37225959869774,"not",2.96198013344429,"not"
"ENST00000282549",-2.41268715841014,"not",-1.85378831327484,"not",-3.9326459802417,"not",3.22048819155507,"not",7.53357507878176,"not",3.22080367329722,"not",2.38624836170419,"not",1.2276751636244,"not",0.673121070536075,"not"
"ENST00000272321",-0.085253778095705,"not",0.690042137953176,"not",-5.11241198140618,"not",-2.56348630472277,"not",-23.5977603572292,"down",-27.9193982007901,"down",-27.6697976343476,"down",-28.061304950323,"down",-28.0822980875604,"down"
"ENST00000560281",0,"not",0,"not",0,"not",3.74907541241999,"not",10.1089579378368,"up",6.59509540581138,"up",5.55132811657549,"not",7.18719104030382,"up",4.1629076122492,"not"
"ENST00000491706",0,"not",0,"not",0,"not",5.76482519177951,"not",7.79294781349877,"not",5.0491904841757,"not",4.32110760797075,"not",4.43774449165706,"not",4.81525528650526,"not"
"ENST00000439433",0,"not",0,"not",0,"not",4.81333207260792,"not",6.72736616676674,"not",4.04208667778096,"not",4.23664068495872,"not",3.88978024199126,"not",4.226582050199,"not"
"ENST00000409517",0,"not",0,"not",0,"not",6.47837991784981,"not",7.51034850640433,"not",5.47786743870879,"not",1.33326687716657,"not",6.6331107100945,"not",2.41381577199443,"not"
"ENST00000295379",0,"not",3.49657494436797,"not",3.84050251509052,"not",1.83452999448644,"not",10.9111275230005,"up",7.85544250143379,"up",7.85001988153344,"up",6.0051364512801,"not",4.47290373674806,"not"
"ENST00000696727",1.13365611265088,"not",2.3338374600235,"not",-0.562300125353095,"not",-1.31984908226239,"not",-1.77841961833303,"not",-26.4884193535097,"down",-26.1556624207934,"down",-26.7839203318771,"down",-26.7330891598745,"down"
"ENST00000295057",0,"not",0,"not",14.8736465881097,"up",18.8965322039047,"up",21.1134303216759,"up",16.6712977030364,"up",16.408710250509,"up",15.2407678029361,"up",15.6008717618321,"up"
"ENST00000643817",0,"not",0,"not",0,"not",0,"not",0,"not",0,"not",4.91958054856157,"not",5.34578630152428,"not",3.41158295831958,"not"
"ENST00000165698",0,"not",0,"not",0,"not",0,"not",0,"not",7.26699417019686,"not",7.44104125201245,"not",6.10858989983507,"not",7.2152205759108,"not"
"ENST00000923521",-1.13069739892024,"not",0.0251293704844408,"not",-2.485866954585,"not",-3.22118436704205,"not",-9.96780001079819,"down",-10.4921546223307,"down",-11.2821515899205,"down",-12.5126336480794,"down",-14.2154262379944,"down"
"ENST00000910384",-1.32517346419779,"not",-0.296490474102815,"not",-2.88507916501958,"not",-3.11545843078881,"not",-26.0010366213039,"down",-29.6961919682169,"down",-29.3753293533081,"down",-30,"down",-29.9384160153014,"down"
"ENST00000910388",-0.968554159862956,"not",0.133821789456202,"not",-2.66559320567137,"not",-3.33168023457893,"not",-7.20939998413752,"not",-29.841064597238,"down",-10.7370423491483,"down",-10.8075189186299,"down",-29.9996835282907,"down"
"ENST00000962833",-1.02486886860883,"not",-0.96942628578414,"not",-3.25527680409627,"not",-3.57069160840198,"not",-27.0895119321441,"down",-12.8890520628334,"down",-15.0181480890794,"down",-13.1851587655131,"down",-29.740760233058,"down"
"ENST00000965776",5.12553038322503,"not",0,"not",0,"not",0,"not",2.79392834414144,"not",6.4979811164972,"not",8.14776229195542,"not",7.59079919247634,"not",7.25538477421597,"not"
"ENST00000614034",-3.44217450154351,"not",-20.7633445363861,"down",-4.96200719328608,"not",-24.630143074373,"down",-23.8654835775699,"down",-2.87137493067051,"not",-4.13783911395262,"not",-4.47949221956913,"not",-2.93831161148907,"not"
"ENST00000876104",0,"not",0,"not",0,"not",0,"not",0,"not",1.54951197936924,"not",4.70541919359175,"not",4.36899177615979,"not",5.1000411826296,"not"
"ENST00000393352",0,"not",0,"not",0,"not",0,"not",0,"not",3.69390824048451,"not",7.23021349540042,"not",8.02455792387351,"not",6.9005494184141,"not"
"ENST00000409441",0.377677728008574,"not",2.31175043858437,"not",-1.12936363980615,"not",-1.51371135708215,"not",-24.2773474074901,"down",-29.7594719001536,"down",-29.4357593121833,"down",-29.8330761242599,"down",-29.9440955384121,"down"
"ENST00000331203",0,"not",0,"not",6.90316680176852,"not",6.78312747392789,"not",9.2933333514642,"not",5.35236081797977,"not",6.40920413862216,"not",4.47039295033966,"not",4.87302518277461,"not"
"ENST00000393107",0.858260103294908,"not",-1.63130487436513,"not",-0.928519747475378,"not",-2.17760513734784,"not",-23.950502112959,"down",-26.9938310380809,"down",-26.6371891009162,"down",-27.365144439113,"down",-27.2795585509379,"down"
"ENST00000961934",0,"not",0,"not",0,"not",0,"not",0,"not",3.76526723778759,"not",3.09696595048641,"not",3.9612961002545,"not",2.03778791869048,"not"
"ENST00000961924",0,"not",0,"not",0,"not",0,"not",0,"not",5.36970922146385,"not",3.37438161907932,"not",1.13885250972803,"not",8.2879373363057,"not"
"ENST00000355119",0,"not",0,"not",0,"not",0,"not",0,"not",5.36835048462166,"not",5.4618531943939,"not",6.38310565481035,"not",6.0820244004751,"not"
"ENST00000409455",0,"not",0,"not",0,"not",0,"not",0,"not",4.64050264641495,"not",2.11225411207591,"not",3.96453464398641,"not",3.45698653347893,"not"
"ENST00000259216",0,"not",7.32133708441568,"not",6.57325737595691,"not",11.4541704142507,"up",12.2019991125116,"up",7.75824346522759,"up",7.26131375184794,"up",6.02063318566606,"up",6.29405270474212,"up"
"ENST00000636471",0,"not",0,"not",19.2376466379029,"not",0,"not",0,"not",17.9452581283265,"not",14.9370667275121,"not",16.4197031767706,"not",15.6010916366127,"not"
"ENST00000392825",-1.19778652535881,"not",0.655447420144141,"not",-1.51534672649449,"not",-2.8256112847285,"not",-24.4354086317425,"down",-29.0161057631066,"down",-28.6778822753379,"down",-29.3658625995751,"down",-29.2743825609578,"down"
"ENST00000953167",0,"not",6.00846518687497,"not",0,"not",3.33418636452749,"not",0,"not",5.14820343390802,"not",4.87870749208495,"not",5.0134955316009,"not",5.40038974384275,"not"
"ENST00000873501",1.6779745435777,"not",0,"not",0,"not",0,"not",0,"not",2.44049019325551,"not",3.61678015956345,"not",3.51100834655648,"not",3.97078613178933,"not"
"ENST00000768694",0,"not",5.82711715900579,"not",0,"not",-0.0594084688367871,"not",5.53801624457525,"not",5.40399368849753,"not",7.67731188147358,"up",8.29877457884634,"up",9.07193732523892,"up"
"ENST00000477019",-3.08674344640978,"not",0.833706132174147,"not",-4.60667862501551,"not",-5.08991250970265,"not",-4.65033319271902,"not",-7.88094845347906,"not",0.432418017144385,"not",0.399345091500777,"not",2.83353958471961,"not"
"ENST00000812505",2.10140172505406,"not",0.347178070644867,"not",0.610870320822361,"not",-1.3118627995026,"not",-0.70874313439322,"not",-2.07371360950253,"not",2.25621470876838,"not",2.40366159018422,"not",4.8479112051734,"not"
"ENST00000284669",0,"not",0,"not",0,"not",0,"not",0,"not",4.45557769949474,"not",6.81494685204516,"not",7.61763627435121,"not",7.63184691249195,"not"
"ENST00000272797",0,"not",0,"not",0,"not",0,"not",19.8542402094433,"up",17.9369455918167,"up",17.9348319022538,"up",0,"not",14.7505404124929,"not"
"ENST00000715174",0,"not",0,"not",0,"not",0,"not",7.25996693400598,"not",5.18993634879074,"not",4.71068198222699,"not",0,"not",3.47191674557429,"not"
"ENST00000894515",0,"not",0,"not",0,"not",0,"not",0,"not",0,"not",6.90167846468953,"not",4.04425083088564,"not",6.05000489450687,"not"
"ENST00000446966",0,"not",0,"not",0,"not",0,"not",0,"not",6.04047244165566,"not",0,"not",4.29315309670581,"not",7.35124903243348,"not"
"ENST00000342992",0,"not",0,"not",0,"not",0,"not",9.19875580685532,"not",8.35033854656514,"not",8.98608920750679,"not",6.85655383144389,"not",4.7048004009872,"not"
"ENST00000436599",0,"not",0,"not",0,"not",0,"not",0,"not",4.96009230369706,"not",6.43799323078218,"not",3.84921020081461,"not",4.10372405863079,"not"
"ENST00000590024",3.18768571105003,"not",4.01113287010157,"not",2.10541259645394,"not",3.30327290247066,"not",5.19430782552006,"not",3.46984643212075,"not",5.68676652821428,"not",5.65013462348232,"not",6.10891515860854,"not"
"ENST00000360870",0.595007800837538,"not",2.55270173256104,"not",0.21564664540411,"not",-0.469444058568424,"not",4.47148682169969,"not",-2.88096861987352,"not",6.10405310771696,"not",6.05641997826892,"not",5.76307515903844,"not"
"ENST00000634225",0,"not",0,"not",0,"not",0,"not",0,"not",5.73951298490421,"not",8.00396372303852,"not",5.6689127538312,"not",7.03324382406269,"not"
"ENST00000343876",-3.4966193917292,"not",-0.556887660789381,"not",-2.65710748108539,"not",-1.49535196955966,"not",-1.52921741823326,"not",-1.26359407115721,"not",0.446581012566272,"not",0.462106072259932,"not",1.27345622213508,"not"
"ENST00000409284",-4.6839244272809,"not",-4.12502469741491,"not",-2.61667560752253,"not",-1.80305494986378,"not",0.576059991469782,"not",-1.04981464335462,"not",1.27590525353215,"not",1.13203700152403,"not",1.63180215560238,"not"
"ENST00000233156",-8.72583081379803,"not",-1.15730483601269,"not",-10.2457900356495,"down",-1.17460610384082,"not",2.41406028832943,"not",-1.17972389865574,"not",-1.25821649179764,"not",-2.45336975885261,"not",-2.23379628805205,"not"
"ENST00000686960",-1.18282933460402,"not",1.55383285707554,"not",-1.82550555726435,"not",-3.61983262118029,"not",-5.36821040061988,"not",-9.29807421466269,"down",-15.5717494544887,"down",-10.4207777269865,"down",-15.8808477748582,"down"
"ENST00000702947",-0.352717969351523,"not",0.679203384970693,"not",-1.85547131327474,"not",-3.69951932569374,"not",-7.32409760208734,"down",-16.2066502938583,"down",-10.9543134592605,"down",-16.271547182244,"down",-10.3906184703492,"down"
"ENST00000304636",2.8194281593865,"not",3.71981643956542,"not",-2.6823488535216,"not",-1.47577635261918,"not",5.21019374222467,"not",6.55049460752844,"up",6.13678836172077,"up",9.93978374844023,"up",10.3170804359334,"up"
"ENST00000261024",0,"not",0,"not",0,"not",10.8149065941625,"not",11.0356770171271,"not",7.42990373747002,"not",6.62581693968141,"not",6.23501744387445,"not",5.63025756056047,"not"
"ENST00000677454",5.6657046247228,"not",-1.08064687191799,"not",-3.1594970774465,"not",-2.35946042989221,"not",-1.43567018507507,"not",2.22203800130672,"not",4.19293223352415,"not",1.29911689679561,"not",1.0950491127833,"not"
"ENST00000921539",4.40938378195553,"not",3.3012905735503,"not",3.79068842490344,"not",-0.117346129198663,"not",-1.30119711301785,"not",-6.37630351644135,"not",-24.1220371561269,"down",-5.97328837111341,"not",-24.9710009712315,"down"
"ENST00000967985",0,"not",0,"not",0,"not",0,"not",0,"not",3.15451374878677,"not",3.30043539869632,"not",3.40480840827923,"not",5.93614164516619,"not"
"ENST00000852785",0,"not",0,"not",5.58154240294082,"not",6.50595007611794,"not",7.12429699211479,"not",4.42444598316204,"not",5.6706538495453,"not",1.90902835724577,"not",4.62247739985432,"not"
"ENST00000446046",0,"not",0,"not",0,"not",12.628491732516,"up",9.42236446906097,"up",5.87992254632633,"not",5.56754532838196,"not",8.74560257191733,"up",5.72783680395813,"not"
"ENST00000865089",0,"not",21.6322515096229,"up",0,"not",23.7024949671009,"up",24.5337551818695,"up",18.0860194533205,"up",18.1842656720578,"up",20.1729834206207,"up",17.4887596691362,"up"
"ENST00000477226",0,"not",7.32916259650393,"not",0,"not",0,"not",0,"not",2.81420849936989,"not",4.56273812184793,"not",3.29647126405914,"not",3.10232553427871,"not"
"ENST00000953545",0,"not",0,"not",0,"not",0,"not",0,"not",6.68636812578097,"not",3.93496682717288,"not",6.05194418362916,"not",7.25396429325605,"not"
"ENST00000404537",0,"not",0,"not",0,"not",0,"not",0,"not",7.27449409631395,"not",6.5090182204711,"not",8.46700086715964,"not",8.9209993548546,"up"
"ENST00000373876",0,"not",0,"not",0,"not",0,"not",0,"not",6.99239761409177,"not",8.2683292250452,"not",5.96022457702334,"not",6.26367869577102,"not"
"ENST00000852416",0,"not",0,"not",0,"not",0,"not",6.18014406692046,"not",6.00211803767338,"not",6.42583752749684,"not",3.30198003732669,"not",0.905215713003555,"not"
"ENST00000321276",0.658624344710579,"not",0.228196859542383,"not",-1.55718705426869,"not",-0.633994239865935,"not",2.8713631241662,"not",2.22909909509019,"not",2.84046481909329,"not",2.4333072847144,"not",2.31250112917775,"not"
"ENST00000413197",-2.02881710276138,"not",-0.212429673900906,"not",-4.25523547629921,"not",-4.6280057371311,"not",-1.90113511308293,"not",-9.37767320215083,"down",-27.7661845820823,"down",-28.5380127880959,"down",-28.432219636842,"down"
"ENST00000295550",-2.11147741026649,"not",-20.423896361351,"down",-1.13343640619987,"not",-24.1939746919702,"down",-2.65185418209039,"not",-1.61716119647545,"not",-2.41875526056762,"not",-2.61249548320221,"not",-0.108647192268905,"not"
"ENST00000264601",-2.93949346553044,"not",-0.498908926372831,"not",-3.8041700667004,"not",-2.73061212609355,"not",-3.08539947675241,"not",-27.4406642800617,"down",-27.0971198931743,"down",-27.7927042643073,"down",-27.7005343407528,"down"
"ENST00000409223",0,"not",0,"not",0,"not",0,"not",0,"not",5.64191701573309,"not",6.64162387325811,"not",6.75553818199927,"not",6.26065079324032,"not"
"ENST00000234040",-1.18259978255479,"not",0.237416541895732,"not",-3.32808845867778,"not",-2.96420022173546,"not",-2.24459683634184,"not",-8.56838811891121,"down",-29.298574710042,"down",-30,"down",-29.6918588933122,"down"
"ENST00000889445",1.68225323332557,"not",4.76973163092799,"not",0,"not",0,"not",0,"not",2.21968880422928,"not",0,"not",6.96664751531116,"not",5.27644101415425,"not"
"ENST00000380648",0,"not",0,"not",0,"not",6.07748668201102,"not",6.93169761833709,"not",6.3093906862266,"not",5.86934186000302,"not",5.4006044468748,"not",3.63094794357732,"not"
"ENST00000477287",2.55799133601033,"not",0,"not",4.84782939164761,"not",3.9787679059205,"not",6.61551116427826,"not",5.74110631325097,"not",5.28502014375293,"not",4.29463682778811,"not",4.33841463867673,"not"
"ENST00000876903",0,"not",0,"not",0,"not",0,"not",0,"not",6.55093467991659,"not",6.08302089036092,"not",6.38140763228828,"not",2.62644509436643,"not"
"ENST00000217195",-1.34375796655433,"not",-1.4509766104632,"not",-2.6354403786672,"not",-4.40087970336739,"not",-23.6107273893631,"down",-28.8283366485078,"down",-28.4539716324492,"down",-29.2146204892382,"down",-29.1162629439035,"down"
"ENST00000698795",0,"not",0,"not",0,"not",0,"not",7.57121865551504,"not",4.25875397952539,"not",4.54432159694847,"not",0,"not",4.4067071311431,"not"
"ENST00000378858",0,"not",0,"not",0,"not",0,"not",7.36642910831162,"not",4.45016820587211,"not",5.14640539946762,"not",4.32321172124835,"not",4.43764443968789,"not"
"ENST00000923518",0,"not",0,"not",0,"not",0,"not",6.93631073631556,"not",5.21838198129006,"not",5.6648847200751,"not",4.88851438979516,"not",4.05069172431855,"not"
"ENST00000698796",0,"not",4.45417313129547,"not",0,"not",0,"not",5.48469088384854,"not",3.37128561360305,"not",4.58024047078061,"not",4.42633665653967,"not",5.19468676923441,"not"
"ENST00000449299",-1.80089420201345,"not",0.831802797634283,"not",-2.86974369488672,"not",-2.73208662540401,"not",-23.3671585577088,"down",-29.0804851660277,"down",-28.675907375585,"down",-29.4633899745071,"down",-29.3859233922791,"down"
"ENST00000255006",0,"not",0,"not",0,"not",0,"not",0,"not",6.86879219728276,"not",6.47877730791796,"not",6.80572037707905,"not",7.01646308200435,"not"
"ENST00000613128",0,"not",0,"not",0,"not",0,"not",12.1639406721991,"up",9.18166713524026,"up",8.63420615597291,"up",7.49620681663072,"up",6.60279551148011,"up"
"ENST00000444366",0,"not",0,"not",0,"not",0,"not",11.0851027581357,"up",6.68651744003233,"not",6.21957020355913,"not",4.7881568137738,"not",5.13813865264087,"not"
"ENST00000246006",-4.55017007201951,"not",-3.9912699645395,"not",-6.07013232687294,"not",-0.378806656684239,"not",5.6982031140857,"not",3.32689798972537,"not",2.41639445062393,"not",1.3358370835744,"not",0.789759708832927,"not"
"ENST00000376862",0.623026047828838,"not",1.52593794275554,"not",-1.52865522188719,"not",-1.30225793319863,"not",-5.87849381770854,"not",-7.98862578811739,"not",-27.6460212608791,"down",-28.3570348692635,"down",-28.2609664074469,"down"
"ENST00000674240",0,"not",0,"not",0,"not",6.63815558413164,"not",7.48221263868042,"not",3.89625745908612,"not",2.05019715960538,"not",4.19535955214918,"not",2.70908353359071,"not"
"ENST00000621426",0,"not",0,"not",0,"not",0,"not",21.731131318707,"up",19.4122201747822,"up",19.6160523937067,"up",18.7377755716423,"up",16.6765075679309,"up"
"ENST00000328111",-1.6174373840971,"not",-1.52943161086474,"not",-4.57990646497626,"not",-5.45879439692929,"not",-6.73357729671824,"down",-21.566953983547,"down",-13.2117122055454,"down",-13.9308492013399,"down",-17.2625810458854,"down"
"ENST00000880497",-21.234789807736,"down",-20.4143865346718,"down",-0.854784875440145,"not",-24.9992227180291,"down",-24.0773480521316,"down",-1.01972589218841,"not",-0.954834028789142,"not",-2.42978450976531,"not",-0.814978383100963,"not"
"ENST00000397800",0,"not",0,"not",0,"not",0,"not",0,"not",4.96790019323506,"not",6.60824665291682,"not",5.52755784901134,"not",7.21726979569411,"not"
"ENST00000931655",0,"not",20.6475078771202,"up",0,"not",0,"not",0,"not",0,"not",18.9229885770604,"up",17.7797752218238,"up",17.5711011949906,"up"
"ENST00000373941",0,"not",7.00859857747973,"not",0,"not",0,"not",0,"not",3.72523162747346,"not",4.34622721458887,"not",4.87430885540356,"not",4.26095500014401,"not"
"ENST00000448944",0,"not",0,"not",0,"not",4.80105093815171,"not",5.74045910874151,"not",4.62173259704452,"not",4.23662425546123,"not",6.7188682302599,"not",5.09537153940482,"not"
"ENST00000396863",-1.29398623777871,"not",0.326661980409689,"not",-5.14137270037912,"not",-2.16449750532151,"not",-3.56641166721336,"not",-7.38267497939094,"down",-15.7194351785122,"down",-15.9757845549803,"down",-16.0285332267129,"down"
"ENST00000316673",0,"not",0,"not",0,"not",0,"not",19.3937946399008,"not",14.9492615619568,"not",13.7698034713607,"not",0,"not",17.1772718843434,"not"
"ENST00000800895",-3.55480947492813,"not",-1.14672853917999,"not",-2.17137825964125,"not",-4.74530503162356,"not",-8.31783296066829,"down",-10.140737523073,"down",-15.2072659885779,"down",-15.4636154651555,"down",-15.5163641574875,"down"
"ENST00000396009",0,"not",0,"not",6.02492998240464,"not",0,"not",0,"not",0,"not",5.86296538105211,"not",4.64429444031542,"not",6.78997401840226,"not"
"ENST00000371025",0,"not",0,"not",0,"not",0,"not",0,"not",0,"not",5.79070163988176,"not",4.16212703437205,"not",5.43672356392706,"not"
"ENST00000492611",0,"not",0,"not",0,"not",0,"not",0,"not",3.91112661246912,"not",2.30043815555161,"not",4.57958435067081,"not",4.4872165980319,"not"
"ENST00000252997",0,"not",0,"not",6.36532196700812,"not",7.3945684403319,"not",9.18497816661578,"up",7.05900033373508,"up",7.26923555631861,"up",6.60671075356931,"up",6.92707598083503,"up"
"ENST00000583223",0,"not",0,"not",0,"not",0,"not",5.08707023879271,"not",4.18687242075458,"not",5.16139799377332,"not",3.98363149957527,"not",5.1026286333775,"not"
"ENST00000657710",0,"not",0,"not",0.960726211396832,"not",0,"not",0,"not",4.52868500250673,"not",5.36352223282942,"not",4.5411182653887,"not",4.89338115405424,"not"
"ENST00000670980",0,"not",0,"not",0,"not",0,"not",0,"not",3.32682884679466,"not",5.05423865542563,"not",3.36148670046343,"not",4.41063191721128,"not"
"ENST00000667313",1.23025163735956,"not",1.04996395424623,"not",-1.26399777862649,"not",-3.14896231400036,"not",0.72179002106124,"not",1.13396074777933,"not",3.91202052790268,"not",2.89672610622985,"not",4.03581029323027,"not"
"ENST00000262354",-3.94198888872723,"not",-2.29061930672275,"not",-4.75058235157309,"not",-5.46827170142467,"not",-7.64735138018097,"not",-29.0295356605169,"down",-28.7721846002089,"down",-29.30878506245,"down",-29.2298219888545,"down"
"ENST00000952488",0,"not",0,"not",0,"not",0,"not",0,"not",0,"not",5.66129606364382,"not",4.51010544047558,"not",1.657821658679,"not"
"ENST00000381132",0,"not",0,"not",0,"not",0,"not",0,"not",2.34051012337372,"not",5.8745157570356,"not",4.38127047220035,"not",4.48644705095442,"not"
"ENST00000431390",-1.48676586775131,"not",0.0612597151372687,"not",-2.82278061512737,"not",-3.31002692270978,"not",-4.67275656776161,"not",-9.73387416603146,"down",-28.4114792536705,"down",-30,"down",-9.68227703628275,"down"
"ENST00000329618",-1.42254930627581,"not",-0.236832549024382,"not",-3.48889043444943,"not",-3.63882053712726,"not",-9.17987469090574,"down",-8.35307326656626,"down",-15.0063884161286,"down",-15.2627379769762,"down",-10.1079982100523,"down"
"ENST00000960762",1.97007575307028,"not",0.826065742148526,"not",-3.06791501045239,"not",-5.11038923661638,"not",-3.11097787171745,"not",-26.8297120680397,"down",-26.4604246353774,"down",-27.2136047701219,"down",-27.1132835060653,"down"
"ENST00000695527",0.634495785608514,"not",-0.192835871858006,"not",-1.01393153060677,"not",-0.621228876062233,"not",-22.204451321592,"down",-4.99554924567369,"not",-27.773189993434,"down",-28.6793768229168,"down",-28.5829310864926,"down"
"ENST00000669476",-21.9983907276324,"not",-21.1630470894312,"not",-23.7733916937834,"not",-24.3838620823601,"not",-23.8575647053582,"not",-3.70408322019802,"not",-3.93116939758528,"not",-3.28190851042063,"not",-5.74480504878402,"not"
"ENST00000787726",0,"not",0,"not",2.95710299125271,"not",3.8896407832238,"not",7.77038984539911,"not",4.83420750878394,"not",3.95695401439912,"not",4.33269631872902,"not",3.94586341332818,"not"
"ENST00000438754",0,"not",0,"not",0,"not",6.52585173457253,"not",0,"not",0,"not",3.90161846271356,"not",5.45145705593378,"not",5.73496654065437,"not"
"ENST00000455843",-6.24732177879884,"not",-2.24414035938545,"not",-7.76727740697722,"not",-2.81790159723308,"not",-0.835020186512013,"not",-0.478368966048893,"not",-0.499880413086466,"not",1.13067742656069,"not",1.00891908597054,"not"
"ENST00000383045",0,"not",18.8848005402744,"up",18.3536594931345,"up",0,"not",0,"not",15.6801625887478,"up",17.2692487935882,"up",16.2092111961517,"up",16.3225479071852,"up"
"ENST00000649276",0,"not",0,"not",0,"not",15.4384023804875,"not",19.6474206772381,"up",17.9946103699469,"up",18.2489202575914,"up",16.1689344465234,"up",15.2407304533359,"up"
"ENST00000407587",0,"not",0,"not",0,"not",0,"not",0,"not",0,"not",5.65696788515954,"not",8.58581352416021,"not",3.59630381931399,"not"
"ENST00000418374",0,"not",0,"not",0,"not",0,"not",0,"not",5.82639912899307,"not",4.88386192288805,"not",6.93702999490826,"not",4.49951713380747,"not"
"ENST00000852342",0,"not",0,"not",0,"not",0,"not",0,"not",6.69747215542432,"not",0,"not",7.31165521326978,"not",7.34460872570777,"not"
"ENST00000402369",-1.19392614434214,"not",-0.19345301564312,"not",-1.08785503245988,"not",-0.0956004034873276,"not",-1.84119420599749,"not",-5.92489815271084,"not",-27.4026366913936,"down",-28.4258684433575,"down",-28.1521751948768,"down"
"ENST00000407817",0.966128133472629,"not",3.99534202822863,"not",0.474711644363836,"not",-0.173947489765821,"not",-0.243261189275932,"not",-25.8948441345147,"down",-25.6088597372598,"down",-26.199281781629,"down",-26.1190204058152,"down"
"ENST00000486651",0,"not",0,"not",0,"not",0,"not",7.05152115306735,"not",4.32455570538608,"not",4.57085692694573,"not",0,"not",4.2750575208192,"not"
"ENST00000359787",0,"not",0,"not",0,"not",0,"not",0,"not",-0.240926740914701,"not",0.487078450975145,"not",6.14882303393871,"not",5.590051528071,"not"
"ENST00000402042",-0.906543493364934,"not",-0.449685256641084,"not",-3.50186050296673,"not",-5.93583742390564,"not",-12.9747359765314,"down",-16.2053837930085,"down",-16.0139326711054,"down",-16.2702802141241,"down",-16.3230285085903,"down"
"ENST00000394449",0,"not",0,"not",0,"not",0,"not",6.86602207765704,"not",3.58529886078032,"not",4.73196366393222,"not",0,"not",4.8699308293669,"not"
"ENST00000930912",-1.40680182101062,"not",-1.91373964145535,"not",-2.09599390827513,"not",-3.82456871117458,"not",-25.5729551105393,"down",-29.6602250564526,"down",-29.3727227832215,"down",-30,"down",-11.6544123148543,"not"
"ENST00000890232",0,"not",20.5014086430116,"up",20.2894459048101,"up",20.5139028574421,"up",23.1039346639672,"up",19.0757290779939,"up",18.3416641546452,"up",19.650463374353,"up",18.8286512973635,"up"
"ENST00000664402",0,"not",6.92521575287278,"not",0,"not",0,"not",0,"not",0,"not",2.44482353278879,"not",6.51409771185946,"not",4.51026460299885,"not"
"ENST00000693754",1.31374890026314,"not",1.02930492392357,"not",-1.68182936334961,"not",0.261110784370624,"not",-5.64752509419056,"not",-26.3490458771637,"down",-25.9606479939091,"down",-7.8569812959453,"not",-26.6403844303852,"down"
"ENST00000419585",-1.16909590033185,"not",-0.253514600268774,"not",-2.74504804509924,"not",-4.06964794837344,"not",-4.04183157380567,"not",-30,"down",-29.7939043989642,"down",-30,"down",-30,"down"
"ENST00000916956",-20.5281350223292,"down",-2.3928264130356,"not",2.03846208523651,"not",-23.4892498780582,"down",-5.94562607836488,"not",-2.77355157033078,"not",-2.42994163071554,"not",-0.411105260390068,"not",0.236831321522419,"not"
"ENST00000330688",0,"not",0,"not",0,"not",0,"not",11.1816819896165,"up",7.9274861414598,"up",7.73063155556854,"up",7.20047236485502,"up",6.83264626697622,"not"
"ENST00000434693",0,"not",0,"not",4.33275518116502,"not",0,"not",5.13666286750095,"not",5.98353189812588,"not",5.68788290636753,"not",6.48391409281855,"not",6.85772860519274,"not"
"ENST00000874346",0,"not",0,"not",0,"not",0,"not",0,"not",0,"not",6.55420104291466,"not",3.15739732613139,"not",4.55103027038591,"not"
"ENST00000874345",-4.92405249805396,"not",-4.36516234668813,"not",-6.4439876766597,"not",-6.92722156134683,"not",-6.4876422443632,"not",-9.71825750512325,"not",0.871722840565767,"not",-2.06447806435488,"not",-0.0393579391814943,"not"
"ENST00000383767",0,"not",0,"not",0,"not",0,"not",0,"not",6.32929322776874,"not",5.15744419791355,"not",5.32185772188441,"not",6.35568831223769,"not"
"ENST00000383766",0,"not",0,"not",0,"not",0,"not",0,"not",0,"not",4.2661290919759,"not",1.69437346150037,"not",5.09567114870598,"not"
"ENST00000421391",0,"not",19.2376616871922,"not",0,"not",13.204131677073,"not",0,"not",15.0439443377442,"not",15.1904890890316,"not",13.3147619120518,"not",14.6109363210146,"not"
"ENST00000437131",0,"not",0,"not",5.93735762103827,"not",0,"not",0,"not",6.05486807654552,"not",6.06628287151645,"not",1.18040018900482,"not",5.06296267740569,"not"
"ENST00000340369",-1.8861582838343,"not",-1.32725849650725,"not",-3.40611966801262,"not",-3.88936188425286,"not",5.92480947944074,"not",5.5353245224938,"not",6.50566176771454,"up",6.21078396928372,"not",5.80471733309466,"not"
"ENST00000917497",3.57012046583493,"not",-0.571947033877603,"not",-2.65078160459845,"not",-3.13401763734638,"not",-0.877564819500412,"not",-1.26089697550742,"not",4.50199114601496,"not",3.52079587625198,"not",-2.43013191032147,"not"
"ENST00000326047",-0.282254304555567,"not",0.519310719205905,"not",-2.8739880680386,"not",-1.95911036109593,"not",-1.73869430593646,"not",-6.85516484964427,"not",-29.5876936659251,"down",-30,"down",-29.9940661357375,"down"
"ENST00000917495",0,"not",17.1597749308179,"up",20.1290519759117,"up",11.786355329162,"not",0,"not",16.3311887273148,"up",15.2908885349201,"up",17.0025684189961,"up",17.4031651016627,"up"
"ENST00000938308",-1.04788705250968,"not",0.805445344795389,"not",-1.49244386894283,"not",-4.33788540948088,"not",-16.9297968076382,"down",-20.1604597964534,"down",-19.9690077754238,"down",-20.2253565223471,"down",-20.2781050645391,"down"
"ENST00000493282",-1.30192786650136,"not",0.808071058737609,"not",-1.0526372511707,"not",-4.85111608886198,"not",-12.842833793354,"down",-16.0735054197666,"down",-15.8820528868651,"down",-16.13840231917,"down",-13.504171204535,"down"
"ENST00000296145",1.54280562353427,"not",-0.592232969021677,"not",-1.97962602901226,"not",-1.11324461623674,"not",-14.2795023165038,"down",-17.5101721746852,"down",-17.3187197465707,"down",-17.5750690385689,"down",-9.35264122193444,"down"
"ENST00000653454",0,"not",0,"not",0,"not",0,"not",0,"not",3.68340631545451,"not",6.21577553450478,"not",6.16572744708116,"not",5.35368993832339,"not"
"ENST00000957833",5.54070256076643,"not",7.04970710564644,"not",1.54048064567692,"not",0,"not",4.9723584148179,"not",4.89354206027794,"not",7.17134634965092,"not",7.50702602520163,"not",8.10646733583078,"not"
"ENST00000877132",0,"not",0,"not",0,"not",0,"not",0,"not",2.42431346211804,"not",6.93298731002447,"not",3.68353628268086,"not",7.4097658070649,"not"
"ENST00000292327",0,"not",0,"not",4.84658887122415,"not",2.4330522593703,"not",2.47393282234108,"not",8.54841677932179,"up",8.34538704824393,"up",10.0895143586803,"up",9.04618010298425,"up"
"ENST00000395869",0,"not",0,"not",0,"not",2.96386373741617,"not",3.66057892864949,"not",8.17414416797237,"up",8.11255155089581,"up",9.08638723875873,"up",9.13495456814228,"up"
"ENST00000655244",3.13319812195008,"not",5.83459830979184,"not",0,"not",4.28784149307252,"not",0,"not",4.31868685698002,"not",5.47859320651665,"not",6.44500640400828,"not",6.25895741344782,"not"
"ENST00000427125",7.51633897810308,"not",7.60778215387033,"not",6.50745365075336,"not",0,"not",0,"not",5.13968383311881,"not",7.11104026580573,"not",6.3076864793746,"not",6.59616756583848,"not"
"ENST00000884814",13.5861406328519,"up",0,"not",11.011485455431,"not",12.0388802472784,"up",22.1504620146122,"up",18.3010854571793,"up",10.3434287805693,"up",18.7643206746841,"up",10.5521598219111,"up"
"ENST00000676712",-23.5556773522868,"down",-22.9020600088878,"down",-25.9321506552231,"down",-1.23055317026051,"not",1.04034047825545,"not",-2.2723813721495,"not",-4.7829363188165,"not",-3.51623779955128,"not",-5.48116191460419,"not"
"ENST00000331456",-0.373460486096468,"not",0.554412032065104,"not",-1.96077825584002,"not",-2.15619189915,"not",-2.73860465686684,"not",-12.4987033368289,"down",-28.1761590965434,"down",-28.7254017558153,"down",-28.5351252485964,"down"
"ENST00000614032",0,"not",0,"not",0,"not",0,"not",20.1949066402828,"up",17.0809129528769,"up",16.7697204897807,"up",17.4468608414688,"up",0,"not"
"ENST00000616701",0,"not",0,"not",0,"not",0,"not",0,"not",1.82159358907738,"not",2.23093474042338,"not",2.58841107508684,"not",5.49717031316005,"not"
"ENST00000636880",0,"not",0,"not",0,"not",0,"not",0,"not",0,"not",5.86003223324431,"not",4.0744252514356,"not",2.34421677499132,"not"
"ENST00000232975",0,"not",0,"not",0,"not",6.89252189977027,"not",0,"not",9.71344852796138,"up",9.11392620599913,"up",9.19031401715619,"up",8.79174319594505,"not"
"ENST00000954170",0,"not",0,"not",0,"not",0,"not",0,"not",5.9048934534896,"not",4.53636863645142,"not",2.81381961989516,"not",2.63418312745003,"not"
"ENST00000583516",-0.846779543393411,"not",-0.386261410701648,"not",-4.87345069160965,"not",-5.94112898185419,"not",-27.5104034207667,"down",-30,"down",-29.7995534728925,"down",-30,"down",-30,"down"
"ENST00000867985",0,"not",0,"not",0,"not",0,"not",0,"not",6.40028004714393,"not",6.17129918768898,"not",4.60383193097512,"not",4.21256157502987,"not"
"ENST00000487097",0,"not",0,"not",0,"not",5.15218948028647,"not",8.82186106736977,"up",5.39015211054875,"not",5.27978158504401,"not",3.14905062102528,"not",1.18185128870979,"not"
"ENST00000295903",0,"not",5.66824205531385,"not",1.96766169349153,"not",6.53117762749006,"not",8.61101088032539,"up",4.94261547310423,"not",6.26185693480849,"up",5.91471201212842,"not",5.35218885293034,"not"
"ENST00000475557",0,"not",0,"not",0.959388781353505,"not",0,"not",11.6480427263814,"up",3.14348040807562,"not",2.48126611567022,"not",1.47846423290566,"not",7.24522648047373,"not"
"ENST00000352241",0,"not",0,"not",0,"not",0,"not",0,"not",0,"not",5.52584848218696,"not",6.60199599535791,"not",6.28577373714555,"not"
"ENST00000461511",-2.75354709506188,"not",-2.19465393993308,"not",-4.27349044258059,"not",0.529650456757641,"not",-4.31714524490618,"not",-1.30076102077285,"not",2.07925863539389,"not",1.28648484532595,"not",3.45084538571019,"not"
"ENST00000642352",0,"not",0,"not",0,"not",0,"not",0,"not",0,"not",6.1725650082392,"not",8.15591301819128,"not",6.85215322091577,"not"
"ENST00000479530",0,"not",5.09601476704557,"not",4.84577509112477,"not",3.9898190126266,"not",0,"not",1.62690363925174,"not",6.20375375441912,"not",4.77649635921757,"not",5.01843789138835,"not"
"ENST00000495679",1.12936490946864,"not",-0.972884911009278,"not",-2.88582965320143,"not",-5.57778128299468,"not",-11.1834262742228,"down",-9.74268367171324,"down",-14.2226430004048,"down",-14.4789922330323,"down",-14.531740875167,"down"
"ENST00000878043",-14.7761222616797,"down",-13.8473173055411,"down",-17.930634416787,"down",8.62081948709895,"not",9.53791519145313,"up",4.79243157020758,"not",4.780319973901,"not",5.21460730768647,"not",4.63911100738991,"not"
"ENST00000393923",0,"not",0,"not",0,"not",20.4047445403027,"up",21.6253732122869,"up",16.4100032588579,"up",14.5596172917823,"up",16.187261723109,"up",14.9050462400082,"up"
"ENST00000793799",-2.78402678681205,"not",-2.03268100790493,"not",-4.808503395616,"not",-8.39482252586867,"not",-10.1534623182935,"down",-17.5708573381889,"down",-17.3794052806339,"down",-17.6357540764636,"down",-17.688502628719,"down"
"ENST00000793787",-2.82994077485412,"not",-1.30863489332533,"not",-4.29266589497512,"not",-7.80150936234542,"down",-10.3572696577284,"down",-13.5886926134312,"down",-13.8093851615566,"down",-13.3356883901206,"down",-12.8748722757366,"down"
"ENST00000909638",0,"not",0,"not",0,"not",0,"not",8.95381709786196,"not",6.5865579987737,"not",6.17374970637622,"not",4.2229619767258,"not",4.62148480971706,"not"
"ENST00000928196",0,"not",14.990660640664,"not",0,"not",0,"not",18.6127023504332,"not",14.5781998888737,"not",16.0686771321885,"not",0,"not",13.9648312131686,"not"
"ENST00000909647",0,"not",14.2913980556443,"not",0,"not",0,"not",19.3606726941753,"not",14.4463515190556,"not",16.6486672607479,"not",0,"not",13.0694297788812,"not"
"ENST00000393775",0,"not",0,"not",4.69249636740029,"not",0,"not",7.46609728771235,"not",4.40666005958574,"not",6.09922181029613,"not",3.64053924872698,"not",3.77350973624206,"not"
"ENST00000264231",0,"not",0,"not",0,"not",0,"not",0,"not",6.48319671487823,"not",6.98195367441645,"not",7.56977736420015,"not",7.4844788479478,"not"
"ENST00000968420",4.35068203120623,"not",2.89772968852705,"not",0,"not",1.11882978769739,"not",0,"not",3.01841710989171,"not",5.09673431560624,"not",4.68770817416399,"not",5.18566731672102,"not"
"ENST00000930514",2.93874806711065,"not",3.23598261968103,"not",2.66716284986342,"not",-2.53768369517253,"not",-19.0388601750081,"down",-24.6122581276152,"down",-24.1688194164146,"down",-25.1037282834176,"down",-24.9654942376101,"down"
"ENST00000930199",0,"not",0,"not",0,"not",0,"not",0,"not",4.64478333775693,"not",-2.99285157978455,"not",3.42375866593862,"not",4.56998352331513,"not"
"ENST00000937923",-2.77878055852788,"not",-0.268554036375163,"not",-1.34664213971692,"not",-3.38384359155481,"not",-23.4498685816648,"down",-27.2391152587185,"down",-27.0591898209794,"down",-27.3487599422605,"down",-27.3592555025643,"down"
"ENST00000502783",2.38001036421074,"not",4.20354088054931,"not",-0.0672086535987988,"not",-0.265336643611146,"not",-1.50494985560165,"not",-8.46558017827445,"not",-26.0631949755671,"down",-9.89760659433517,"not",-26.6783993639774,"down"
"ENST00000480704",0,"not",0,"not",0,"not",7.05183199122175,"not",9.1762279606058,"not",6.65604734959282,"not",6.53129520223438,"not",6.48228796732244,"not",4.30463705766388,"not"
"ENST00000703520",0,"not",0,"not",1.25663952266983,"not",0,"not",0,"not",5.43777806273307,"not",3.47454470110946,"not",6.06579086598213,"not",4.85618932929714,"not"
"ENST00000703519",0,"not",0,"not",0,"not",0,"not",5.44284909634173,"not",4.6670819009246,"not",3.36850898685475,"not",0.272689302244295,"not",4.01730378264113,"not"
"ENST00000482804",0,"not",0,"not",0,"not",0,"not",0,"not",4.40697379004711,"not",6.23042695606756,"not",6.87723874650573,"not",5.83609407017893,"not"
"ENST00000350481",0,"not",0,"not",0,"not",0,"not",0,"not",4.95742861500176,"not",0,"not",7.39791915093637,"not",6.08934028972933,"not"
"ENST00000330394",0.431385665695537,"not",1.25838872818944,"not",4.63601133037406,"up",5.91758098765639,"up",5.5713857503379,"up",3.12058226238112,"up",3.28206273639091,"up",3.14317647701959,"up",2.91549857440553,"not"
"ENST00000716397",0,"not",0,"not",5.79602190032583,"not",0,"not",1.95575424723194,"not",4.4371280431759,"not",6.75943630236053,"not",4.57592485397188,"not",4.51559945337532,"not"
"ENST00000424227",0,"not",0,"not",3.26208116606861,"not",0,"not",0,"not",0.756759508832213,"not",0,"not",3.88767201110734,"not",6.57448941931552,"not"
"ENST00000265026",-6.81847297089101,"not",-6.25957757626921,"not",-8.33842240884482,"not",-8.82166082701488,"not",-8.38207738609585,"not",-2.13097748010089,"not",-0.910024604530822,"not",-3.68029890214389,"not",-2.06716138190324,"not"
"ENST00000337774",-2.11703391536277,"not",-5.2515331827014,"not",-7.33039557299721,"not",-7.81363807255169,"not",-0.131333984732282,"not",-0.61068582197697,"not",0.804143630296313,"not",-0.17553938044226,"not",0.0966391085896827,"not"
"ENST00000296280",0,"not",0,"not",0,"not",0,"not",0,"not",5.94848360891374,"not",6.35861764723622,"not",7.14150632435177,"not",5.96831868424026,"not"
"ENST00000392472",0,"not",0,"not",0,"not",0,"not",0,"not",6.03307568443252,"not",5.64212866928965,"not",3.38069231739326,"not",5.61905476269268,"not"
"ENST00000169293",0,"not",0,"not",0,"not",0,"not",0,"not",5.65713533320948,"not",3.91872772209765,"not",5.91859712785726,"not",4.33127528594525,"not"
"ENST00000287641",0,"not",0,"not",0,"not",0,"not",0,"not",2.58143673885994,"not",4.42638711725319,"not",5.38241313828267,"not",6.01714441818376,"not"
"ENST00000863911",0,"not",0,"not",0,"not",0,"not",0,"not",4.40618006430296,"not",4.59004727365036,"not",5.35101024493828,"not",5.03329378620599,"not"
"ENST00000672887",-2.764249027215,"not",-2.2053560592161,"not",-4.28419186582277,"not",-4.76742818585885,"not",4.33893894462953,"not",4.08855321551758,"not",2.35352388384445,"not",1.02383793166792,"not",2.26155207372034,"not"
"ENST00000863913",0,"not",0,"not",0,"not",0,"not",0,"not",4.23727410690839,"not",0,"not",4.08920243569319,"not",4.82117912507467,"not"
"ENST00000673038",-23.4197374086132,"down",6.02604934511885,"not",-18.7582030982881,"down",-20.1496786363934,"down",-18.8946107426911,"down",-1.08516451717275,"not",1.80430214893939,"not",1.71859100549321,"not",1.59471368236915,"not"
"ENST00000428187",0,"not",20.8545059775956,"up",0,"not",0,"not",0,"not",14.6647721631057,"not",15.5490042954657,"up",15.3819296699548,"up",17.0908146074176,"up"
"ENST00000683351",15.9291866641744,"up",0,"not",10.7509190643993,"not",21.2400103679692,"up",21.1176059493905,"up",17.653551635198,"up",17.8972114760401,"up",18.8173696845319,"up",18.7149298569364,"up"
"ENST00000319098",3.68811429483765,"not",2.9488320291419,"not",2.95513729024605,"not",0.192799815036136,"not",4.66566956832283,"not",5.15479011284637,"not",5.59886105674016,"not",4.61253178219727,"not",3.86371279899368,"not"
"ENST00000382395",-20.3932216724408,"down",-2.73189731711006,"not",-2.25695785274176,"not",-23.7578473875964,"down",-23.020000230923,"down",-2.82107899292856,"not",-1.04151387976216,"not",-1.33576085624728,"not",-1.35076634164133,"not"
"ENST00000503823",0,"not",0,"not",0,"not",0,"not",0,"not",4.14731445224401,"not",8.79037971502513,"not",4.86437061820077,"not",5.20656495535527,"not"
"ENST00000264866",0,"not",0,"not",0,"not",0,"not",2.61574610150501,"not",5.10598157780675,"not",4.33773834749654,"not",4.90899133362638,"not",4.97428297806042,"not"
"ENST00000695919",0,"not",0,"not",15.6637484029414,"up",18.7262965434071,"up",22.3942683332547,"up",19.7796736225663,"up",20.4369372484816,"up",19.8194653517699,"up",19.0362363624731,"up"
"ENST00000511884",0,"not",0,"not",7.09736596497788,"not",7.1472415750217,"not",10.9436656659836,"up",8.48428063438525,"not",8.54395535840278,"not",7.50768353640497,"not",7.42970193901486,"not"
"ENST00000855844",0,"not",19.4244184469096,"not",0,"not",0,"not",0,"not",17.1508843899305,"not",16.7947689197902,"not",16.6716865645885,"not",15.879071757365,"not"
"ENST00000504360",-2.6441471717215,"not",-0.317653969831712,"not",-7.80866583943854,"not",-5.77813874131029,"not",-9.96642473141668,"not",-10.9555865522904,"down",-29.3982801763381,"down",-15.1709375008938,"down",-30,"down"
"ENST00000610355",-2.38835222685114,"not",-4.2036889105269,"not",-6.2825457752108,"not",-6.76578699030773,"not",-6.32620100513167,"not",-9.55686527266562,"not",0.661575989745233,"not",0.989289691827909,"not",0.594288495201665,"not"
"ENST00000961988",0,"not",0,"not",0,"not",0,"not",0,"not",0,"not",4.8179498147993,"not",6.57196721696792,"not",5.97230421177712,"not"
"ENST00000891634",0,"not",0,"not",0,"not",0,"not",0,"not",0,"not",5.37798117444515,"not",6.17187760486685,"not",5.49546893488454,"not"
"ENST00000891633",0,"not",0,"not",0,"not",0,"not",0,"not",0,"not",5.29574176560633,"not",6.98639618023614,"not",5.37584434252151,"not"
"ENST00000961982",0,"not",0,"not",0,"not",0,"not",3.66866672529995,"not",2.36745740384057,"not",5.00459786891118,"not",6.6010498415408,"not",5.83401591039269,"not"
"ENST00000961992",0,"not",0,"not",0,"not",0,"not",0,"not",0.972422552235177,"not",4.78894099421724,"not",6.16831976195756,"not",5.9965712735961,"not"
"ENST00000961990",0,"not",0,"not",0,"not",0,"not",0,"not",-0.603426365358364,"not",4.59943020191043,"not",3.90014074632387,"not",6.6328302820846,"not"
"ENST00000891635",0,"not",0,"not",0,"not",0,"not",0,"not",-1.0420653750361,"not",2.14006196660157,"not",4.31980711357079,"not",5.00796140534613,"not"
"ENST00000891636",0,"not",0,"not",0,"not",0,"not",0,"not",0,"not",4.48297519135587,"not",3.80666819478611,"not",4.58364603642341,"not"
"ENST00000504584",0,"not",0,"not",0,"not",4.61342981246926,"not",0,"not",5.96141643210758,"not",5.41929544090673,"not",6.18839321143068,"not",5.0920524772485,"not"
"ENST00000793970",0,"not",0,"not",0,"not",0,"not",1.46061369502575,"not",5.19256974892346,"not",5.33476712861942,"not",3.00161195163223,"not",3.97034059405936,"not"
"ENST00000288135",-2.97729657204719,"not",-0.054779668663398,"not",-2.03447917296211,"not",-1.96723210692229,"not",-5.06785675944397,"not",-7.03142579284044,"down",-28.8432210918533,"down",-29.4446863342508,"down",-29.3982451478206,"down"
"ENST00000295666",0,"not",0,"not",0,"not",0,"not",0,"not",5.88477454708139,"not",6.42267756215137,"not",6.87961940450845,"not",7.59971935122333,"not"
"ENST00000514062",-4.06192944351345,"not",1.61062296574679,"not",-0.523445999046027,"not",-6.06513242507169,"not",2.00310305832763,"not",1.84277322598094,"not",-0.296094220940568,"not",2.14923896193451,"not",1.71101313315065,"not"
"ENST00000381210",0,"not",0,"not",0,"not",0,"not",0,"not",0,"not",0.305344650242696,"not",5.88887365135685,"not",5.78018796594555,"not"
"ENST00000904220",0,"not",0,"not",0,"not",0,"not",0,"not",0,"not",-1.01602171096963,"not",6.082175815752,"not",6.16401240954067,"not"
"ENST00000395792",3.39241760938444,"not",0.400009671050629,"not",-2.72213166789266,"not",-20.0168069857036,"down",2.98549312914759,"not",2.09984107193296,"not",2.75894079598514,"not",10.1924986355831,"up",8.11355348541485,"not"
"ENST00000514279",-5.23297773953503,"not",-4.67408758816919,"not",-6.75291291814076,"not",-7.23614680282789,"not",-3.92170382643396,"not",-7.23162898567725,"not",-4.84277664640523,"not",0.760712081015364,"not",0.301821868007148,"not"
"ENST00000380837",0,"not",0,"not",0,"not",5.61021411483085,"not",8.15774719342784,"not",4.38895492683487,"not",3.84675437367726,"not",2.80369965611002,"not",0,"not"
"ENST00000312465",0,"not",0,"not",0,"not",2.57842269472555,"not",7.4320599778619,"not",3.88067882333205,"not",3.9509815966411,"not",3.88575280152686,"not",2.79589022727516,"not"
"ENST00000508591",0,"not",2.08298419881363,"not",0,"not",5.25022731242776,"not",0,"not",4.55880406043412,"not",5.37483870659881,"not",4.90268852549624,"not",3.80726816755137,"not"
"ENST00000508280",-0.431114171409985,"not",2.07227063247507,"not",-0.155617522405159,"not",-1.96667583502705,"not",-22.4537376725705,"down",-25.617569159882,"down",-25.4154614614516,"down",-25.7795847309092,"down",-25.7623265304696,"down"
"ENST00000502971",0,"not",0,"not",0,"not",16.5204270748086,"not",19.3830464972551,"not",15.6564807632873,"not",14.6749170903491,"not",0,"not",16.4722006677858,"not"
"ENST00000851358",0,"not",0,"not",0,"not",0,"not",0,"not",3.60647987959069,"not",0,"not",3.00322971265105,"not",4.92950119474496,"not"
"ENST00000829524",-1.51319626387414,"not",1.42185986032562,"not",-3.39439687613759,"not",-5.9228139407492,"down",-8.16287201341121,"down",-14.8043322841939,"down",-16.1236138047587,"down",-13.8264745123013,"down",-12.088086105479,"down"
"ENST00000950982",0,"not",0,"not",0,"not",0,"not",19.4056053774238,"not",13.9629363438157,"not",17.4424417057469,"not",17.0084466671999,"not",0,"not"
"ENST00000612706",-3.92838455405535,"not",-3.36949440268952,"not",-5.44831973266108,"not",-5.93155361734822,"not",-5.49197430036459,"not",-0.0798229648973918,"not",-3.59456817190137,"not",0.596453770541949,"not",0.90004508226478,"not"
"ENST00000394980",0,"not",5.83069536708341,"not",0,"not",3.59733996354245,"not",7.04882476180105,"not",5.85767575254175,"not",5.7985050131788,"not",4.97542456732753,"not",3.94708245153107,"not"
"ENST00000394931",0,"not",0,"not",0,"not",0,"not",9.41095871457296,"not",4.88450027719877,"not",2.26181676299438,"not",2.1792539976497,"not",4.21857009584648,"not"
"ENST00000273990",-23.6144889592183,"down",-1.96661992213803,"not",-26.438084030838,"down",-2.99183329182224,"not",1.13843779488498,"not",-1.72083697140699,"not",-2.25510395880268,"not",-2.91823898518084,"not",-4.43740099579336,"not"
"ENST00000296420",0,"not",5.07439671161222,"not",0,"not",0.182574833749511,"not",7.56557982712312,"not",5.92713775853003,"not",5.25513701364132,"not",4.58006586310725,"not",4.76613396523049,"not"
"ENST00000933324",2.24002855606151,"not",2.68148250399959,"not",-0.453798198216792,"not",3.19444963159748,"not",-19.9758081516875,"down",-24.4765674663225,"down",-24.1744992665124,"down",-24.7419325616891,"down",-24.6980546771331,"down"
"ENST00000394767",0,"not",0,"not",0,"not",0,"not",19.3996379136813,"up",18.7155597631491,"up",18.0324767379737,"up",15.2605460336681,"up",16.2477900067079,"up"
"ENST00000950395",0,"not",0,"not",21.1036622679754,"up",0,"not",0,"not",11.6835533951545,"not",19.0226523665703,"up",17.9486921671537,"up",17.8556158011571,"up"
"ENST00000379987",0,"not",0,"not",0,"not",0,"not",0,"not",4.42973065911078,"not",0,"not",6.41688399964058,"not",7.83803477121424,"not"
"ENST00000505215",-0.0547879511234401,"not",1.07423100401468,"not",-2.15378628944435,"not",-1.98526331384326,"not",-6.83843055767137,"down",-11.8678410731422,"down",-13.8137934983833,"down",-15.8148896176453,"down",-14.4690231730446,"down"
"ENST00000509938",-0.354143818495023,"not",0.846063586902418,"not",-3.43514075448723,"not",-3.44491444934227,"not",-7.91767890079191,"down",-12.2171300827661,"down",-15.823393799196,"down",-17.5336063250627,"down",-17.586355082526,"down"
"ENST00000731552",1.08302491492282,"not",1.36563311244102,"not",-1.86451950067974,"not",-1.89681529824458,"not",-5.76566560242717,"down",-10.7193706634904,"down",-13.1241115421153,"down",-13.0158215940051,"down",-16.9042069920913,"down"
"ENST00000731550",-0.24688034831391,"not",0.183602335103932,"not",-3.15444969061546,"not",-3.67650357251339,"not",-6.24733322793155,"down",-13.8345557132885,"down",-13.6431029318714,"down",-13.8994526969317,"down",-13.9522014486244,"down"
"ENST00000691790",0.942999520790812,"not",1.57838059801261,"not",-1.63111730476679,"not",-1.08943483985159,"not",-5.67710468187782,"down",-9.57143595621276,"down",-9.8385360810006,"down",-15.0001164699807,"down",-13.687188831346,"down"
"ENST00000731551",1.18728175882685,"not",1.42165202436062,"not",-1.51399116082852,"not",-1.2042077235965,"not",-7.30090387022035,"down",-13.4796593462296,"down",-13.2882065284744,"down",-13.5445563421903,"down",-13.5973051038948,"down"
"ENST00000688371",1.75760342914606,"not",1.58891885947032,"not",-0.918071776325794,"not",-0.538273136019353,"not",-5.62574421750185,"down",-11.0911463158973,"down",-10.5558631470613,"down",-11.3237758336974,"down",-11.6526831141351,"down"
"ENST00000505632",1.51814989076573,"not",1.59514213099562,"not",-0.916689236217148,"not",-0.895615713228353,"not",-5.95186402015828,"down",-10.7903556341203,"down",-11.3801994703526,"down",-10.4778782512215,"down",-8.85558284126604,"down"
"ENST00000699047",0,"not",0,"not",0,"not",0,"not",0,"not",5.37618662704539,"not",5.07543515361852,"not",5.56925374531528,"not",4.39169452650835,"not"
"ENST00000699381",-7.21157266658342,"not",-6.65267675171297,"not",-8.7315235193845,"not",-4.97375783513384,"not",-8.77517853727183,"not",-1.16155481281834,"not",-3.1492345957323,"not",-0.913474879849996,"not",-0.728597454499676,"not"
"ENST00000307142",0,"not",0,"not",0,"not",0,"not",0,"not",0,"not",5.51036873023223,"not",3.56432790302803,"not",6.07465148111837,"not"
"ENST00000429713",-0.717041075930752,"not",-1.28335459891896,"not",-10.5947984360152,"down",-7.24809070112553,"not",-4.29644316036275,"not",-3.85232191320179,"not",-2.75266961207834,"not",-0.982953118743462,"not",-0.773556543731144,"not"
"ENST00000890353",0,"not",0,"not",0,"not",0,"not",0,"not",3.43099999509269,"not",0,"not",5.9010489412091,"not",3.87144471221703,"not"
"ENST00000307128",0,"not",0,"not",0,"not",0,"not",0,"not",0,"not",5.29564686662255,"not",5.90782773707052,"not",7.48134252671535,"not"
"ENST00000890354",0,"not",0,"not",0,"not",0,"not",0,"not",2.8523435792765,"not",3.6661602308007,"not",5.07162462676041,"not",3.67737281679053,"not"
"ENST00000302068",0,"not",0,"not",0,"not",0,"not",15.1119177549331,"not",14.5864325977095,"not",14.7612284647861,"up",20.8476600788995,"up",19.0933943446902,"up"
"ENST00000403106",0,"not",0,"not",0,"not",0,"not",0,"not",0,"not",13.0759428192439,"not",20.5721907658483,"not",18.3711882922548,"not"
"ENST00000856259",0,"not",0,"not",0,"not",0,"not",0,"not",3.48024338882364,"not",4.50576083787178,"not",6.22467968404935,"not",5.17849904213387,"not"
"ENST00000506455",2.55632659203884,"not",5.31034625433823,"not",0,"not",3.81417983030634,"not",0,"not",7.36393894564564,"up",8.45990465137933,"up",8.3990377707985,"up",8.98623576743078,"up"
"ENST00000513574",0,"not",0,"not",0,"not",0,"not",0,"not",0,"not",4.45054616799618,"not",5.60374663043265,"not",4.38271454787115,"not"
"ENST00000856281",0,"not",0,"not",0,"not",4.46097719355075,"not",0,"not",5.10656623440326,"not",6.58654616613502,"not",4.02335023343642,"not",4.86191867090487,"not"
"ENST00000505764",-6.58073530355047,"not",-0.0015724641502396,"not",-8.10069229936585,"not",-8.58393312041128,"not",-8.14434749368875,"not",-0.746926342249413,"not",-0.86389622943491,"not",-2.07316710959267,"not",-0.42198100629248,"not"
"ENST00000959844",-2.64987725489677,"not",-2.09097690199521,"not",-4.16984017718878,"not",5.83960560324486,"not",5.94988364220802,"up",1.21429872432087,"not",3.67273371042508,"not",4.38194427481937,"not",3.11616662611882,"not"
"ENST00000296530",0,"not",0,"not",0,"not",21.3140107248473,"up",18.2312358626432,"up",16.9105532637764,"up",16.5153674043726,"up",16.0736368588604,"up",16.7866434880778,"up"
"ENST00000511269",0,"not",0,"not",1.25247585614249,"not",0,"not",5.65781089406821,"not",5.67006495732236,"not",4.02233436825089,"not",4.07660686726994,"not",0,"not"
"ENST00000871520",0,"not",0,"not",0,"not",5.38382013586775,"not",0,"not",-0.351046031293852,"not",0.790413867965648,"not",5.52365269833206,"not",4.98522496577768,"not"
"ENST00000261509",0,"not",0,"not",0,"not",0,"not",0,"not",2.20052296300381,"not",0,"not",6.83666647398762,"not",6.62553879051216,"not"
"ENST00000785662",0,"not",0,"not",0,"not",0,"not",0.422717812594828,"not",0.452608738501641,"not",5.49643590085227,"not",3.65620591897019,"not",2.37686132951198,"not"
"ENST00000359562",1.48104580680423,"not",2.54591413997879,"not",-2.7251636873811,"not",1.27771102533182,"not",8.90569749674908,"up",6.44633266048011,"up",6.66922868688883,"up",6.50747369338255,"up",6.53621850489446,"up"
"ENST00000507062",0,"not",0,"not",0,"not",0,"not",-0.059930402142306,"not",2.68174063395445,"not",4.42583862750064,"not",6.89531791759537,"not",5.99208772687297,"not"
"ENST00000688174",0,"not",0,"not",0,"not",0,"not",0,"not",3.04493969983189,"not",5.89584644813038,"not",3.15386633939261,"not",4.38819442765122,"not"
"ENST00000281455",-22.6532470225554,"down",-21.856596590463,"down",-25.1854048288935,"down",-26.3326879493269,"down",-25.3614571095682,"down",-2.18375125085315,"not",-1.8538271271708,"not",-2.96357614043237,"not",-2.13425436398673,"not"
"ENST00000864745",-5.8413246381273,"not",-5.28243013665254,"not",-7.36127164711433,"not",-7.84450929304155,"not",-7.40492655460219,"not",-3.03303358905894,"not",-0.64568210029115,"not",-1.25949464494462,"not",-1.58001443942348,"not"
"ENST00000940033",-0.748122442577391,"not",-0.748514392582205,"not",-5.14913995739164,"not",-4.85471121916074,"not",-4.16247278421918,"not",-28.4658205610958,"down",-28.1952007013234,"down",-28.8834186773474,"down",-28.7016189172526,"down"
"ENST00000940034",-1.27554080299348,"not",-0.843694376183925,"not",-4.77993457377869,"not",-3.69115128809271,"not",-4.53168898153974,"not",-28.0321350361783,"down",-27.6825888493354,"down",-28.3849907186826,"down",-28.2975649664608,"down"
"ENST00000650145",-21.4445609422883,"not",-21.4323367742366,"not",-22.2656382628111,"not",-4.44930122008793,"not",-22.5459153832201,"not",-5.8240277189698,"not",-2.39324987154772,"not",-2.46761964015667,"not",-4.00677412999819,"not"
"ENST00000865661",0,"not",0,"not",0,"not",0,"not",0,"not",6.93916330489251,"not",5.97292643314212,"not",3.30676895120769,"not",5.50264123881476,"not"
"ENST00000865662",0,"not",0,"not",0,"not",0,"not",0,"not",-0.937382218985494,"not",0,"not",5.21200697395981,"not",6.225642084309,"not"
"ENST00000865660",-1.68059635143002,"not",-1.121702158201,"not",-3.20054252212433,"not",-3.68377990153265,"not",-3.2441974055353,"not",3.05942219140818,"not",3.37585176152895,"not",1.52205406066266,"not",3.55131580686435,"not"
"ENST00000698538",0,"not",0,"not",0,"not",3.90053571896568,"not",0,"not",2.73924292853823,"not",5.64063662490419,"not",4.37032793356278,"not",6.42978316102903,"not"
"ENST00000865714",0,"not",0,"not",0,"not",0,"not",0,"not",2.71482058622746,"not",3.15632485121564,"not",5.07446608666785,"not",4.24440692164225,"not"
"ENST00000462661",-0.239985768239486,"not",-4.95439604332212,"not",-3.88679470406755,"not",-1.86471517632735,"not",-2.62118501285966,"not",-2.29741928539317,"not",0.532304637544847,"not",-1.27724191721496,"not",1.32719798836399,"not"
"ENST00000231357",0,"not",0,"not",0,"not",0,"not",0,"not",0,"not",4.52988697899959,"not",4.61132420650697,"not",2.96321771933992,"not"
"ENST00000649739",5.13053303033711,"not",0,"not",0,"not",4.99086124984584,"not",6.666555181097,"not",4.47307395105365,"not",4.51156977239464,"not",4.92204129659867,"not",4.45227640153273,"not"
"ENST00000623500",-3.91721469048951,"not",-1.39856267330858,"not",-3.80526789278189,"not",-7.55219232216187,"down",-9.62205294583334,"down",-12.0541120106738,"down",-13.084106979202,"down",-15.0119942287984,"down",-13.6708576339774,"down"
"ENST00000504830",-25.871071877398,"down",-25.1232083771493,"down",-26.8168296148606,"down",-0.661683655076079,"not",1.01458839248958,"not",-3.6680107946729,"not",-2.98275520682938,"not",-4.6525145141183,"not",-3.77118362100703,"not"
"ENST00000263409",0,"not",0,"not",0,"not",0,"not",0,"not",0,"not",11.0362731227586,"not",19.863154833579,"not",18.9933928101152,"not"
"ENST00000230882",0,"not",0,"not",0,"not",0,"not",7.03472439160098,"not",3.90702161936622,"not",4.19264432243451,"not",5.64712780174897,"not",4.31518580829594,"not"
"ENST00000264664",8.09356918940551,"up",9.66779166382386,"up",7.61967089397868,"up",5.38862698247196,"up",11.665115982673,"up",9.19016501499698,"up",9.28791492353977,"up",8.49658999332984,"up",8.89955250400048,"up"
"ENST00000601500",2.58245750139313,"not",6.23655983779246,"up",5.42169425304758,"not",7.62184225708063,"up",10.5580468710466,"up",8.35099955950738,"up",7.90975333783822,"up",6.69493960211782,"up",6.90442037178633,"up"
"ENST00000230658",0,"not",0,"not",0,"not",7.50969036061513,"up",10.9365883159894,"up",7.86370976346052,"up",7.30665941575882,"up",6.97430329472984,"up",7.12031934660661,"up"
"ENST00000302005",0,"not",4.50456789569502,"not",0,"not",0,"not",0,"not",1.78844595375562,"not",3.69340498779534,"not",5.95729306678199,"not",5.46213574366495,"not"
"ENST00000274289",0.570410523997694,"not",4.45506138721611,"not",0.603235176342586,"not",5.21844771357916,"not",7.70049263572736,"up",4.2858732662764,"not",3.87713998338569,"not",3.62093459029361,"not",2.95325433695351,"not"
"ENST00000358923",5.02162965778024,"not",8.38140014575463,"not",0,"not",0,"not",0,"not",2.99574536808444,"not",3.89035785833826,"not",5.49951868972643,"not",4.81017311227119,"not"
"ENST00000508407",1.65729370910454,"not",2.26115511814306,"not",-2.14077140742196,"not",0.492583727385416,"not",-21.794649086309,"down",-26.6335087750037,"down",-26.2724590724686,"down",-8.59806149466489,"not",-26.9207586147992,"down"
"ENST00000890327",0,"not",19.9589282314223,"up",0,"not",0,"not",0,"not",16.2268006768599,"up",12.6473361636185,"not",16.7530764370269,"up",16.068617222212,"up"
"ENST00000694995",0.939867762726604,"not",-0.318050532010983,"not",-1.13877326872347,"not",-5.3682897737221,"not",-5.18355035937727,"not",-5.13382628824616,"not",-28.4208284698408,"down",-28.8858270949405,"down",-28.8884331089752,"down"
"ENST00000956649",-2.31462339789533,"not",7.26514558022075,"not",4.37620026703176,"not",-2.33265259321216,"not",-3.87824012217018,"not",4.38231050374105,"not",3.35795930754907,"not",3.12743207345615,"not",3.25551885634149,"not"
"ENST00000274368",0,"not",0,"not",0,"not",0,"not",0,"not",7.21272359112934,"not",6.12366198503154,"not",3.76254448914199,"not",3.90318423624543,"not"
"ENST00000282268",0.623108159621772,"not",1.78516413730431,"not",-1.50077381388957,"not",-4.03235877671391,"not",-4.93731135787965,"not",-6.3018287338679,"not",-26.448332014724,"down",-27.3462624281875,"down",-10.8832663712498,"down"
"ENST00000274341",-1.24026582482588,"not",0.0556567650385981,"not",0.666278381810253,"not",0.356250633827847,"not",4.96001587691151,"up",1.93142955096569,"not",0.79711913967889,"not",0.23985306220394,"not",-0.0191661513818798,"not"
"ENST00000342785",0,"not",0,"not",0,"not",0,"not",0,"not",4.78968463794862,"not",4.43395953983302,"not",2.89997329596884,"not",6.11538851181847,"not"
"ENST00000512590",0,"not",0,"not",0,"not",0,"not",0,"not",5.379407660963,"not",5.17740472003262,"not",4.08890771040743,"not",6.95216623551435,"not"
"ENST00000504921",0.461940416396648,"not",-0.0463705843712857,"not",-1.85880507674055,"not",-2.74075653382514,"not",2.12542202823914,"not",0.248566819458641,"not",1.48047023502634,"not",2.4615046508263,"not",1.00959656146178,"not"
"ENST00000860111",0,"not",0,"not",0,"not",0,"not",10.0605535231723,"up",8.80383487683605,"up",7.63483222836521,"up",7.34439895598307,"up",7.65629458363309,"up"
"ENST00000860110",-6.90133547258445,"not",-6.34243581512601,"not",-8.42129650357735,"not",-8.90453860752912,"down",3.36876661411579,"not",1.73326984282692,"not",0.887201591241181,"not",0.276879237636282,"not",0.627999137070169,"not"
"ENST00000944378",0,"not",0,"not",0,"not",0,"not",0,"not",0,"not",4.45348972393854,"not",6.17789421727477,"not",5.30530118806957,"not"
"ENST00000510942",0,"not",0,"not",0,"not",0,"not",8.23138383698696,"not",4.63970010341232,"not",7.54081184419106,"not",2.30737444539267,"not",5.10652492666349,"not"
"ENST00000859025",-1.83148954970228,"not",-1.38680860829954,"not",-5.77790107020411,"not",-8.92674494562678,"down",-11.0405921477843,"down",-17.7022528791481,"down",-17.5108006248997,"down",-17.7671496840963,"down",-17.8198982905443,"down"
"ENST00000500869",18.8303439535417,"not",0,"not",0,"not",0,"not",0,"not",17.3079972448337,"not",16.1710334176271,"not",17.2671841411789,"not",17.1971980426471,"not"
"ENST00000265140",0.118003910683127,"not",3.06484233528241,"not",0.689647849746333,"not",0.142721398526726,"not",-1.03774126629048,"not",-27.0610416313837,"down",-26.7726051254857,"down",-27.3859539182441,"down",-27.295789923076,"down"
"ENST00000274382",9.87295485467856,"up",8.65442447279593,"up",9.5881142644519,"up",9.61179795113786,"up",12.9852446366445,"up",9.72424934101512,"up",9.37934138506162,"up",9.21067007820277,"up",9.7612351401109,"up"
"ENST00000890088",0,"not",0,"not",15.8228878135797,"not",15.2146601871761,"not",18.4348205483687,"not",16.8040649536058,"not",15.7845646637055,"not",12.3265214712631,"not",13.6888711789304,"not"
"ENST00000231368",-23.7580781237421,"down",-22.4011811440989,"down",-27.2156987888824,"down",1.53607130568401,"not",2.01267310746359,"not",-0.794565562268311,"not",-0.513163547412905,"not",-0.715505298270204,"not",-0.609621921147735,"not"
"ENST00000890200",19.1839639594721,"not",0,"not",0,"not",0,"not",0,"not",0,"not",18.1690391444556,"not",18.1897646648994,"not",17.6731980591466,"not"
"ENST00000890202",0,"not",0,"not",0,"not",0,"not",0,"not",0,"not",5.36544616051627,"not",6.27884200065316,"not",5.93286703721704,"not"
"ENST00000957489",0,"not",0,"not",0,"not",0,"not",0,"not",4.66715476316749,"not",6.91330044201086,"not",5.7318237113902,"not",6.12097200144694,"not"
"ENST00000512097",0,"not",0,"not",0,"not",0,"not",2.06819171039482,"not",6.46720712037167,"not",8.31523127078426,"not",3.72150478311581,"not",7.67140801711969,"not"
"ENST00000645832",-0.995465562930509,"not",1.93004759451492,"not",-3.18240858687604,"not",-6.23190289778194,"not",-4.87203707645109,"not",-28.6314667459864,"down",-28.2719142296079,"down",-29.0414478989219,"down",-28.9186237121223,"down"
"ENST00000683265",-1.10265059817902,"not",0.926099071007104,"not",-1.57183975529323,"not",-3.78695782966957,"not",-26.4114237561162,"down",-28.4294793670735,"down",-12.9454116832688,"down",-28.8758677257758,"down",-28.6844857860835,"down"
"ENST00000763339",-0.657375283354898,"not",-0.857062594000495,"not",-3.20626713124955,"not",-7.36949176607118,"not",-24.3233485242077,"down",-12.6159525364062,"down",-27.9065175652399,"down",-28.5629408817256,"down",-28.4486379396215,"down"
"ENST00000892476",-0.707467763963119,"not",0.254005209722983,"not",-1.56971975445316,"not",-2.19287370516142,"not",-23.0921650828598,"down",-27.6947164378153,"down",-27.3680256254949,"down",-28.0682195809296,"down",-27.9504950442449,"down"
"ENST00000618155",-7.25848164775927,"not",-6.69959149639344,"not",-8.778416826365,"not",-9.26165071105214,"not",1.02326310387578,"not",-1.27904332795767,"not",-2.05748004891324,"not",-3.83332963334999,"not",-4.67827732203978,"not"
"ENST00000330794",0,"not",0,"not",0,"not",0,"not",0,"not",0,"not",4.07037224973863,"not",6.4208873752624,"not",5.91790482808949,"not"
"ENST00000523856",1.17000188145579,"not",-0.410592456851463,"not",-2.48993080529686,"not",-2.87691519775955,"not",-7.88689622709878,"not",-4.58489090617263,"not",-27.4421715132526,"down",-27.8351178232425,"down",-27.8053403492731,"down"
"ENST00000359120",0,"not",0,"not",0,"not",0,"not",5.08890062733995,"not",3.65125654955072,"not",3.62655045820159,"not",4.36400924741057,"not",3.88920698167326,"not"
"ENST00000859832",0,"not",0,"not",0,"not",0,"not",5.54720319752885,"not",5.46633729758639,"not",5.698976951473,"not",4.6427963696608,"not",4.93958587992436,"not"
"ENST00000511217",0,"not",0,"not",0,"not",0,"not",5.36222825779765,"not",5.68209932009371,"not",5.22235771096893,"not",0.958739498953561,"not",0.131420590805506,"not"
"ENST00000297130",0,"not",0,"not",0,"not",6.44667862220054,"not",8.68890693400184,"not",4.04431838308387,"not",4.28119513099136,"not",-0.357348441404507,"not",0,"not"
"ENST00000521300",-0.297264945278663,"not",-0.0499681796136278,"not",-2.77933510634391,"not",-3.93411581442505,"not",-4.1362278201012,"not",-7.62352271500534,"down",-7.67375728476828,"down",-15.6744451199349,"down",-15.72719379328,"down"
"ENST00000706734",0,"not",0,"not",0,"not",0,"not",0,"not",0,"not",5.1688083324897,"not",2.96583350043728,"not",4.82925309840502,"not"
"ENST00000336314",-3.16970765804906,"not",-0.084421252951528,"not",-3.73620296534481,"not",-5.45450697182194,"not",-28.829705645989,"down",-30,"down",-30,"down",-12.8268021881768,"down",-30,"down"
"ENST00000873130",-1.74096603761083,"not",-0.563996036432271,"not",-0.528207033522339,"not",-1.22720975608832,"not",-23.6623245548029,"down",-26.3508946623682,"down",-26.2110016627397,"down",-26.4460922335337,"down",-26.4481526886625,"down"
"ENST00000518659",2.08006060655585,"not",-5.91435174165539,"not",-7.99320761115103,"not",-8.47644859491121,"not",-8.03686282017332,"not",-5.01871588680372,"not",-3.01407422064606,"not",-1.12082021589941,"not",-1.68526182598773,"not"
"ENST00000274625",-7.50342380911392,"down",0.12254431530635,"not",-9.02338823010135,"down",-2.85123499997628,"not",-3.20129220839923,"not",-2.50475051246813,"not",-2.0865340432754,"not",-0.019092720804897,"not",-1.08505836208364,"not"
"ENST00000424406",0,"not",0,"not",0,"not",4.93276614364847,"not",8.40686031771541,"up",6.03460007175354,"not",5.91821850752438,"not",7.16539183841964,"up",6.81206759037463,"not"
"ENST00000521848",0,"not",0,"not",0,"not",0,"not",0,"not",0,"not",5.89511120916777,"not",2.38940424823379,"not",3.8901926961773,"not"
"ENST00000936190",0.349867595512379,"not",2.11273588276325,"not",-1.57511248770135,"not",-1.40093038754195,"not",-8.73482615166062,"down",-28.055057905604,"down",-27.5865455212951,"down",-15.0628513412554,"down",-28.3235147350822,"down"
"ENST00000508896",-0.337309461319051,"not",-0.269867324523489,"not",-2.21900272375756,"not",-3.45569178704089,"not",-29.1324888523725,"down",-30,"down",-30,"down",-30,"down",-30,"down"
"ENST00000680013",-2.31869863681214,"not",0.52977006687439,"not",-1.67403623717816,"not",-5.780849915143,"not",-11.0139433992386,"down",-28.4766077963214,"down",-28.1496779261002,"down",-28.8701928675369,"down",-13.6782435155973,"down"
"ENST00000645831",1.54716491981887,"not",5.56892429280023,"not",6.66431958227857,"up",6.82626338110505,"up",8.67883958163613,"up",5.55876292879769,"up",4.94653583076912,"up",3.8317440843054,"not",3.07903028111378,"not"
"ENST00000618533",-2.54343028833739,"not",-0.071890756058709,"not",-4.09322349054387,"not",-4.05520289894988,"not",-2.15916144037076,"not",-14.4802616188357,"down",-14.2888110125083,"down",-14.545157865186,"down",-14.5979060176015,"down"
"ENST00000379597",-3.37971291849425,"not",-2.82081402206943,"not",-1.2849426236535,"not",4.25970078182225,"not",5.76462753318517,"not",-1.734938457221,"not",0.937829151986114,"not",0.579521091771255,"not",1.4425586252482,"not"
"ENST00000379375",0,"not",0,"not",0,"not",0,"not",9.55404557144539,"up",6.70489149860264,"not",6.22500265810475,"not",6.92795047916722,"up",5.72726815055976,"not"
"ENST00000436367",0,"not",11.6049430611915,"not",0,"not",0,"not",0,"not",1.28742978453179,"not",7.51422031581824,"not",7.9749709918755,"not",7.24504702537986,"not"
"ENST00000509686",0,"not",0,"not",0,"not",0,"not",0,"not",3.21481443691333,"not",2.60344976290349,"not",4.93829123721508,"not",5.17336097471791,"not"
"ENST00000378990",0,"not",0,"not",0,"not",0,"not",20.2727111205675,"up",17.1749990385245,"up",19.2510135571087,"up",15.9780507537066,"up",15.6290034382214,"up"
"ENST00000378814",0,"not",0,"not",0,"not",0,"not",7.67999250778586,"not",4.86758766033097,"not",5.4524556490184,"not",5.52876947455283,"not",5.39257782244402,"not"
"ENST00000783223",-3.37441243905702,"not",0.179487152339674,"not",-2.87627189550135,"not",-7.12156120710046,"down",-9.9822202156809,"down",-12.2458069002824,"down",-14.651542035729,"down",-18.380747387151,"down",-18.4334960737601,"down"
"ENST00000683778",-0.843345992689065,"not",0.352299325230306,"not",-3.68811370426729,"not",-4.72607963684994,"not",-5.19650150093416,"not",-6.67580546744974,"not",-15.5898722386347,"down",-8.56526058854398,"down",-15.8989695150457,"down"
"ENST00000377016",0,"not",0,"not",0,"not",0,"not",0,"not",0,"not",3.1819127931553,"not",4.33250228785987,"not",7.48312572961308,"not"
"ENST00000377034",0,"not",0,"not",0,"not",0,"not",0,"not",0,"not",6.05184513271784,"not",8.49087973415732,"not",3.59453875782024,"not"
"ENST00000706778",-2.98462342353297,"not",1.4217856566672,"not",-3.4732607397068,"not",-0.102075898250891,"not",-9.88369198238047,"not",-27.4342960856611,"down",-27.2172540384909,"down",-27.6922804579933,"down",-27.6137891690635,"down"
"ENST00000471529",2.45819839254232,"not",-0.051675131244272,"not",0.646132216079457,"not",-1.48078720163373,"not",-4.86399473811687,"not",-9.46353110282718,"down",-8.86919152824788,"down",-10.4572466300612,"down",-9.99297561881644,"down"
"ENST00000375688",0,"not",0,"not",0,"not",0,"not",0,"not",1.90791048572642,"not",4.10876921145482,"not",4.60901736166003,"not",4.89228522606027,"not"
"ENST00000924509",-1.18860001973765,"not",0.039674362087213,"not",-3.57094501611134,"not",-3.78379644861747,"not",-2.80597412025449,"not",-8.00688987151289,"down",-14.9563056640038,"down",-15.2126548960072,"down",-15.2654035380135,"down"
"ENST00000873183",-0.120877753561185,"not",0.664488451996641,"not",-3.60194896689358,"not",-2.42569476659122,"not",-3.21920192718235,"not",-6.53524173194021,"not",-30,"down",-30,"down",-30,"down"
"ENST00000873185",-0.213283300857997,"not",0.0956544821826269,"not",-3.39546073653181,"not",-3.20758353745803,"not",-4.01112939485094,"not",-6.97552838744656,"down",-15.9079242610551,"down",-16.1642737423171,"down",-16.217022435613,"down"
"ENST00000274938",0,"not",0,"not",18.7242754365298,"up",0,"not",0,"not",18.6570887391357,"up",17.7037252727528,"up",19.6466288929793,"up",18.1982166698172,"up"
"ENST00000889524",0,"not",0,"not",0,"not",3.33883999611712,"not",0,"not",5.96660923165115,"not",6.49706016883888,"not",8.76941517464902,"not",7.17689730062465,"not"
"ENST00000940915",0,"not",0,"not",0,"not",0,"not",0,"not",0,"not",19.8056445029112,"up",14.7464298160023,"not",20.6969858412699,"up"
"ENST00000889526",0,"not",0,"not",0,"not",0,"not",0,"not",3.79476925973445,"not",4.51795054962988,"not",5.32780294882322,"not",5.43837760347453,"not"
"ENST00000889528",0,"not",0,"not",0,"not",0,"not",0,"not",4.87977472815374,"not",4.21215760221375,"not",6.73505160228407,"not",6.16454887126375,"not"
"ENST00000940916",0,"not",0,"not",0,"not",0,"not",0,"not",0,"not",6.14022280968363,"not",2.29751384805439,"not",6.70696688166956,"not"
"ENST00000244751",0,"not",0,"not",0,"not",0,"not",2.07963997359697,"not",0,"not",0.176668664308249,"not",6.15776174631053,"not",5.10943557842435,"not"
"ENST00000359534",-0.74461517676311,"not",-0.474636259138943,"not",-2.91026073876697,"not",-2.73223188486924,"not",-3.81662328774503,"not",-8.15773191823121,"down",-10.1595970962512,"down",-17.7259430819726,"down",-13.2713109480089,"down"
"ENST00000244669",0,"not",0,"not",0,"not",0,"not",0,"not",5.95969673618646,"not",7.01078748419828,"not",6.32888462669153,"not",5.29956707229578,"not"
"ENST00000252050",0,"not",0,"not",0,"not",18.8276963234466,"up",20.2888635258259,"up",17.8374299760763,"up",17.7220621209022,"up",16.3439427303614,"up",16.5909562893198,"up"
"ENST00000339561",6.87833506218526,"not",0,"not",2.25555828034758,"not",4.68509857077293,"not",0,"not",3.80464411547531,"not",5.54429243206179,"not",5.8388480710328,"not",7.20122915790256,"not"
"ENST00000888945",-5.0810121421926,"not",-4.52211260025544,"not",-2.50179322048321,"not",-7.08421486308694,"not",3.61743308216785,"not",-2.22525540015051,"not",1.00011546057948,"not",-1.3479068429087,"not",-1.64591792669761,"not"
"ENST00000493422",0,"not",0,"not",0,"not",0,"not",9.23510621036495,"not",5.58280046916502,"not",4.87910781430096,"not",5.81090638137416,"not",4.49220200561203,"not"
"ENST00000873262",0,"not",0,"not",0,"not",0,"not",6.95161864942627,"not",4.64318706547883,"not",4.00890906187186,"not",4.5357586139138,"not",3.06350943351877,"not"
"ENST00000370905",-4.34046667411853,"not",-3.78156801532798,"not",-5.8604249891744,"not",-6.34366622964673,"not",-5.90408022138764,"not",2.33067311779495,"not",3.33238233129103,"not",3.29567000538736,"not",3.63248862774954,"not"
"ENST00000274901",0,"not",0,"not",0,"not",0,"not",0,"not",5.79504561904793,"not",5.95925715598902,"not",4.6036180722445,"not",4.83632089647444,"not"
"ENST00000370830",0,"not",0,"not",0,"not",4.30871874666632,"not",8.60055597950217,"up",6.19766440749894,"not",7.50720761124791,"up",7.91145219920146,"up",7.33204893338262,"up"
"ENST00000418814",1.30869124349079,"not",0.308312089896688,"not",0.0219307895497911,"not",-0.192101399837095,"not",-3.33031733799486,"not",-5.61952635002081,"not",-27.615985583251,"down",-7.1375658145619,"not",-28.4204900656132,"down"
"ENST00000393004",0,"not",0,"not",0,"not",0,"not",0,"not",8.87343950511225,"up",9.04558467328032,"up",8.87749098659603,"up",9.24030378791612,"up"
"ENST00000237172",0,"not",0,"not",0,"not",0,"not",10.1776080176413,"up",5.67331307319758,"not",6.33348689903655,"not",5.09649419305065,"not",6.20958052819481,"not"
"ENST00000370020",0,"not",0,"not",0,"not",0,"not",7.43699152745866,"not",4.51190888991431,"not",3.79856507435365,"not",3.52264995847047,"not",2.99917011361657,"not"
"ENST00000230510",-0.471112444508285,"not",-0.752085889248497,"not",-2.27189780192293,"not",-3.40606375559373,"not",-25.2450784966962,"down",-29.5824144202567,"down",-8.70266054228154,"not",-29.9999368559906,"down",-29.8646711276273,"down"
"ENST00000369700",0,"not",0,"not",6.92156488202472,"not",0,"not",0,"not",5.19611187149029,"not",6.92457224552208,"not",8.10690564039187,"not",8.27470417831671,"not"
"ENST00000868213",-22.1476541270036,"down",-21.2135369167957,"down",-24.0102101586714,"down",-24.5656664166231,"down",-24.0745351890377,"down",-9.0984897344327,"not",-2.8086277597201,"not",-0.732211202916042,"not",-1.97318521702013,"not"
"ENST00000254765",0,"not",0,"not",0,"not",0,"not",5.51869390905106,"not",6.3129818233215,"not",7.03182205402699,"not",5.85882312392788,"not",6.65798749255894,"not"
"ENST00000911405",4.50593499381896,"not",0,"not",6.97102591200695,"not",8.49591395656317,"not",9.95174069402813,"up",7.06850001225095,"not",7.98470434969928,"not",7.19103264624688,"not",4.76408789103713,"not"
"ENST00000326274",-4.04890406575322,"not",-1.29009424321502,"not",-5.56886655686729,"not",0.417839691190613,"not",5.78565229247136,"not",2.32908499654592,"not",2.01187725834463,"not",2.13663155226265,"not",-0.363539004706051,"not"
"ENST00000368498",0.853354458057157,"not",9.39469395561193,"not",-1.61536048794604,"not",-2.68563615151679,"not",1.82527889266577,"not",4.75003421124153,"not",4.76748647280821,"not",5.0069440109948,"not",5.53685057045495,"not"
"ENST00000357525",0,"not",0,"not",0,"not",0,"not",6.77094758316786,"not",7.30323119273204,"not",7.50195382091108,"not",10.0319014981779,"up",9.06507013932575,"not"
"ENST00000912060",0.529190108257138,"not",1.71232199397048,"not",-5.93200363601464,"not",-0.475650010576668,"not",-3.80757320188816,"not",-11.3213584139648,"down",-12.6710243858424,"down",-14.3631261920547,"down",-14.4158749449783,"down"
"ENST00000368452",0,"not",0,"not",0,"not",0,"not",7.5051655636905,"not",4.62946245521788,"not",5.51193504113006,"not",0,"not",1.13347118499713,"not"
"ENST00000962660",0,"not",0,"not",0,"not",0,"not",0,"not",0,"not",5.67666509552167,"not",1.95694827441093,"not",5.68501778093906,"not"
"ENST00000662930",0,"not",0,"not",3.8427571952648,"not",4.20696749539492,"not",0,"not",3.98479094389261,"not",4.54626710745293,"not",4.71615084881134,"not",5.21014407089993,"not"
"ENST00000368415",3.69973334142158,"not",0,"not",0,"not",6.82635801429255,"not",0,"not",7.20502114080008,"not",6.4549931269934,"not",6.14656421334161,"not",5.66617207484632,"not"
"ENST00000356698",4.47892472134462,"not",7.32930215487307,"up",6.80980528972458,"not",6.78996732360867,"up",5.19122651637927,"not",3.60597290130531,"not",5.97992509108834,"up",8.65031986349398,"up",7.93153863641366,"up"
"ENST00000368213",0,"not",0,"not",0,"not",0,"not",0,"not",1.65149533041403,"not",4.29091490528772,"not",6.25013330065485,"not",3.54443544882375,"not"
"ENST00000337057",0,"not",0,"not",0,"not",20.6374100728215,"up",17.6651517560169,"up",16.7644353913364,"up",16.3957193885171,"up",16.5830408144796,"up",17.4095079961235,"up"
"ENST00000530481",0,"not",0,"not",0,"not",0,"not",7.69549885186059,"not",4.6401486022046,"not",2.69638430322699,"not",2.74949834385612,"not",0,"not"
"ENST00000904971",0,"not",0,"not",0,"not",19.1784679382082,"up",18.342394928805,"up",16.215340659831,"up",16.3142847174288,"up",15.2972327388293,"up",0,"not"
"ENST00000904981",0,"not",0,"not",0,"not",0,"not",6.39017177826968,"not",4.17176996066895,"not",3.76674284525012,"not",5.36249349022526,"not",0,"not"
"ENST00000904987",0,"not",0,"not",0,"not",0,"not",6.95736015136079,"not",4.62628815948951,"not",3.72493757324356,"not",3.72791554233452,"not",0,"not"
"ENST00000612899",0,"not",0,"not",0,"not",0,"not",5.41657701719093,"not",5.0328502344496,"not",3.49528728009949,"not",3.79599588226069,"not",3.87764243872443,"not"
"ENST00000237289",0,"not",0,"not",0,"not",0,"not",8.32975606026216,"not",0.0647078949335362,"not",5.37426342220127,"not",4.94195782520278,"not",2.9926924429108,"not"
"ENST00000906241",0,"not",0,"not",4.16562712236159,"not",4.94643881879048,"not",8.0420831890626,"not",4.38538915832102,"not",4.33033455168331,"not",4.90837264267664,"not",4.1160729270169,"not"
"ENST00000472054",0,"not",0,"not",0,"not",7.62288403071387,"not",6.63866503123283,"not",2.4588323144336,"not",4.56011879020436,"not",3.83141764020208,"not",3.08873610337631,"not"
"ENST00000423061",0,"not",0,"not",0,"not",0,"not",2.70394952585932,"not",5.06559885089608,"not",3.80875221273473,"not",8.46127422473185,"not",1.87073227759124,"not"
"ENST00000705235",-0.113145935181972,"not",0.582105937136372,"not",-0.60285424060686,"not",-3.51185949365299,"not",-24.0542333694547,"down",-27.9437159736312,"down",-27.8513645967193,"down",-27.9088463865557,"down",-27.983076071338,"down"
"ENST00000705236",-0.232321050338833,"not",0.255386232343148,"not",-0.673670141403687,"not",-3.81663484744022,"not",-23.8351186769726,"down",-26.3894035383308,"down",-26.2442050849221,"down",-26.4821542208216,"down",-26.488515328509,"down"
"ENST00000313766",2.32202997567503,"not",1.2241695188954,"not",-1.44399875337498,"not",-0.572116130310291,"not",-10.8913599092288,"down",-14.1220198574162,"down",-13.9305680165769,"down",-14.1869165222305,"down",-14.2396650147767,"down"
"ENST00000389574",-1.24197557862993,"not",0.127880868636869,"not",-2.35893044264909,"not",-4.29004530294353,"not",-3.48952871153338,"not",-8.40622977634152,"not",-29.5271513513468,"down",-15.8051351743158,"down",-12.1358986738512,"down"
"ENST00000885490",0,"not",0,"not",0,"not",0,"not",0,"not",2.31361095677315,"not",4.69509629579794,"not",3.1040766629223,"not",4.46368234643637,"not"
"ENST00000853553",0,"not",19.4429023536971,"up",18.1238306965042,"up",0,"not",0,"not",13.7435896294242,"up",17.2066563596867,"up",15.6058330105667,"up",16.2568206448184,"up"
"ENST00000691883",0,"not",0,"not",6.24109587186673,"not",0,"not",0,"not",3.53931786180549,"not",5.01905713880366,"not",4.47422351143585,"not",4.24349106165813,"not"
"ENST00000623361",0,"not",19.9856616959371,"up",0,"not",16.6047341464585,"not",19.527401187088,"up",15.9525427149229,"up",15.8069666295921,"up",15.6862666843535,"up",16.0627877915428,"up"
"ENST00000406453",0,"not",0,"not",0,"not",0,"not",7.00100092165,"not",4.64884961705185,"not",0.153235699743847,"not",5.78102000821815,"not",0.9848693538381,"not"
"ENST00000425660",-27.7048285292591,"down",-27.177462816266,"down",-29.1482614095398,"down",-29.7881572683624,"down",-29.2416037639334,"down",-4.12176056540414,"not",-3.76803686917969,"not",-4.36371092725489,"not",-4.52650447762495,"not"
"ENST00000861916",0.979702007261878,"not",-2.18030777864825,"not",-2.98479787212565,"not",-3.58034375681025,"not",-23.8562629211725,"down",-10.4123905316327,"not",-28.5081497416854,"down",-29.2162521747815,"down",-29.0943525362107,"down"
"ENST00000622668",-9.87468559730893,"not",-9.315790193942,"not",-11.3946350590456,"not",-11.877873484777,"not",-11.4382900369797,"not",-4.12353376033267,"not",-4.44548969394906,"not",-4.06920753607064,"not",-5.42181666771667,"not"
"ENST00000868969",0,"not",0,"not",0,"not",0,"not",0,"not",0,"not",1.79049761396141,"not",6.84116593360821,"not",4.06224825067315,"not"
"ENST00000242261",0,"not",0,"not",5.72140438685856,"not",7.17975722923575,"not",8.20811654265383,"up",5.80086980279733,"not",5.25325197877432,"not",3.6921106283254,"not",3.72933173826989,"not"
"ENST00000752591",-0.126308929855007,"not",1.16785948539431,"not",-2.23932999838401,"not",-2.04957433052479,"not",-5.47119806658504,"not",-26.4766178137847,"down",-26.0508275497549,"down",-26.9080848989423,"down",-26.805997555477,"down"
"ENST00000242152",0,"not",0,"not",4.16869170357503,"not",6.25947867061444,"not",9.31458872807473,"up",4.65567728957991,"not",4.37840618777503,"not",2.91105312841703,"not",2.53350454150777,"not"
"ENST00000649409",0,"not",0,"not",19.4516455328089,"up",21.1270406357949,"up",21.6056049787612,"up",18.7355545616435,"up",17.9747446899065,"up",17.7865263453109,"up",17.24622585865,"up"
"ENST00000648848",0,"not",0,"not",0,"not",17.4838184098462,"not",18.4688897560994,"not",16.6687845938103,"not",17.0465976116358,"not",14.1216565001742,"not",13.8222706732134,"not"
"ENST00000650533",0,"not",5.65328240391942,"not",6.66087375909621,"up",8.2439886389993,"up",8.89583081124513,"up",5.13898815754034,"up",5.2126379729613,"up",4.28286846803271,"not",3.96350290361099,"not"
"ENST00000436258",0,"not",0,"not",0,"not",0,"not",0,"not",3.58856094092181,"not",4.90905839367714,"not",1.3368886946078,"not",6.16129976481849,"not"
"ENST00000440213",-0.257148117175261,"not",-2.21719947339277,"not",-4.29603845633818,"not",-4.77927551473092,"not",-4.33969331074912,"not",-0.783039914333849,"not",1.93582463861669,"not",1.97816955134838,"not",2.69302791840659,"not"
"ENST00000446581",0,"not",0,"not",0,"not",1.18456663367015,"not",7.06882146068184,"not",8.05368639108012,"up",9.38698724602781,"up",6.7921254437132,"not",8.3912348029934,"up"
"ENST00000882995",0,"not",0,"not",0,"not",1.58259834543946,"not",0,"not",6.12880081425557,"not",6.15126928659542,"not",5.68716005901404,"not",6.3063313051355,"not"
"ENST00000882994",0,"not",0,"not",0,"not",-0.536378174613726,"not",0,"not",4.65274786052384,"not",5.8692003715195,"not",4.52049578956082,"not",5.14748960021491,"not"
"ENST00000882996",0,"not",0,"not",3.06515449942353,"not",0,"not",3.66448541073764,"not",4.04293906223003,"not",4.41540034210292,"not",3.40249442408005,"not",5.29819607177159,"not"
"ENST00000950329",0,"not",7.39417857533454,"not",4.95202254451625,"not",0,"not",2.82092896820601,"not",5.94975332002946,"not",5.70960943132376,"not",4.75429884209899,"not",5.76950613996757,"not"
"ENST00000950331",0,"not",0,"not",0,"not",0,"not",0,"not",2.67322578117994,"not",2.84183725124024,"not",8.2887821212848,"not",7.40593784562724,"not"
"ENST00000950333",0,"not",0,"not",0,"not",0,"not",3.42367666288648,"not",1.93033643954839,"not",3.43808124524476,"not",6.51890535555027,"not",6.9547149323153,"not"
"ENST00000950336",0,"not",0,"not",0,"not",0,"not",0,"not",4.40731313123581,"not",2.1843196894261,"not",4.92842176327539,"not",5.40560680590876,"not"
"ENST00000457314",0,"not",0,"not",0,"not",5.34968179156374,"not",4.87481872754239,"not",10.3359024161514,"up",11.9269854713791,"up",7.04639837291845,"up",10.9471061225706,"up"
"ENST00000434895",1.6025244416237,"not",0,"not",2.24023568298018,"not",0,"not",7.79291770447255,"up",10.6380693169864,"up",12.1502126055867,"up",10.0829841274851,"up",10.9217119781913,"up"
"ENST00000882997",0,"not",0,"not",0,"not",0,"not",0,"not",1.39396910373837,"not",3.14966357313731,"not",6.91140411441228,"not",6.11506040755069,"not"
"ENST00000447951",0,"not",0,"not",0,"not",0,"not",2.30094639458188,"not",5.91618294817138,"not",7.89313343858362,"not",4.01912481378725,"not",5.99665105333284,"not"
"ENST00000476118",0,"not",2.94933942793836,"not",3.42054298635654,"not",1.42510995341053,"not",2.90178490963385,"not",5.95311063780919,"not",6.67727227949906,"not",3.17325464381987,"not",6.02884627122566,"not"
"ENST00000431289",2.56499637015024,"not",0,"not",1.8131660372391,"not",0.712154270995189,"not",5.15351830615614,"not",5.9075947182844,"not",6.64376181135844,"not",5.23083018495822,"not",6.8083994984721,"not"
"ENST00000457910",-1.43288395267957,"not",0.679837835094688,"not",2.55020858457223,"not",-0.942915647414182,"not",2.63072144946847,"not",4.04705083125966,"not",5.3407144953251,"not",4.1538119897978,"not",5.26000632965559,"not"
"ENST00000444676",-25.3188383933915,"down",-24.7407617216771,"down",-27.1074692941836,"down",-28.1435060266372,"down",-27.3145356655945,"down",-4.07910644845669,"not",-4.9008319313553,"not",-4.3158081918894,"not",-3.91075774327089,"not"
"ENST00000430838",0,"not",19.8380581878135,"up",0,"not",15.8091084436827,"not",18.6351470234907,"up",15.2924339335003,"up",14.3570577869863,"up",14.4893629702177,"up",12.078000061773,"not"
"ENST00000621097",-0.316616028791925,"not",0.784050055006652,"not",-0.750045631285094,"not",-2.35884082638351,"not",-2.13474960248188,"not",-5.82307153774272,"not",-27.6912663581134,"down",-28.0397182098144,"down",-27.8916127116941,"down"
"ENST00000901285",3.85913648065535,"not",3.29337548785282,"not",2.30225220563608,"not",3.38624846652636,"not",-25.4932890544837,"down",-26.3027877238128,"down",-25.8673021227712,"down",-27.0062637123657,"down",-11.6012682985972,"down"
"ENST00000932164",6.42085513321798,"not",3.71006039255992,"not",1.05109237701667,"not",3.54539823689093,"not",-3.60485072453046,"not",-26.421969644269,"down",-6.26919955578911,"not",-26.6850108820775,"down",-10.2631042636522,"down"
"ENST00000669576",0,"not",0,"not",0,"not",0,"not",0,"not",5.14587835564693,"not",5.42543270711069,"not",4.98146661746624,"not",5.47495206046067,"not"
"ENST00000435749",-6.31242449059214,"not",-5.75352532115059,"not",-7.83238419439392,"not",-0.0455724108957975,"not",1.9889447541909,"not",-1.65639236671626,"not",-0.542270085058598,"not",-1.25155842179206,"not",-0.414703949749573,"not"
"ENST00000265361",0,"not",0,"not",0,"not",0,"not",0,"not",6.32791397111524,"not",8.19114241817099,"not",6.50083406538444,"not",8.37229971761195,"not"
"ENST00000406263",-3.74801017518496,"not",-3.18911185782042,"not",-5.26796756171235,"not",4.00044855177205,"not",7.86232208173607,"not",2.77000801110168,"not",0.811858284278822,"not",-2.55261121982491,"not",3.37882865389027,"not"
"ENST00000927528",0,"not",0,"not",0,"not",0,"not",20.5962486546314,"up",18.1343944551311,"up",17.9935248948556,"up",0,"not",17.0489120409011,"up"
"ENST00000877643",0,"not",0,"not",0,"not",0,"not",0,"not",5.35281868669559,"not",0,"not",3.58005583114498,"not",3.67456286664183,"not"
"ENST00000877641",0,"not",0,"not",0,"not",0,"not",0,"not",4.65985219510828,"not",0,"not",2.86929219045152,"not",4.80045585432728,"not"
"ENST00000421101",0,"not",0,"not",0,"not",0,"not",0,"not",0,"not",4.18265681323261,"not",4.60673593283217,"not",4.15249940495613,"not"
"ENST00000308478",0,"not",0,"not",0,"not",2.41530280311309,"not",0,"not",5.38609175091063,"not",6.75783523984534,"not",6.02830543746277,"not",6.77869606447931,"not"
"ENST00000284601",0,"not",0,"not",0,"not",3.28431551356161,"not",0,"not",0.919437909466751,"not",1.64407085915406,"not",5.40306411172222,"not",5.13312492930987,"not"
"ENST00000350908",6.06290603266997,"not",0,"not",0,"not",0,"not",0,"not",0,"not",0.959343604667109,"not",5.8100851524056,"not",4.35346747277608,"not"
"ENST00000265441",0,"not",0,"not",0,"not",0,"not",0,"not",6.09085203615193,"not",6.52605259657408,"not",7.35720377983985,"not",7.44107351236571,"not"
"ENST00000393386",-0.712196009451289,"not",-0.634712446281324,"not",-3.91639633897942,"not",-6.44085358998289,"not",-13.422858651627,"down",-30,"down",-30,"down",-30,"down",-30,"down"
"ENST00000458573",0.375497342856218,"not",1.15654218726,"not",1.19199025813107,"not",-3.66764625065338,"not",-3.1045479460866,"not",0.502676277330365,"not",1.92146519424886,"not",2.23874209656501,"not",2.5104702108119,"not"
"ENST00000346177",0,"not",0,"not",21.1675867925933,"up",19.286225081531,"up",22.3131153549823,"up",20.7387284782696,"up",21.3466382855919,"up",21.3180643512191,"up",21.3744843471561,"up"
"ENST00000361675",0,"not",0,"not",0,"not",0,"not",0,"not",4.39251915113959,"not",4.56026098941982,"not",5.58319875373791,"not",3.18906591914763,"not"
"ENST00000680005",0,"not",0,"not",0,"not",0,"not",0,"not",3.93392360924733,"not",2.4746867334498,"not",6.54027004216011,"not",5.91538107911235,"not"
"ENST00000445907",0,"not",0,"not",0,"not",0,"not",0,"not",3.20004983347745,"not",3.28657652356518,"not",6.29795725593993,"not",5.509476780817,"not"
"ENST00000471195",2.29751232716476,"not",-3.51137035065882,"not",-0.981660145332484,"not",-2.66096110955496,"not",-1.18007279643527,"not",-0.684820496219011,"not",1.99330073341361,"not",1.726853073643,"not",3.10788249656081,"not"
"ENST00000964718",0,"not",0,"not",0,"not",0,"not",0,"not",3.13999879458704,"not",2.76424232451757,"not",3.81409111098237,"not",6.11583364345085,"not"
"ENST00000903439",0,"not",0,"not",0,"not",0,"not",0,"not",2.1093298509686,"not",2.26834188790027,"not",5.08306140813725,"not",5.48983121373037,"not"
"ENST00000644969",-4.09912049957328,"not",1.21407804890316,"not",-1.7439642647602,"not",-1.93673384674431,"not",-1.64173871237795,"not",2.67011772258694,"not",-2.09665550456839,"not",3.62889751899025,"not",2.26193265689901,"not"
"ENST00000837435",-2.04473691349158,"not",-3.2941485519715,"not",-1.69751757417622,"not",-2.41785370295679,"not",-11.2732078221459,"not",-14.5038366604429,"down",-14.312386663204,"down",-14.5687327003297,"down",-14.6214806849302,"down"
"ENST00000307271",0,"not",0,"not",0,"not",0,"not",6.8084124744446,"not",4.92323871928444,"not",1.68348374889371,"not",2.84343436664797,"not",0,"not"
"ENST00000476324",0,"not",0,"not",3.74720488095957,"not",0,"not",8.24005146814331,"not",4.35942183562664,"not",4.18536657933849,"not",2.33626396269627,"not",0,"not"
"ENST00000713700",0,"not",0,"not",0,"not",0,"not",0,"not",3.34023343391817,"not",5.2441582241237,"not",3.93184013301132,"not",4.21267061118474,"not"
"ENST00000713710",0,"not",0,"not",0,"not",0,"not",0,"not",5.50075558984729,"not",5.96956617125573,"not",4.55210328465623,"not",6.44428928304839,"not"
"ENST00000867736",-1.86552540047102,"not",1.54326523955606,"not",-1.99812036648788,"not",-5.86084656487601,"not",-22.3690138297729,"down",-27.8707453626479,"down",-27.4702654274792,"down",-28.1682432721157,"down",-28.1508525249208,"down"
"ENST00000953572",0,"not",0,"not",0,"not",0,"not",0,"not",0,"not",5.18248327247644,"not",6.9982363916141,"not",6.90379794848297,"not"
"ENST00000886845",0,"not",0,"not",2.57673917592242,"not",0,"not",0,"not",6.08869576395377,"not",6.27982804521873,"not",7.04197174173258,"not",6.6570683035056,"not"
"ENST00000886846",0,"not",0,"not",0,"not",0,"not",0,"not",6.56040000770812,"not",7.30068150266802,"not",6.72634517984277,"not",6.46316129545102,"not"
"ENST00000941571",0,"not",0,"not",0,"not",0,"not",0.636553998031336,"not",3.15521285070355,"not",5.01823685468775,"not",7.1805986167404,"not",0.606549071105186,"not"
"ENST00000530337",0,"not",0,"not",0,"not",0,"not",20.4608185227612,"up",17.4999847994698,"up",16.1682187694438,"up",17.2754348958961,"up",0,"not"
"ENST00000678242",0,"not",0,"not",0,"not",0,"not",10.5173291746007,"up",9.43959684802953,"up",8.46178570204366,"not",7.52035162691582,"not",7.35004904615951,"not"
"ENST00000524500",0,"not",0,"not",0,"not",0,"not",7.12430292922096,"not",2.22957139231225,"not",4.82282736785437,"not",0,"not",4.10031974250766,"not"
"ENST00000744516",0,"not",0,"not",0,"not",0,"not",0.445280077981962,"not",5.5428453741629,"not",6.23226138474282,"not",2.7354071509385,"not",5.25608960800679,"not"
"ENST00000641839",0,"not",0,"not",9.35831612980969,"not",0,"not",0,"not",5.43078702790404,"not",7.00322702827204,"not",5.12483919181595,"not",7.27215340149443,"not"
"ENST00000297488",3.69499146513567,"not",0,"not",1.23798995273412,"not",0,"not",3.94264100400589,"not",5.23879100653987,"not",6.01442704802307,"not",4.63945851619657,"not",3.96977915433404,"not"
"ENST00000929054",-0.968007470241312,"not",0.317232586439621,"not",-2.50982141114456,"not",-1.3031623078533,"not",-28.7476008214545,"down",-6.48828044481092,"not",-30,"down",-30,"down",-30,"down"
"ENST00000306385",-14.8818243203236,"not",-13.9583574059169,"not",6.84609402276595,"not",-20.0479140902701,"down",-18.6278981863442,"down",3.46999047130482,"not",4.05708595531231,"not",3.90618146991618,"not",3.94625024976224,"not"
"ENST00000520982",-1.68038064232875,"not",-1.12148640190916,"not",-3.20032694136066,"not",-3.68356436157142,"not",4.76197654013685,"not",5.14610561005474,"not",2.39390356289593,"not",5.05649734995615,"not",1.15896064648526,"not"
"ENST00000519952",0,"not",0,"not",0,"not",6.60069754103459,"not",0,"not",3.88712769072485,"not",4.00649940383498,"not",4.20286810361245,"not",4.3040967661271,"not"
"ENST00000904759",0,"not",0,"not",0,"not",1.8497558147815,"not",9.05455924707861,"not",5.967352768527,"not",5.04349499988303,"not",4.83309863234589,"not",2.49297905823924,"not"
"ENST00000950408",0,"not",0,"not",0,"not",0,"not",6.88222677290153,"not",4.83282590614416,"not",4.19487046677405,"not",1.26332418462803,"not",0.679145050407889,"not"
"ENST00000380871",0,"not",0,"not",0,"not",0,"not",10.9794405291945,"up",7.32073195407607,"up",6.72433388035162,"up",6.66901648425922,"up",6.36850829786041,"up"
"ENST00000325017",0,"not",0,"not",0,"not",0,"not",10.506979350774,"up",7.93408671716165,"up",8.19229052507762,"up",7.36786735585088,"up",7.32493425007055,"up"
"ENST00000836831",0,"not",0,"not",0,"not",0,"not",8.27951447174238,"not",5.03097256051783,"not",5.53231276905659,"not",4.01526406421542,"not",3.34224634617648,"not"
"ENST00000662066",0,"not",0,"not",0,"not",0,"not",8.02450362462965,"not",5.53141985899121,"not",6.02895016478506,"not",4.09267011611814,"not",5.22497857507279,"not"
"ENST00000265769",0,"not",0,"not",0,"not",0,"not",9.85631384662992,"up",6.23347474607413,"not",3.97660178661526,"not",3.15929494786008,"not",3.48338869736511,"not"
"ENST00000520448",0,"not",0,"not",0,"not",4.62479276496669,"not",9.45898360027529,"up",6.47895251159089,"not",7.16373706636296,"not",3.92017356345904,"not",2.31122365403819,"not"
"ENST00000884618",1.10517969346142,"not",3.06558730677395,"not",1.60481361283335,"not",-1.58615987664572,"not",-21.4103239049733,"down",-10.3577297231512,"down",-25.8467064608757,"down",-26.5081918735906,"down",-10.9763932029784,"down"
"ENST00000650919",0,"not",0,"not",0,"not",6.63063940105902,"not",7.4179178949024,"not",4.30422911302125,"not",4.15054449106174,"not",3.06066849316027,"not",0,"not"
"ENST00000287842",0,"not",0,"not",0,"not",3.33435846650726,"not",7.32491590292338,"not",5.03860177757247,"not",4.78704165145145,"not",4.39232316607418,"not",0,"not"
"ENST00000256261",-4.74859699107627,"not",-1.43478833004033,"not",-6.26855898347894,"not",-6.75180139309229,"not",-0.914906132521338,"not",-0.676448821237621,"not",0.62993737412727,"not",1.25696220013943,"not",0.588311594256051,"not"
"ENST00000854271",-7.0574099953252,"not",-6.49851188795828,"not",-8.57736681075154,"not",-9.06060757444576,"not",-8.62102199989342,"not",-2.3509205283867,"not",-1.34007008412157,"not",-1.60460039295496,"not",-1.60585618076227,"not"
"ENST00000853781",0,"not",18.3533866761167,"up",0,"not",16.0021706080844,"up",18.2196211254867,"up",14.7529442809923,"up",15.7651974315787,"up",15.2375136765106,"up",15.6399776867466,"up"
"ENST00000697121",-0.529829213675014,"not",-0.0421857824362314,"not",-2.54124573203711,"not",-2.58904888051892,"not",-4.25121636346426,"not",-5.96703456718585,"not",-29.6016673640833,"down",-13.2983758807301,"down",-30,"down"
"ENST00000887934",-2.75572720102076,"not",-6.30409421820441,"not",-8.38293442785636,"not",-2.60835714118033,"not",-8.42658930802769,"not",-2.76431309764724,"not",-3.7172866358821,"not",-2.10697646307233,"not",-2.86379266563972,"not"
"ENST00000353317",0,"not",0,"not",0,"not",0,"not",0,"not",6.08992153337909,"not",7.55267278070377,"not",8.00209815844839,"not",4.11971495149192,"not"
"ENST00000276573",-2.69011936672983,"not",-2.1312197885409,"not",-4.21008018214452,"not",-4.6933222175574,"not",6.63503387738154,"not",2.75539661528948,"not",1.05559057305097,"not",1.55137737440383,"not",0.990153770653843,"not"
"ENST00000315962",0,"not",0,"not",0,"not",0,"not",2.61569918509946,"not",6.72822126491059,"not",6.18412352150423,"not",1.83122191752615,"not",6.63294571260064,"not"
"ENST00000519840",-2.43952022540952,"not",-0.176736533202565,"not",-3.97498917919857,"not",-7.39248185016023,"down",-9.45501406922351,"down",-12.403006668335,"down",-14.068597198732,"down",-14.155522352624,"down",-18.3149135887683,"down"
"ENST00000674439",0,"not",19.2594431585127,"up",14.8380868470307,"up",16.336540119571,"up",19.0018866782084,"up",16.1520903632743,"up",16.266419841383,"up",15.1285039592115,"up",14.0775838062945,"up"
"ENST00000519075",5.93276938348393,"not",5.1381477361611,"not",-16.4323885853049,"down",6.66917358202829,"not",8.31492810126147,"up",5.8868186751015,"not",5.63423645658679,"not",3.92844413888185,"not",3.80185980156432,"not"
"ENST00000752019",0,"not",0,"not",0,"not",0,"not",0,"not",2.98954158221084,"not",4.2649040604049,"not",3.80022715152662,"not",5.3699631462592,"not"
"ENST00000523444",-0.0706913675529287,"not",0.619673793635818,"not",-2.27175321800928,"not",-4.95976582026079,"not",-4.40531243431053,"not",-28.4410922155895,"down",-7.79312522811174,"not",-28.441832790687,"down",-28.518326202147,"down"
"ENST00000884875",0,"not",4.83798910049616,"not",0,"not",0,"not",8.64447003195544,"not",5.85181402508513,"not",4.6047863876033,"not",0,"not",1.46969216264979,"not"
"ENST00000517566",0.75291458984306,"not",-0.883489118299089,"not",-6.09667968572683,"not",-6.57992086897279,"not",3.47254256304223,"not",1.3097717194548,"not",1.9624192886792,"not",-1.51325871393864,"not",-0.299481478467061,"not"
"ENST00000311955",-4.76218332999628,"not",-4.20328492118763,"not",-6.2821409652114,"not",-2.08229737892918,"not",-1.44868375150135,"not",-0.289016837671266,"not",2.4455819911834,"not",0.77638852898428,"not",0.100993623591237,"not"
"ENST00000522445",-26.1825334012122,"down",-25.9443227674032,"down",-26.4352877091728,"down",-2.30957859703639,"not",0.158156627196504,"not",-2.18450556546007,"not",-3.24646909889228,"not",-2.65498201828795,"not",-4.02595598620765,"not"
"ENST00000395571",0,"not",21.5133379699755,"up",18.5850355182916,"up",18.6491052973517,"up",21.0545664587834,"up",18.8385356847905,"up",18.9245852888564,"up",18.9876804927951,"up",18.6939420937686,"up"
"ENST00000853985",-0.237268188638587,"not",-1.41536970898403,"not",-4.85569436837624,"not",-1.32890427692488,"not",5.79847708414582,"not",3.1252617791349,"not",4.2710500200439,"not",3.17760617384587,"not",-4.57664420050202,"not"
"ENST00000696633",-0.579815421324995,"not",0.129587979012334,"not",-2.96296178056497,"not",-5.70735531913733,"down",-8.48747263870313,"down",-13.4146012556185,"down",-11.560348264545,"down",-11.9353723605601,"down",-13.7165019904023,"down"
"ENST00000357668",-0.609854374866838,"not",0.284099949209503,"not",-2.13857869113153,"not",-3.8456402964024,"not",-2.07987235119333,"not",-29.6912339387419,"down",-29.469967035421,"down",-30,"down",-29.8785700189821,"down"
"ENST00000521075",1.06251270672255,"not",2.58574589631479,"not",1.28619696259175,"not",-0.538242544770119,"not",-3.70553196768234,"not",-25.3047376642334,"down",-24.9170461001582,"down",-25.6385954274688,"down",-25.5873161952229,"down"
"ENST00000903091",0,"not",0,"not",0,"not",0,"not",0,"not",3.76539208360639,"not",0,"not",4.00322357202554,"not",4.06353303354195,"not"
"ENST00000398774",0,"not",0,"not",0,"not",0,"not",0,"not",0,"not",1.89004114987588,"not",4.7417945920422,"not",5.25928250218721,"not"
"ENST00000903896",0,"not",4.05624501008019,"not",2.24347930344163,"not",0,"not",3.99322578741703,"not",2.31133473883486,"not",7.89000491456276,"not",6.64649263968023,"not",5.32557009640893,"not"
"ENST00000903897",0,"not",0,"not",0,"not",0,"not",0,"not",0,"not",4.63011089390154,"not",3.36167045931447,"not",4.75011810481144,"not"
"ENST00000427623",0,"not",0,"not",0,"not",0,"not",0,"not",2.34056067252767,"not",2.30486647879538,"not",5.3609061003931,"not",4.86767211128488,"not"
"ENST00000889073",-1.75942031212675,"not",-1.88525225552585,"not",-4.15683123252855,"not",-6.01337193560389,"not",-2.0282920827308,"not",-15.0247865348236,"down",-14.7405880895609,"down",-30,"down",-14.2538390439268,"down"
"ENST00000380036",6.86079990480197,"not",0,"not",0,"not",0,"not",0,"not",7.17686542358412,"not",5.61451765882654,"not",5.04501037696596,"not",0.868932086858107,"not"
"ENST00000679800",2.00622768039907,"not",-0.543470009464989,"not",-3.64795045933028,"not",-4.52880541400206,"not",-22.3605067465333,"down",-9.57871318827135,"not",-26.7857813874844,"down",-27.5717256115693,"down",-27.423844004527,"down"
"ENST00000377988",0,"not",0,"not",4.10865608881957,"not",3.64371834650444,"not",0,"not",6.94754735385919,"not",6.69888604302262,"not",3.31569269761662,"not",4.31533515771829,"not"
"ENST00000920555",-1.20582925898101,"not",0.828345480794139,"not",-5.79785683240747,"not",-4.52863733336121,"not",-3.04713639062041,"not",-28.392350118491,"down",-28.1156659169779,"down",-28.6371509910028,"down",-28.5963823707183,"down"
"ENST00000541717",-0.547146518493243,"not",-0.420012677896387,"not",-1.929895216537,"not",-1.46142580292762,"not",-4.5169520823248,"not",-27.6127042366124,"down",-27.2900842397151,"down",-7.4637733196767,"not",-27.8542307814208,"down"
"ENST00000855349",-0.763978654568576,"not",-0.281769891328015,"not",-4.28485505035261,"not",-1.54568847377354,"not",-0.789084987884607,"not",-27.5730635032372,"down",-27.3396467767686,"down",-27.7666944424524,"down",-27.7420997923621,"down"
"ENST00000855353",0.487112954598575,"not",0.266225355353697,"not",-2.70610943276881,"not",-3.82977054345184,"not",-4.02664216196738,"not",-13.8521894453507,"down",-13.6607371166368,"down",-13.9170862755405,"down",-13.9698349025052,"down"
"ENST00000396396",5.0178605591468,"not",0,"not",0,"not",6.65330505032354,"not",10.0286485550713,"up",8.24549591553797,"up",8.57424412455122,"up",8.35313655935538,"up",8.36611377956802,"up"
"ENST00000257497",0,"not",20.1903389361049,"up",0,"not",0,"not",0,"not",0,"not",16.3393891324145,"up",17.4437896352454,"up",17.3654552262365,"up"
"ENST00000715875",-2.78963436858066,"not",-0.970831045546345,"not",-6.09479090198583,"not",-9.39964885309833,"not",-28.8381160473643,"down",-30,"down",-30,"down",-30,"down",-30,"down"
"ENST00000265284",-1.05461152532624,"not",0.831595102277207,"not",-2.21127877392191,"not",-6.67427273018992,"not",-23.6095351667351,"down",-29.2132480487668,"down",-28.838665992906,"down",-29.5580058612268,"down",-29.4925156261883,"down"
"ENST00000328788",0,"not",0,"not",0,"not",0,"not",3.49327105278336,"not",4.47330013473445,"not",5.30121322414041,"not",5.2944402172951,"not",4.9944646713195,"not"
"ENST00000325875",-0.463111472249278,"not",0.0777023144388206,"not",-3.04716356242719,"not",-2.78078827686172,"not",-3.73081379933883,"not",-29.801306909431,"down",-29.5108845210532,"down",-10.0989096348111,"down",-30,"down"
"ENST00000916389",-0.510715944147697,"not",1.72763084952148,"not",-1.89261175012973,"not",-1.39845542903938,"not",-25.6020780190848,"down",-6.43052379169695,"not",-29.3029243709343,"down",-29.9999928920009,"down",-15.7268761903771,"down"
"ENST00000677349",6.96554326523789,"not",0,"not",0,"not",0,"not",0,"not",4.19659941350989,"not",4.46968937856184,"not",2.31085021396052,"not",3.67466050259291,"not"
"ENST00000858567",3.16980046197928,"not",3.39919121044706,"not",0.159493491547304,"not",2.3918141068124,"not",-6.62109540971463,"not",-10.0307439464933,"not",-24.7337629524158,"down",-8.63337507416425,"not",-25.2604146752982,"down"
"ENST00000375512",0,"not",7.08525475377504,"not",0,"not",0,"not",0,"not",4.7498097212017,"not",4.09663357612982,"not",6.04800117044098,"not",6.35420789670143,"not"
"ENST00000427277",-1.14153673985625,"not",0.773798664176738,"not",-2.66149400265257,"not",0.515983376679772,"not",-2.70514920464352,"not",3.05128924539606,"not",6.29632744943326,"not",6.62285097555342,"not",5.4367303957518,"not"
"ENST00000395477",0,"not",0,"not",0,"not",0,"not",0,"not",6.22651645317307,"not",6.02249093317323,"not",3.22314471287386,"not",3.43184341207385,"not"
"ENST00000375123",4.12739315341563,"not",0,"not",0,"not",0,"not",0,"not",4.28023414081722,"not",1.55820730142722,"not",6.8341304023179,"not",5.04940393495287,"not"
"ENST00000259365",0,"not",0,"not",20.5703346002035,"up",0,"not",0,"not",18.6078818336457,"up",19.7603508717514,"up",19.80507091902,"up",20.1087456305261,"up"
"ENST00000951904",0,"not",19.0448302430636,"up",0,"not",0,"not",20.4012622192896,"up",13.0848569590344,"not",15.5079998123656,"up",11.5496615990435,"not",12.1228685139131,"not"
"ENST00000314527",-0.405491765896246,"not",-2.48459526653982,"not",-10.1446929428768,"down",-4.80813268501604,"not",-1.08707604840656,"not",-2.22674770502872,"not",-1.19937435136426,"not",-0.959457308574636,"not",-0.5505466321788,"not"
"ENST00000302798",-21.0109479139693,"down",-20.3453790099204,"down",-23.5534742956536,"down",-24.419465187783,"down",-23.6674046167527,"down",-0.482249061691691,"not",0.0762386358685375,"not",-0.538136069430328,"not",-0.419024151512698,"not"
"ENST00000705190",0,"not",0,"not",0,"not",0,"not",7.06310616376855,"not",7.96823118187747,"not",3.17270598352433,"not",-0.037211823994469,"not",0,"not"
"ENST00000537320",0,"not",0,"not",0,"not",7.9170946384019,"not",9.40992712197994,"not",6.69729693292991,"not",5.01246431958671,"not",1.85899689130039,"not",0,"not"
"ENST00000350763",-20.4891103696571,"down",-0.0769862416212555,"not",1.95386519741048,"not",5.27457678693622,"not",6.29313794726816,"up",3.36420782218591,"not",1.76790340173439,"not",0.553626016375711,"not",1.27718868109479,"not"
"ENST00000394353",0,"not",0,"not",0,"not",0,"not",0,"not",6.58322774506478,"not",4.56763106057234,"not",2.68291611867146,"not",7.88323780667635,"not"
"ENST00000373631",0,"not",0,"not",0,"not",19.1370602287759,"up",21.5149048032407,"up",19.8265760849884,"up",19.5794430048975,"up",16.5875793445288,"up",19.222340269148,"up"
"ENST00000896215",0,"not",0,"not",0,"not",19.4975077251879,"up",22.8251404798165,"up",18.7245447436275,"up",19.7116683019319,"up",19.1127756493107,"up",17.1856606258853,"up"
"ENST00000924541",1.88312314304056,"not",1.30726773872143,"not",2.14604057795622,"not",-5.11493915650497,"not",-1.07308659145522,"not",-29.1995114876498,"down",-28.8506738003625,"down",-29.6117653647782,"down",-29.4796808009051,"down"
"ENST00000415905",-0.769182164311095,"not",1.79429888878759,"not",-1.54027586827962,"not",-2.71182106147853,"not",-24.4503284122354,"down",-6.10718255672699,"not",-28.9303449666283,"down",-29.7496677809979,"down",-29.6196350396734,"down"
"ENST00000853883",0.142626956810187,"not",0.716790844695971,"not",-2.28992135893733,"not",-2.47870181663934,"not",-1.39399903109414,"not",-4.64444110234299,"not",2.39068512236509,"not",6.62135986467899,"up",-1.4312481563568,"not"
"ENST00000458362",0,"not",0,"not",6.38035000705962,"not",0,"not",0,"not",0,"not",4.52002093839046,"not",5.98301964399913,"not",6.20458224327103,"not"
"ENST00000958092",6.63573939339746,"not",1.99342204530944,"not",-18.9185456808878,"not",-20.0872956613821,"down",-19.1223331217745,"down",2.3524501947897,"not",1.57601481051881,"not",3.91144023563095,"not",1.49561017616394,"not"
"ENST00000371820",-16.8156569107144,"not",-17.1836524064226,"not",-17.3947876323651,"not",0.629655408360211,"not",-17.4870665678887,"down",-23.2287614829133,"down",0.407033864340174,"not",5.17160531850834,"not",4.68108761729758,"not"
"ENST00000406555",0,"not",0,"not",0,"not",0,"not",10.0249873181553,"not",6.26895977106629,"not",5.72803368724986,"not",5.20495258075601,"not",5.376776547872,"not"
"ENST00000893649",0,"not",0,"not",1.95736910694286,"not",0,"not",8.48927856163787,"not",6.14779883907673,"not",5.69381649665096,"not",5.57902519837464,"not",3.61141831974077,"not"
"ENST00000964281",2.18183140282767,"not",4.40822949647134,"not",-1.42551170714237,"not",1.02716944889075,"not",-23.2658553391145,"down",-5.72834728625282,"not",-25.9205116552495,"down",-26.4295626565243,"down",-26.3686336101858,"down"
"ENST00000337414",0,"not",0,"not",0,"not",0,"not",0,"not",7.2288459305718,"not",4.92445271821774,"not",2.51737308433398,"not",5.36586602698141,"not"
"ENST00000495242",0,"not",4.84191609420116,"not",0,"not",0,"not",0,"not",0,"not",5.00520596689453,"not",4.54058698974764,"not",4.47481083868207,"not"
"ENST00000398491",-2.28497609184123,"not",-1.0679418751533,"not",-4.14693144323841,"not",-5.85156281725994,"not",-5.21017956221613,"not",-11.4906654732191,"down",-29.3685150526611,"down",-9.40446200244844,"not",-30,"down"
"ENST00000380668",-1.97358668862285,"not",0.103297374285149,"not",-3.84385437472855,"not",-3.59503767235887,"not",-3.21067120440129,"not",-12.2562811586156,"down",-29.4926170367259,"down",-8.62954299871259,"down",-30,"down"
"ENST00000379494",0,"not",0,"not",0,"not",0,"not",0,"not",7.47005773487087,"not",8.29414692792329,"not",8.20020905513901,"not",8.24360033100177,"not"
"ENST00000867837",0,"not",0,"not",0,"not",0,"not",0,"not",4.1395799943557,"not",5.49737933543226,"not",5.82217857485459,"not",5.92799289459576,"not"
"ENST00000867838",0,"not",0,"not",0,"not",3.34514692661687,"not",5.14535947494168,"not",2.84023333188597,"not",5.45590643051141,"not",4.8973834781516,"not",6.21354314384731,"not"
"ENST00000682899",-2.35871792529771,"not",-1.79982777393187,"not",-3.87865310390344,"not",-4.36188698859057,"not",-3.92230767160694,"not",-7.152922932367,"not",-1.27239350982485,"not",1.732163197909,"not",3.77633419278136,"not"
"ENST00000338702",-23.4840903938568,"down",-22.7057275963793,"down",-24.7368536719633,"down",-25.0856256791679,"down",-24.7747300083919,"down",-2.84299744148172,"not",-3.02380931606605,"not",-4.28566394297546,"not",-4.38586784364386,"not"
"ENST00000398000",0,"not",0,"not",0,"not",2.26188472262322,"not",9.44530788102357,"up",5.97229250568075,"not",4.8208558685794,"not",2.57589241070124,"not",1.43214388267844,"not"
"ENST00000684689",0,"not",0,"not",0,"not",0,"not",0,"not",0,"not",5.76344619366528,"not",3.94935753204449,"not",4.29301831130965,"not"
"ENST00000443563",0,"not",0,"not",2.26027349451349,"not",0,"not",0,"not",0,"not",5.32401046125871,"not",5.11148166226337,"not",4.27067450828499,"not"
"ENST00000697389",4.50784524861921,"not",6.69014398173867,"not",0,"not",5.93249490852181,"not",0,"not",3.62931035751236,"not",4.5446277348313,"not",5.24230856770312,"not",5.76786680458173,"not"
"ENST00000887544",0,"not",0,"not",0,"not",0,"not",9.65048908712268,"not",5.39227999505356,"not",5.61453855215744,"not",0,"not",7.11389656135922,"not"
"ENST00000931794",0,"not",0,"not",0,"not",0,"not",8.34825028536671,"not",3.71452389568428,"not",4.74593425653795,"not",0,"not",4.82434763723542,"not"
"ENST00000374299",-0.571161006291068,"not",-0.949831041078878,"not",-3.81315574199817,"not",-4.39136441169665,"not",-5.3542310907695,"not",-29.6254920094038,"down",-29.346478885066,"down",-30,"down",-29.8581238409093,"down"
"ENST00000298085",-1.8693095131734,"not",-1.41144456458738,"not",-4.18518480834615,"not",-4.34692925203557,"not",-5.72666865267058,"not",-29.6896290862464,"down",-29.3819781632823,"down",-30,"down",-29.9231755899257,"down"
"ENST00000699749",-0.960616010191158,"not",-1.32796680899025,"not",1.94504463969287,"not",-3.6907718405954,"not",-23.2867974570578,"down",-27.0438041703463,"down",-26.761582264216,"down",-27.3222797632605,"down",-27.2557396868172,"down"
"ENST00000755579",-2.33996857939807,"not",-0.618589853018282,"not",-5.35289474324103,"not",-7.03498445491037,"not",-10.0133356279148,"down",-15.5240096004917,"down",-16.8953234742602,"down",-17.1516727770955,"down",-17.2044214336767,"down"
"ENST00000788121",-2.90809609967209,"not",-1.66341647797581,"not",-3.77372163039195,"not",-5.03121027215417,"not",-5.85042188627001,"not",-15.6635383612259,"down",-15.4720866556766,"down",-11.6468904966735,"down",-15.7811834354522,"down"
"ENST00000907101",-1.27925175550965,"not",-1.14193518592847,"not",-4.10603113138582,"not",-2.85238339975348,"not",-4.38503455005818,"not",-29.727003383888,"down",-29.3518933122234,"down",-11.1687776733073,"down",-30,"down"
"ENST00000372674",1.63113461030135,"not",0.690896879444416,"not",-3.44149944137397,"not",-2.71140528690993,"not",-10.375502078519,"not",-13.6061563022086,"down",-8.03085260987164,"not",-13.6710528520307,"down",-13.7238012511104,"down"
"ENST00000243298",0,"not",18.297798337444,"not",14.20706944081,"not",12.7390253701137,"not",0,"not",14.7936214547651,"not",15.2914484567955,"not",15.1198749079478,"not",14.9120980788255,"not"
"ENST00000538570",0,"not",0,"not",0,"not",18.916711855136,"up",19.3718285681745,"up",15.4693168950618,"up",14.2060595614351,"not",13.8723971274515,"not",13.7790865937546,"not"
"ENST00000913236",0,"not",0,"not",0,"not",19.221290171781,"up",19.8157083992857,"up",15.9864091515079,"up",14.2693026904625,"not",14.5348014535569,"not",14.7946448541054,"not"
"ENST00000851044",-0.577650920774658,"not",0.377066036473329,"not",-1.47707846078917,"not",-4.57100673696602,"down",-10.8185311872648,"down",-12.6653711347103,"down",-13.5394378831143,"down",-12.561496394456,"down",-12.0811804327729,"down"
"ENST00000674440",0.190169726079818,"not",-0.415585083527645,"not",-3.64559722909186,"not",-6.30703688285058,"down",-6.03820549803054,"down",-9.3961049043301,"down",-10.1321121310087,"down",-12.3503224972314,"down",-15.6717271353395,"down"
"ENST00000539310",16.0271386718454,"not",19.7392884971844,"up",0,"not",0,"not",0,"not",17.4488489268205,"up",17.383045587395,"up",15.7341907388705,"up",18.1126272896371,"up"
"ENST00000684880",6.55962417268452,"not",0,"not",0,"not",1.8638069382265,"not",0,"not",5.59067131950709,"not",3.71882237782723,"not",2.39600673339144,"not",3.20080306299301,"not"
"ENST00000370752",-21.9946278485858,"not",-21.1125122696179,"not",-23.7529375813069,"not",-24.3001112903182,"not",-23.81835531157,"not",-4.62409771132947,"not",-4.13055886471248,"not",-4.42416308662503,"not",-4.60995850599094,"not"
"ENST00000340888",0,"not",0,"not",0,"not",0,"not",0,"not",2.92547506097496,"not",0,"not",5.04455143372001,"not",5.2147621700697,"not"
"ENST00000164640",-1.83298972174245,"not",-0.182059376969135,"not",-1.81780163123779,"not",-2.89123608992923,"not",-5.63451883145526,"not",-29.6369533747163,"down",-29.3717189746831,"down",-30,"down",-29.8637373252649,"down"
"ENST00000361981",-0.694208253413222,"not",0.782066424181841,"not",0.122338216413311,"not",-4.43805573466461,"not",-26.5174435436185,"down",-29.3479180884841,"down",-29.0414815460828,"down",-29.7783766703187,"down",-29.6069782211513,"down"
"ENST00000907454",-0.734500137879372,"not",0.400160754058493,"not",-3.60561392855022,"not",-2.82482766897095,"not",-3.31622600958703,"not",-8.79167585494952,"down",-7.96281233958041,"down",-29.6937930670388,"down",-12.8405753884793,"down"
"ENST00000823889",-2.72858301206251,"not",-0.292654932243886,"not",-3.95474347383015,"not",-6.5466480997414,"not",-10.105815631126,"down",-16.0111914575867,"down",-15.8197388845466,"down",-16.076088370596,"down",-16.128837064877,"down"
"ENST00000686816",-3.31631136162614,"not",-0.689099551947205,"not",-4.89727832274941,"not",-6.84909820506488,"down",-12.0427043123648,"down",-14.2466040424061,"down",-17.2568535650274,"down",-14.2655028567828,"down",-17.5659522109472,"down"
"ENST00000701431",-2.88991298359105,"not",-2.04779252339809,"not",-3.25353996768786,"not",-5.88288276193863,"not",-12.3382982428615,"down",-15.5689503008772,"down",-13.9104028085618,"down",-14.3569769207524,"down",-15.6865951709155,"down"
"ENST00000848833",-3.65440664570419,"not",-2.73428185041261,"not",-5.2239526389591,"not",-6.17148407067584,"not",-11.5223317913494,"down",-13.2469230285149,"down",-14.6916928780891,"down",-13.728300205015,"down",-13.1020417972886,"down"
"ENST00000906489",-0.942717813457047,"not",-0.152970113080921,"not",-0.672040506217719,"not",-3.100792782341,"not",-5.86172168886861,"not",-9.93305813854044,"down",-13.9968421896733,"down",-14.2531911923912,"down",-14.3059397872177,"down"
"ENST00000381944",-0.314487831969828,"not",1.91201131069348,"not",1.20591918800606,"not",-2.06628599626097,"not",-24.644506192857,"down",-8.00236144530802,"not",-25.4766571867414,"down",-26.3079748004638,"down",-26.0563373487073,"down"
"ENST00000828622",-1.77872349224303,"not",-0.153050921667642,"not",-3.15946623504216,"not",-7.71758492977329,"not",-10.3262438945794,"not",-11.9307130596034,"down",-28.5276708017018,"down",-29.1153164119131,"down",-28.9050914593208,"down"
"ENST00000529446",1.72762647463423,"not",-0.151102236370728,"not",-4.62949756306181,"not",-5.89821793989456,"not",-11.953124539008,"down",-15.1837747147421,"down",-14.9923234530273,"down",-15.2486711832499,"down",-15.3014195162367,"down"
